video_id,theme,video_title,matched_terms,transcript_available,label_basis
dmICm1bLq2o,Central banking and monetary transmission,The Fed Is Fighting the Treasury Again. Last Time Inflation Hit 21%.,Fed,true,keyword suggestion; not transcript-verified
sP8pOFk2BVA,Central banking and monetary transmission,Warsh is Wrong About Inflation,Warsh,true,keyword suggestion; not transcript-verified
Hp_r0ZupzLs,Central banking and monetary transmission,Why Bonds are Crashing Because of Warsh,Warsh,true,keyword suggestion; not transcript-verified
OtGKYCt1JTE,Central banking and monetary transmission,How the Fed Will Pull Off the Impossible,Fed,true,keyword suggestion; not transcript-verified
IQ--1laVPFE,Central banking and monetary transmission,The Fed is About to Do QE Without Calling it QE,Fed; QE,true,keyword suggestion; not transcript-verified
DnrHytaj8JU,Central banking and monetary transmission,Warsh's Fed Unlike Anything We've Seen,Warsh; Fed,false,keyword suggestion; not transcript-verified
Pnc53kcOhLk,Central banking and monetary transmission,A New Era - Kevin Warsh Fed Chair,Warsh; Fed,false,keyword suggestion; not transcript-verified
tzk_p8XLQMQ,Central banking and monetary transmission,The Money Printer is Firing Up - But It’s Different This Time,Money Printer,true,keyword suggestion; not transcript-verified
syXsq1Wc0LE,Central banking and monetary transmission,The Iran War has the Fed Trapped,Fed,true,keyword suggestion; not transcript-verified
hq82ylM0U3w,Central banking and monetary transmission,The New Fed Chair’s Plan to Reduce the National Debt,Fed,true,keyword suggestion; not transcript-verified
96dDB3bgvJE,Central banking and monetary transmission,Kevin Warsh New Fed Chair will Change EVERYTHING,Warsh; Fed,true,keyword suggestion; not transcript-verified
QjBfdn1LHYM,Central banking and monetary transmission,A Recession (and bear market) Happens EVERY TIME the Fed Does This,Fed,true,keyword suggestion; not transcript-verified
1e7tOCb2EEg,Central banking and monetary transmission,"Fed ""Independence"" is Under Attack",Fed,true,keyword suggestion; not transcript-verified
4dPqbzvlP5k,Central banking and monetary transmission,The Fed Only Lasted 12 Days Before Restarting QE,Fed; QE,true,keyword suggestion; not transcript-verified
58vA8WGCYEE,Central banking and monetary transmission,The Real Reason the Fed Just Ended QT,Fed; QT,true,keyword suggestion; not transcript-verified
TfQ2gLDxF2c,Central banking and monetary transmission,The Fed Just Revealed Their Next Move,Fed,true,keyword suggestion; not transcript-verified
khD-YF81hmg,Central banking and monetary transmission,The Fed is Sacrificing the Housing Market to Bail Out the Government,Fed,true,keyword suggestion; not transcript-verified
NJ1yvpHFq20,Central banking and monetary transmission,It’s Not the Fed Who Actually Controls Interest Rates,Fed,true,keyword suggestion; not transcript-verified
SDzVzd6JVdg,Central banking and monetary transmission,The Fed Just Announced When QT Will End,Fed; QT,true,keyword suggestion; not transcript-verified
15W-VSiEo7o,Central banking and monetary transmission,The Rationale for Rate Cuts,Rate Cuts,true,keyword suggestion; not transcript-verified
GBfD94nsjZg,Central banking and monetary transmission,"Rate Cuts are a Distraction, Watch This Instead",Rate Cuts,true,keyword suggestion; not transcript-verified
Zo1I8fdGOgw,Central banking and monetary transmission,Did the Fed Just Abandon its 2% Inflation Target?,Fed,true,keyword suggestion; not transcript-verified
f-4mgodYiNg,Central banking and monetary transmission,The Real Reason Trump is Replacing Everyone at the Fed,Fed,true,keyword suggestion; not transcript-verified
0VJx-dqGfDY,Central banking and monetary transmission,What is the Optimal Money Supply?,Money Supply,true,keyword suggestion; not transcript-verified
yR5vOlc4to4,Central banking and monetary transmission,Cash Allocations at Record Low - but Money Supply at All-Time-High,Money Supply,true,keyword suggestion; not transcript-verified
7CeR81P9KsA,Central banking and monetary transmission,Now the Fed is Talking about Gold Revaluation,Fed,true,keyword suggestion; not transcript-verified
UDaAIXDQt2k,Central banking and monetary transmission,The Treasury’s Plan to Take Control of the Federal Reserve,Federal Reserve,true,keyword suggestion; not transcript-verified
YYHHoxJmjyk,Central banking and monetary transmission,Trump is Going to Fire Powell to Get Rates Lower (it won't work),Powell,true,keyword suggestion; not transcript-verified
eIjLTslfors,Central banking and monetary transmission,The Treasury General Account Refill will Force the Fed to Cut Rates and Restart QE,Fed; QE,true,keyword suggestion; not transcript-verified
SshDKNhXyS4,Central banking and monetary transmission,The Fed Just Bailed Out the Repo Market (First Time Since 2019),Fed,true,keyword suggestion; not transcript-verified
7xH92q0LmU4,Central banking and monetary transmission,The Plan to End the Fed’s Interest Payments on Reserves will Funnel Trillions into T-Bills,Fed,true,keyword suggestion; not transcript-verified
5ctER8xiAZA,Central banking and monetary transmission,Money Printing is Back - But it’s Not Coming From the Fed,Money Printing; Fed,true,keyword suggestion; not transcript-verified
I6xj_l3XQW8,Central banking and monetary transmission,The Fed is Stuck - Get Ready for QE,Fed; QE,true,keyword suggestion; not transcript-verified
k0URtbylwJk,Central banking and monetary transmission,"The Fed's ""Secret Third Mandate"" Exposes their True Agenda",Fed,true,keyword suggestion; not transcript-verified
ehm8hqOy4Fk,Central banking and monetary transmission,The Fed Isn’t Independent — Here’s Who Really Pulls the Strings,Fed,true,keyword suggestion; not transcript-verified
5QR8HkuRoog,Central banking and monetary transmission,Watch for the Fed to Bail Out the Bond Market Soon,Fed,true,keyword suggestion; not transcript-verified
q4LsbeEuYn0,Central banking and monetary transmission,The Fed Lost $77 Billion Last Year... And Counting,Fed,true,keyword suggestion; not transcript-verified
6alrdyTGzbA,Central banking and monetary transmission,How the Fed Causes the Boom and Bust Cycle,Fed,true,keyword suggestion; not transcript-verified
r4CoDnAINLg,Central banking and monetary transmission,Fed Issues Urgent Warning: Recession Next Month,Fed,true,keyword suggestion; not transcript-verified
xdpf34TyVI0,Central banking and monetary transmission,"A ""Gold Run"" May Have Begun at the Bank of England",Bank of England,true,keyword suggestion; not transcript-verified
QexagT5HlPY,Central banking and monetary transmission,The Fed Pause is Here,Fed,true,keyword suggestion; not transcript-verified
Can_5smdMt4,Central banking and monetary transmission,Central Banks are Selling US Treasuries and Buying Gold Instead,Central Banks,true,keyword suggestion; not transcript-verified
O3QZAMwTlAY,Central banking and monetary transmission,How the Fed Flipped the Yield Curve (and the consequences),Fed,true,keyword suggestion; not transcript-verified
bqukrHuNHvE,Central banking and monetary transmission,The Fed Will End Quantitative Tightening This Year,Fed,true,keyword suggestion; not transcript-verified
iK4fxO0FZbg,Central banking and monetary transmission,The Fed's Hidden Move just Ended the Reverse Repo Facility,Fed,true,keyword suggestion; not transcript-verified
XIfI9Zw5VoU,Central banking and monetary transmission,Why the Fed is Cutting Rates into Rising Inflation,Fed,true,keyword suggestion; not transcript-verified
WvwZLrFlz0U,Central banking and monetary transmission,How Trump May Try to do QE Without The Fed,QE; Fed,true,keyword suggestion; not transcript-verified
7iXpydiWdg4,Central banking and monetary transmission,Trump vs Powell: Bad Blood and the Coming Fight Over Monetary Policy,Powell; Monetary,true,keyword suggestion; not transcript-verified
wv-XDhpoR7w,Central banking and monetary transmission,Why the Fed Cuts are Causing Interest Rates to RISE Instead,Fed,true,keyword suggestion; not transcript-verified
Zht9RB8U2-I,Central banking and monetary transmission,"China, the Fed, and the Middle East War - ALL Pushing Prices Higher",Fed,true,keyword suggestion; not transcript-verified
6BJqzvvpkJw,Central banking and monetary transmission,The Fed Hasn't Done This Since '08... and '01,Fed,true,keyword suggestion; not transcript-verified
KYMLu7stxu8,Central banking and monetary transmission,Why Fed Rate Cuts will Trigger a Recession,Fed; Rate Cuts,true,keyword suggestion; not transcript-verified
1WwfdOaINUM,Central banking and monetary transmission,How a Fed Cut will Send Rates Soaring Higher Instead,Fed,true,keyword suggestion; not transcript-verified
m6hq3ZOkC1o,Central banking and monetary transmission,The Fed Will Cut Rates - Then Hike MUCH Higher,Fed,true,keyword suggestion; not transcript-verified
nkxAxG2RzN0,Central banking and monetary transmission,"How the Fed ""Prints Money"" in Secret Without QE",Fed; Prints Money; QE,true,keyword suggestion; not transcript-verified
izoLanD-KC4,Central banking and monetary transmission,Why Does the US Borrow and Tax when it can Print Money?,Print Money,true,keyword suggestion; not transcript-verified
6ZQFEna0iV4,Central banking and monetary transmission,The Real Reason the Fed Exists Today,Fed,true,keyword suggestion; not transcript-verified
bo9xrxkbXAg,Central banking and monetary transmission,The Fed's Plan to Restart QE - But This Time through Banks,Fed; QE,true,keyword suggestion; not transcript-verified
fsI6rbvR9SI,Central banking and monetary transmission,Why the Money Supply is GROWING Again,Money Supply,true,keyword suggestion; not transcript-verified
wiPn05mIMUY,Central banking and monetary transmission,How a Fed Pivot will Push Interest Rates HIGHER,Fed,true,keyword suggestion; not transcript-verified
-Ttf7LDhD9U,Central banking and monetary transmission,Why the Fed’s Bank Bailout Facility is Blowing Up Right Now,Fed,true,keyword suggestion; not transcript-verified
JV0Tu_DRfPQ,Central banking and monetary transmission,The Money Supply is Collapsing at Fastest Rate since Great Depression,Money Supply,true,keyword suggestion; not transcript-verified
gkbz-ti_214,Central banking and monetary transmission,How the Fed is Losing Control over Markets,Fed,true,keyword suggestion; not transcript-verified
LcJ6_-w2DAA,Central banking and monetary transmission,Did the Fed Just Announce the Pivot?,Fed,true,keyword suggestion; not transcript-verified
degoImpgrqQ,Central banking and monetary transmission,The Fed’s Rate Cut Plan for 2024 Revealed,Fed; Rate Cut,true,keyword suggestion; not transcript-verified
jARcZIZcPfo,Central banking and monetary transmission,How Deficits Overpower the Fed's Fight against Inflation,Fed,true,keyword suggestion; not transcript-verified
YrIMhY8PYFk,Central banking and monetary transmission,The Fed is Fighting Inflation... by Printing Money??,Fed; Printing Money,true,keyword suggestion; not transcript-verified
p_MxgJ_kcTg,Central banking and monetary transmission,Fed Report Warns More Banks at Risk of Failure,Fed,true,keyword suggestion; not transcript-verified
DKvQj2Fq4MU,Central banking and monetary transmission,Where Inflation is Headed - and What the Fed Plans to Do About It,Fed,true,keyword suggestion; not transcript-verified
d-j2WqcCghc,Central banking and monetary transmission,The Fed's Final Rate Hike,Fed; Rate Hike,true,keyword suggestion; not transcript-verified
Mmm0-mluWU4,Central banking and monetary transmission,The Fed is Finally Unleashing their $2.1 Trillion Secret Weapon | Reverse Repo,Fed,true,keyword suggestion; not transcript-verified
UmMxQUSY6Gk,Central banking and monetary transmission,The Fed's Shocking Statement Reveals What Comes Next,Fed,true,keyword suggestion; not transcript-verified
t9aNCGMU3Kc,Central banking and monetary transmission,How the Fed Plans to Kill Capitalism (or what’s left of it),Fed,true,keyword suggestion; not transcript-verified
VCT8IE-wzJA,Central banking and monetary transmission,The Fed's Final Rate Hike,Fed; Rate Hike,true,keyword suggestion; not transcript-verified
it1cU2mayeU,Central banking and monetary transmission,Who Really Owns the Federal Reserve,Federal Reserve,true,keyword suggestion; not transcript-verified
dPODhNsVVRk,Central banking and monetary transmission,Central Bank Digital Currencies are Officially Here,Central Bank,true,keyword suggestion; not transcript-verified
1isLwFRD8dI,Central banking and monetary transmission,Central Banks are Preparing for a Global Sovereign Debt Crisis,Central Banks,true,keyword suggestion; not transcript-verified
6SGu1P_hx3I,Central banking and monetary transmission,The Fed is Playing a Dangerous Game of Chicken with the Market,Fed,true,keyword suggestion; not transcript-verified
j6gOk7W_pEo,Central banking and monetary transmission,Why the Fed's Balance Sheet is Suddenly Exploding Again,Fed,true,keyword suggestion; not transcript-verified
9o3lIKbw9pM,Central banking and monetary transmission,Why We Need the Fed,Fed,true,keyword suggestion; not transcript-verified
Mmz-MBmDREI,Central banking and monetary transmission,The Truth About Rate Hikes,Rate Hikes,true,keyword suggestion; not transcript-verified
QhqStRFveKs,Central banking and monetary transmission,Money Supply Declining at Fastest Pace in History,Money Supply,true,keyword suggestion; not transcript-verified
z1aO-SOjIBI,Central banking and monetary transmission,BIS Issues a Warning to Central Banks about Inflation,Central Banks,true,keyword suggestion; not transcript-verified
_QAkINeaP2E,Central banking and monetary transmission,New BOJ Leadership Hints at Future of Monetary Policy,Monetary,true,keyword suggestion; not transcript-verified
eeIt3rUKLYU,Central banking and monetary transmission,Fed Now Expects Deep Recession Needed to Beat Inflation,Fed,true,keyword suggestion; not transcript-verified
G2G1JyfhGq0,Central banking and monetary transmission,"The Fed is Bankrupt, But Does it Matter?",Fed,true,keyword suggestion; not transcript-verified
N2OcFPXd2BE,Central banking and monetary transmission,The Fed is Lying About the Jobs Market,Fed,true,keyword suggestion; not transcript-verified
kL_cxaABhnc,Central banking and monetary transmission,The Difference Between Fed Printing and Gov Borrowing,Fed,true,keyword suggestion; not transcript-verified
RRwWj0W6t2g,Central banking and monetary transmission,Bank of England Begins Stage One CBDC,Bank of England,true,keyword suggestion; not transcript-verified
byUdEJ_Sxq0,Central banking and monetary transmission,The Fed's Secret Plan to Confiscate Gold from the Very Beginning,Fed,true,keyword suggestion; not transcript-verified
EOVuhGeWAws,Central banking and monetary transmission,Fed Decision Today: No Pivot Until Economy Collapses,Fed,true,keyword suggestion; not transcript-verified
M4v7H16yJKo,Central banking and monetary transmission,How the Fed is Destroying the Middle Class,Fed,true,keyword suggestion; not transcript-verified
gYL3JRk1HsU,Central banking and monetary transmission,"Japan YCC Holds, but for How Long?",YCC,true,keyword suggestion; not transcript-verified
wlfY49Qj4jQ,Central banking and monetary transmission,Traditional Portfolios Won't Work in This New Monetary Cycle,Monetary,true,keyword suggestion; not transcript-verified
rMlFA7ZhNjU,Central banking and monetary transmission,Powell Defends Fed Independence and Rejects Climate Change Policy,Powell; Fed,true,keyword suggestion; not transcript-verified
WlRu4kpdKI8,Central banking and monetary transmission,Swiss Central Bank Just Posted its Largest Loss in History,Central Bank,true,keyword suggestion; not transcript-verified
l2QYI3Wflzw,Central banking and monetary transmission,Central Banks Haven't Done This Since Before 1971,Central Banks,true,keyword suggestion; not transcript-verified
wgt2799EkkY,Central banking and monetary transmission,Japan Shocks Market with Surprise Rate Hike,Rate Hike,true,keyword suggestion; not transcript-verified
bVCkeaJTXUM,Central banking and monetary transmission,The Fed Just Admitted Jobs Data Not Real,Fed,true,keyword suggestion; not transcript-verified
QxTNzqCAX6w,Central banking and monetary transmission,"Fed JUST Said ""No Pivot Until 2024""",Fed,true,keyword suggestion; not transcript-verified
LCrFdLJW6rw,Central banking and monetary transmission,The Fed is About to Start Victory Laps as Inflation Cools Slightly,Fed,true,keyword suggestion; not transcript-verified
tpBMz6sp3gA,Central banking and monetary transmission,Ex Fed Insider Sees Gold Doubling,Fed,true,keyword suggestion; not transcript-verified
Y92ORshcZzU,Central banking and monetary transmission,Is QT Actually Inflationary? (Fed Paying Banks Billions),QT; Fed,true,keyword suggestion; not transcript-verified
OkzKDIi34IE,Central banking and monetary transmission,Powell Just Outlined the Fed’s Next Moves,Powell; Fed,true,keyword suggestion; not transcript-verified
zy28rsQaVUM,Central banking and monetary transmission,"Fed Panic Blitzes Media, Clueless About Inflation",Fed,true,keyword suggestion; not transcript-verified
W9fgUNe3D_o,Central banking and monetary transmission,The Fed is About to Light Gold on Fire,Fed,true,keyword suggestion; not transcript-verified
4xKDRi1Bmpc,Central banking and monetary transmission,"Harvard Tells Central Banks: ""Hedge Against US Sanctions""",Central Banks,true,keyword suggestion; not transcript-verified
SM0q1fFtI5w,Central banking and monetary transmission,"Mainstream Finally Admits QE was ""Colossal Failure""",QE,true,keyword suggestion; not transcript-verified
FblXQ7qa-B4,Central banking and monetary transmission,Are Central Banks Planning a Gold Revaluation?,Central Banks,true,keyword suggestion; not transcript-verified
l8HGRvkc0pA,Central banking and monetary transmission,The Fed Just Launched the Digital Dollar,Fed,true,keyword suggestion; not transcript-verified
jn1eZCNBtWQ,Central banking and monetary transmission,"Producer Price Inflation Declined, Fed to Pivot Soon?",Fed,true,keyword suggestion; not transcript-verified
zRtSUX0qpYM,Central banking and monetary transmission,Record High Gold Buying from Mystery Central Bank,Central Bank,true,keyword suggestion; not transcript-verified
HW8wWt3fj4k,Central banking and monetary transmission,What the Fed JUST Said - This Change is KEY,Fed,true,keyword suggestion; not transcript-verified
fbefA7-zRK0,Central banking and monetary transmission,The Fed is Hemorrhaging Billions of Dollars,Fed,true,keyword suggestion; not transcript-verified
rmiReNSEids,Central banking and monetary transmission,Yellen Wants a Second Central Bank,Central Bank,true,keyword suggestion; not transcript-verified
fV21VMfhFiQ,Central banking and monetary transmission,Why Did Switzerland Just Get $6 BILLION From the Fed,Fed,true,keyword suggestion; not transcript-verified
mCRUu__KgsA,Central banking and monetary transmission,The Bank of England Bailout Just Got Bigger,Bank of England,true,keyword suggestion; not transcript-verified
JRgwoDcvz80,Central banking and monetary transmission,"UN Just Warned the Fed: ""Pivot, Before it's Too Late""",Fed,true,keyword suggestion; not transcript-verified
V0xiY1W92nc,Central banking and monetary transmission,Did the Fed Start its Backdoor Bailout with Reverse Repo?,Fed,true,keyword suggestion; not transcript-verified
acOAsh6MYX8,Central banking and monetary transmission,Will the Fed Capitulate and Restart QE Soon?,Fed; QE,true,keyword suggestion; not transcript-verified
8Azty0-3qok,Central banking and monetary transmission,Is the Fed Using Repo Market to Secretly Help Japan Dump Treasuries?,Fed,true,keyword suggestion; not transcript-verified
Z6iCNsQmR3Y,Central banking and monetary transmission,How Many More Rate Hikes can US Gov Afford?,Rate Hikes,true,keyword suggestion; not transcript-verified
xgfirGWl39Y,Central banking and monetary transmission,Powell the new Volcker? Rates Hiked Again,Powell; Volcker; Rates Hiked,true,keyword suggestion; not transcript-verified
1HEXcFaTskE,Central banking and monetary transmission,Brace for Fed Impact: August Inflation Worse than Expected,Fed,true,keyword suggestion; not transcript-verified
KjdPd5ScE-U,Central banking and monetary transmission,The Fed Vows to Sacrifice YOUR Job in Fight Against Inflation,Fed,true,keyword suggestion; not transcript-verified
8my3wSVW6l8,Central banking and monetary transmission,What is a Central Bank Digital Currency? Explained Simply,Central Bank,true,keyword suggestion; not transcript-verified
2rLYkvFYqnE,Central banking and monetary transmission,It's Time to End the Fed | Here's How,Fed,true,keyword suggestion; not transcript-verified
YzJjYVZowPI,Central banking and monetary transmission,The Fed Just Announced CBDC Launch 2023,Fed,true,keyword suggestion; not transcript-verified
JQrl5QZs2oc,Central banking and monetary transmission,Fed President Just DESTROYED Argument for CBDC,Fed,true,keyword suggestion; not transcript-verified
YUkzWwzsbII,Central banking and monetary transmission,The Fed Just Got the Green Light to Tighten Even Harder,Fed,true,keyword suggestion; not transcript-verified
8gh4xp4pS_o,Central banking and monetary transmission,After 3 Years the Fed is Undoing its Repo Market Bailout,Fed,true,keyword suggestion; not transcript-verified
9FdI9N9DNvE,Central banking and monetary transmission,Why QT Causes Stocks to Drop Explained,QT,true,keyword suggestion; not transcript-verified
qMSA1r6XbNg,Central banking and monetary transmission,The Fed Wants to Bankrupt Households and Crash the Markets,Fed,true,keyword suggestion; not transcript-verified
B9KoZrouVW4,Central banking and monetary transmission,Can the Fed Fight Inflation with Negative Real Rates?,Fed,true,keyword suggestion; not transcript-verified
gvL6pBs5spg,Central banking and monetary transmission,The Fed Will Stop Inflation by Starting a Depression,Fed,true,keyword suggestion; not transcript-verified
w1LGEaMfTzs,Central banking and monetary transmission,Fed Expert Believes We are Already in WW3,Fed,true,keyword suggestion; not transcript-verified
hrH3m2ePg-Q,Central banking and monetary transmission,Powell Just Gave the First Signs of Future Pivot,Powell,true,keyword suggestion; not transcript-verified
HatEUMdsO0s,Central banking and monetary transmission,Can the Federal Reserve Go Bankrupt?,Federal Reserve,true,keyword suggestion; not transcript-verified
mMsotYJiiSk,Central banking and monetary transmission,The Fed Pivot - Why It's Different This Time,Fed,true,keyword suggestion; not transcript-verified
9ri47OhJwQM,Central banking and monetary transmission,June Inflation Record Will Push Overcorrection from Fed,Fed,true,keyword suggestion; not transcript-verified
nVyPRgh3tIo,Central banking and monetary transmission,Fed will CRUSH the Economy to Fight Inflation,Fed,true,keyword suggestion; not transcript-verified
XiKG2dNg3XQ,Central banking and monetary transmission,Central Banks Warn of New Era of High Inflation,Central Banks,true,keyword suggestion; not transcript-verified
UJ8GqCG3rM8,Central banking and monetary transmission,Fed Just Admitted We Are Likely Already In a Recession,Fed,true,keyword suggestion; not transcript-verified
-d3gaJ6FHxQ,Central banking and monetary transmission,New Fed Survey Shows Business Activity Crashing,Fed,true,keyword suggestion; not transcript-verified
p1Jkkfd8jHM,Central banking and monetary transmission,Is The Fed Already Warning of Reversing Course?,Fed,true,keyword suggestion; not transcript-verified
rLEfTMPN_OI,Central banking and monetary transmission,Breaking News: Fed Hikes Rates by Most In 28 Years,Fed,true,keyword suggestion; not transcript-verified
unPzOaI6d1E,Central banking and monetary transmission,Markets In Turmoil  - What Will The Fed Do,Fed,true,keyword suggestion; not transcript-verified
NOxEN1sotO8,Central banking and monetary transmission,Fed's Tightening Will Test Market Stability,Fed,true,keyword suggestion; not transcript-verified
q95ZOXnPO-o,Central banking and monetary transmission,"Bernanke says ""Fed Made Mistake Fighting Inflation""",Fed,true,keyword suggestion; not transcript-verified
RA5w_61DVSY,Central banking and monetary transmission,The Fed Just Did Biggest Rate Hike in 2 Decades,Fed; Rate Hike,true,keyword suggestion; not transcript-verified
Wb-VyVRw1W4,Central banking and monetary transmission,Larry Summers says Soft Landing Impossible for the Fed,Fed,true,keyword suggestion; not transcript-verified
KYFW0G6xf68,Central banking and monetary transmission,The Fed is Crashing the Economy (so it can Rescue it Again),Fed,true,keyword suggestion; not transcript-verified
spoAsmH5Dio,Central banking and monetary transmission,Fed Warns Commodities Pose 'Macroeconomic Risk',Fed,true,keyword suggestion; not transcript-verified
pRMN-WICvRM,Central banking and monetary transmission,The Fed Still Hasn't Fired their Secret Weapon,Fed,true,keyword suggestion; not transcript-verified
7LWL-GQhuHk,Central banking and monetary transmission,Fed to Shrink Balance Sheet by $95 Billion per Month,Fed,true,keyword suggestion; not transcript-verified
rZQ9OH7bi5M,Central banking and monetary transmission,"Fed to Crash the Markets with ""Rapid"" Balance Sheet Reduction",Fed,true,keyword suggestion; not transcript-verified
ZWiIblScaE8,Central banking and monetary transmission,Why the Fed is Jawboning about Aggressive Tightening,Fed,true,keyword suggestion; not transcript-verified
Pq9dJ-Mm3ME,Central banking and monetary transmission,Why is the Fed's Balance Sheet Still Growing?,Fed,true,keyword suggestion; not transcript-verified
yiJ7VqA2e_c,Central banking and monetary transmission,Full Lecture on The History of Different Monetary Systems and How it Changes Economies,Monetary,true,keyword suggestion; not transcript-verified
ng-6NBexwAA,Central banking and monetary transmission,The Fed Thinks You're an Idiot,Fed,true,keyword suggestion; not transcript-verified
e0QtaNima4A,Central banking and monetary transmission,How the Fed can Hike Rates without Risking National Debt Default,Fed,true,keyword suggestion; not transcript-verified
uULNAKEkxNg,Central banking and monetary transmission,The Fed Hiked Rates for the First Time since 2018,Fed,true,keyword suggestion; not transcript-verified
E9qCgGXUp4Q,Central banking and monetary transmission,"Powell to Congress: ""Rate Hikes Coming Despite Ukraine Invasion""",Powell; Rate Hikes,true,keyword suggestion; not transcript-verified
JSdc36LrfbQ,Central banking and monetary transmission,Central Bank Digital Currencies: How Freedom Dies,Central Bank,true,keyword suggestion; not transcript-verified
5lyfhZFU8j4,Central banking and monetary transmission,Fed Taper Tease? Balance Sheet Update,Fed,true,keyword suggestion; not transcript-verified
kwnAqVtKa0U,Central banking and monetary transmission,Fed to Stress Test Banks with Turmoil in Debt Markets,Fed,true,keyword suggestion; not transcript-verified
37jwOzXXEnk,Central banking and monetary transmission,FOMC Minutes Reveals Fed Bait-and-Switch on Rate Hikes,FOMC; Fed; Rate Hikes,true,keyword suggestion; not transcript-verified
IjPyT51I-sQ,Central banking and monetary transmission,"Fed President Admits ""Our Credibility is On the Line""",Fed,true,keyword suggestion; not transcript-verified
tR-STdXxDdU,Central banking and monetary transmission,Rate Hikes are Bullish for Precious Metals? with WallStreetSilver,Rate Hikes,true,keyword suggestion; not transcript-verified
IAwBUh3qkEU,Central banking and monetary transmission,Market Pricing in 6-7 Rate Hikes this Year,Rate Hikes,true,keyword suggestion; not transcript-verified
ovKFqf3YQkU,Central banking and monetary transmission,Fed Deleted Gold Data from FRED Database,Fed,true,keyword suggestion; not transcript-verified
XpxxUCPkuZo,Central banking and monetary transmission,Jobs Surprise Seals the Deal on Fed Taper and Rates,Fed,true,keyword suggestion; not transcript-verified
7H9br2Feaes,Central banking and monetary transmission,The Fed will Lose Control w/ Shawn Khunkhun Dolly Varden Silver,Fed,true,keyword suggestion; not transcript-verified
r9TF5s939xw,Central banking and monetary transmission,New Inflation Records put Pressure on Fed to Raise Rates,Fed,true,keyword suggestion; not transcript-verified
Y4WCAAU5Kq8,Central banking and monetary transmission,Powell Says Jobs Market is Strong Enough to Fight Inflation,Powell,true,keyword suggestion; not transcript-verified
cqCFEkOlAtI,Central banking and monetary transmission,"Fed to Finish the Taper in Early March, then Raise Rates",Fed,true,keyword suggestion; not transcript-verified
74p3LDFvhVs,Central banking and monetary transmission,This Fed Meeting is Most Important since March 2020,Fed,true,keyword suggestion; not transcript-verified
YPVODY4DyQ4,Central banking and monetary transmission,Fed Just Released 35-page Paper on a FedCoin CBDC,Fed,true,keyword suggestion; not transcript-verified
PBaH920_epk,Central banking and monetary transmission,"Japan Signals ""No End in Sight"" for Money Printer",Money Printer,true,keyword suggestion; not transcript-verified
-ff6m0ztf0k,Central banking and monetary transmission,The Fed Will Buy Stocks Next Crash,Fed,true,keyword suggestion; not transcript-verified
62yI24jlS0g,Central banking and monetary transmission,What TRUE Money Supply Growth is Telling Us,Money Supply,true,keyword suggestion; not transcript-verified
rBCk_UWVLVE,Central banking and monetary transmission,"Powell Testifies Before Congress, will Fight Inflation (and crash economy)",Powell,true,keyword suggestion; not transcript-verified
4lbuV4VVYr0,Central banking and monetary transmission,The Fed’s $1.5 Trillion Secret Weapon to Fight Rising Interest Rates,Fed,true,keyword suggestion; not transcript-verified
p_AWo4KLH3A,Central banking and monetary transmission,Explaining The Fed to My 5 Year Old,Fed,true,keyword suggestion; not transcript-verified
em5LaoMN9L8,Central banking and monetary transmission,Fed Minutes Reveal Balance Sheet REDUCTION Soon,Fed,true,keyword suggestion; not transcript-verified
TceFtAKb9JA,Central banking and monetary transmission,The Truth About the Fed's Taper (already done?),Fed,true,keyword suggestion; not transcript-verified
WJ1Gg1vYu3g,Central banking and monetary transmission,"The Fed Just SPED UP the Taper, Ignoring the Risks",Fed,true,keyword suggestion; not transcript-verified
uuEi-8GbyEI,Central banking and monetary transmission,How the Fed Helps Insiders Get Out at the Top,Fed,true,keyword suggestion; not transcript-verified
yO-xDytsv6o,Central banking and monetary transmission,What's With this Strange Spike in M1 Money Supply?,Money Supply,true,keyword suggestion; not transcript-verified
P-T0w5-BJ8k,Central banking and monetary transmission,QE isn't Money Printing?,QE; Money Printing,true,keyword suggestion; not transcript-verified
b8ElD1KktWw,Central banking and monetary transmission,Why Another Volcker Can't Save Us This Time,Volcker,true,keyword suggestion; not transcript-verified
UcWqgYrKnno,Central banking and monetary transmission,"Fed Launches ""Innovation Center"" to Research CBDCs",Fed,true,keyword suggestion; not transcript-verified
t4v1uFH7K-g,Central banking and monetary transmission,How Money Printing Undermines Production,Money Printing,true,keyword suggestion; not transcript-verified
1J_JU8Iu1OM,Central banking and monetary transmission,Powell Signals FASTER Taper to Fight Inflation,Powell,true,keyword suggestion; not transcript-verified
PtSt2EN_LjE,Central banking and monetary transmission,"The Fed Just got Cornered by ""Shocking"" Jobless Claims",Fed,true,keyword suggestion; not transcript-verified
FIe9sJCNi7U,Central banking and monetary transmission,"Is the Fed's Taper Even Real? MINIMUM Purchase, No Limit...",Fed,false,keyword suggestion; not transcript-verified
k1oJ1pCoUjw,Central banking and monetary transmission,Biden Picks Powell for Second Term | What You Need to Know,Powell,true,keyword suggestion; not transcript-verified
mjlsVdt1SKg,Central banking and monetary transmission,Does QE Actually Cause Inequality?,QE,true,keyword suggestion; not transcript-verified
uKvxbii58DE,Central banking and monetary transmission,Money Velocity Debunked,Money Velocity,true,keyword suggestion; not transcript-verified
_lMXAX7WXbs,Central banking and monetary transmission,INSANE Proposal to Let the Fed DELETE Your Money and SHORT Stocks,Fed,true,keyword suggestion; not transcript-verified
6InGALCVKIk,Central banking and monetary transmission,"AND... It Begins. The Fed Starts the Taper, Sets Off Countdown to Crash",Fed,true,keyword suggestion; not transcript-verified
RxuBlVrEgQY,Central banking and monetary transmission,How the Fed will Trigger a Market Crash in 2022,Fed,false,keyword suggestion; not transcript-verified
bZAbq_WDJPY,Central banking and monetary transmission,The Plan to Overturn the Leadership at the Fed,Fed,false,keyword suggestion; not transcript-verified
VLulrc235nY,Central banking and monetary transmission,"China Bans ALL Crypto, Gives Glimpse into Future Global Monetary System",Monetary,false,keyword suggestion; not transcript-verified
r2DiBbR4YaA,Central banking and monetary transmission,Fed Tells Markets ‘Get Ready for Taper’,Fed,false,keyword suggestion; not transcript-verified
-P57plubTk8,Central banking and monetary transmission,Ethics Review of Fed Officials Reveals Conflict of Interest Investments,Fed,false,keyword suggestion; not transcript-verified
mFiXcCY3Mak,Central banking and monetary transmission,The Fed's Plan for US Government Debt Default,Fed,false,keyword suggestion; not transcript-verified
FPZuFDgtV1M,Central banking and monetary transmission,Huge Jobs Miss Means No Fed Taper,Fed,false,keyword suggestion; not transcript-verified
TcJwaUy_L2E,Central banking and monetary transmission,The Federal Reserve's Political Independence Explained,Federal Reserve,false,keyword suggestion; not transcript-verified
BsKHwy8k6Dg,Central banking and monetary transmission,The Fed Just Sent Markets Soaring,Fed,false,keyword suggestion; not transcript-verified
ViX1GQyO9bE,Central banking and monetary transmission,What to Expect if the Fed Tries to Taper,Fed,false,keyword suggestion; not transcript-verified
-jhuVhBf9F4,Central banking and monetary transmission,Consumer Sentiment Drop Exposes Fed Cannot Taper,Fed,false,keyword suggestion; not transcript-verified
wBBDuzBFM6s,Central banking and monetary transmission,"The Ancient Monetary Systems behind Fiat, Bitcoin, and Gold",Monetary,false,keyword suggestion; not transcript-verified
D8W52Mf64sU,Central banking and monetary transmission,Why the Fed's New Standing Repo Facilities are a Big Deal,Fed,false,keyword suggestion; not transcript-verified
f9rNeDbBcE4,Central banking and monetary transmission,The Fed Just Admitted Prices are Permanently Higher,Fed,false,keyword suggestion; not transcript-verified
FbA1vRfjfdM,Central banking and monetary transmission,The Truth About Money Velocity and Inflation,Money Velocity,false,keyword suggestion; not transcript-verified
RHRFx-72gaA,Central banking and monetary transmission,Money Supply Increase Does NOT Cause Boom/Bust Cycle,Money Supply,false,keyword suggestion; not transcript-verified
orET-_WdPEQ,Central banking and monetary transmission,The Fed Just Lit the Fuse for a Liquidity Crisis,Fed,false,keyword suggestion; not transcript-verified
LU_skoEceJo,Central banking and monetary transmission,The Fed is Showing Signs of Internal Division,Fed,false,keyword suggestion; not transcript-verified
dXyXcKv5xDg,Central banking and monetary transmission,Fed Today: Full Steam Ahead on Inflationary Policy,Fed,false,keyword suggestion; not transcript-verified
RsEUjZwQGiQ,Central banking and monetary transmission,Billionaire's Investing Advice for the Fed Meeting,Fed,false,keyword suggestion; not transcript-verified
ZpKN7pF7ySI,Central banking and monetary transmission,The Fed Probably Now Owns Bitcoin Junk Bonds?!,Fed,false,keyword suggestion; not transcript-verified
UW9LbfuCTP0,Central banking and monetary transmission,Central Bank Digital Currencies ARE NOT Cryptocurrencies (explained SIMPLY),Central Bank,false,keyword suggestion; not transcript-verified
nKgYLX9LO_0,Central banking and monetary transmission,Fed to Start SELLING their Bond ETFs,Fed,false,keyword suggestion; not transcript-verified
bDteZfwQ7DQ,Central banking and monetary transmission,The Fed Keeps Expanding its Powers (rant),Fed,false,keyword suggestion; not transcript-verified
AabRXYTyW-c,Central banking and monetary transmission,Is The Fed ACTUALLY Considering Tapering?? (Explained),Fed,false,keyword suggestion; not transcript-verified
sjeno5ytOS0,Central banking and monetary transmission,The Fed Has Now Admitted to Yield Curve Control,Fed,false,keyword suggestion; not transcript-verified
FLjWX9zkclk,Central banking and monetary transmission,FOMC Press Conference Coverage | April 28 2021,FOMC,false,keyword suggestion; not transcript-verified
TP1TYJOU5w8,Central banking and monetary transmission,"Powell Claims the Fed ""Has the Tools"" to Fight Inflation",Powell; Fed,false,keyword suggestion; not transcript-verified
K8enuzOw1qI,Central banking and monetary transmission,Danielle DiMartino Booth: It's Time for the Fed to Step Back,Fed,false,keyword suggestion; not transcript-verified
L1vfTyAGyJA,Central banking and monetary transmission,Fed Does NOT Extend Capital Requirement Relief for Banks!,Fed,false,keyword suggestion; not transcript-verified
5fPYHjRFXak,Central banking and monetary transmission,Fed Press Conference - Money Printing with No End in Sight,Fed; Money Printing,false,keyword suggestion; not transcript-verified
DLkbkAv-BUU,Central banking and monetary transmission,"Powell Talks, Rates Pop, Stocks Drop",Powell,false,keyword suggestion; not transcript-verified
mEM1uCKqq7U,Central banking and monetary transmission,The Fed's Next Moves SIMPLY Explained (& the insane results),Fed,false,keyword suggestion; not transcript-verified
UEhdkj7SBxc,Central banking and monetary transmission,Fed Cover Up?! Major Issues for Banks THIS MONTH,Fed,false,keyword suggestion; not transcript-verified
bvexR1YjDds,Central banking and monetary transmission,Why the Fed's Asset Purchases HAVE to Increase Soon,Fed,false,keyword suggestion; not transcript-verified
vxH1nBX32Tk,Central banking and monetary transmission,M2 Money Supply Growth is ROCKET FUEL for Gold and Miners,Money Supply,false,keyword suggestion; not transcript-verified
AAZONrjtKso,Central banking and monetary transmission,Former Fed Chair Janet Yellen Confirmed as Treasury Secretary - What to Expect,Fed,false,keyword suggestion; not transcript-verified
A__O32J6OK4,Central banking and monetary transmission,QE is NOT Deflationary,QE,false,keyword suggestion; not transcript-verified
IrzCYN7wu9M,Central banking and monetary transmission,Money Velocity is About to BOOM,Money Velocity,false,keyword suggestion; not transcript-verified
KpAomztLIqE,Central banking and monetary transmission,Central Banks are Bullish on Gold Again,Central Banks,false,keyword suggestion; not transcript-verified
HGcJXgDwTIc,Central banking and monetary transmission,If You Think The Fed Is Bad Now...,Fed,false,keyword suggestion; not transcript-verified
SLoRAMfdKtA,Central banking and monetary transmission,Why Do We Pay Taxes if They Can Just Print Money?,Print Money,false,keyword suggestion; not transcript-verified
4VCtCbY5S2s,Central banking and monetary transmission,What Happens to YOUR Debt After a Monetary Reset?,Monetary,false,keyword suggestion; not transcript-verified
tH57Qs9pOjI,Central banking and monetary transmission,[CLIP] Central Bank Digital Currencies are NOT Cryptocurrencies,Central Bank,false,keyword suggestion; not transcript-verified
ebcjVBEb1c8,Central banking and monetary transmission,[CLIP] Central Bank Digital Currencies will make Banks Obsolete,Central Bank,false,keyword suggestion; not transcript-verified
5GJqdyrBGp8,Central banking and monetary transmission,[CLIP] CBDC's Give Central Banks Precise Economic Control,Central Banks,false,keyword suggestion; not transcript-verified
Z6pXRxGYm_4,Central banking and monetary transmission,Central Bank Digital Currencies are HERE | What You Need to Know,Central Bank,false,keyword suggestion; not transcript-verified
v-mev-st15M,Central banking and monetary transmission,"Powell Urges More Stimulus, Trump Says No",Powell,false,keyword suggestion; not transcript-verified
nZwXELZH8Ag,Central banking and monetary transmission,The Merging of the Fed and the Treasury (Explained),Fed,false,keyword suggestion; not transcript-verified
nrj7B4U46rA,Central banking and monetary transmission,The Fed Just Re-Committed to EVEN HIGHER Inflation - Here's what it Means for Unemployment,Fed,false,keyword suggestion; not transcript-verified
XMqbt4_Kurg,Central banking and monetary transmission,"How a New ""Treasury Dollar"" could Replace Federal Reserve Notes",Federal Reserve,false,keyword suggestion; not transcript-verified
qV_sGlyB8JA,Central banking and monetary transmission,Can Printing Money Actually Cause Deflation?,Printing Money,false,keyword suggestion; not transcript-verified
6fZ6Io_UZ8I,Central banking and monetary transmission,Bank of England STEALS Venezuela's Gold | Spells BIG Risk for GLD Owners,Bank of England,false,keyword suggestion; not transcript-verified
u_R0O1Lp94Y,Central banking and monetary transmission,Fed Stress Test Reveals Banking Crisis Imminent?,Fed,false,keyword suggestion; not transcript-verified
Uth3zk5Q-YI,Central banking and monetary transmission,Is The Fed Breaking the Law? (Now They are Buying INDIVIDUAL Bonds),Fed,false,keyword suggestion; not transcript-verified
_t1azr9U4eg,Central banking and monetary transmission,[CLIP] Wealth vs Money: The Problem with The Fed Printing Money to Finance Government Spending,Fed; Printing Money,false,keyword suggestion; not transcript-verified
AM7oKOOvZwA,Central banking and monetary transmission,"Dismantling MMT | Book Review (and thorough rebuttal) of ""The Deficit Myth"" - Modern Monetary Theory",Monetary,false,keyword suggestion; not transcript-verified
CIsbJzhk5Ww,Central banking and monetary transmission,Fed Chair Powell: More Stimulus with No End In Sight,Fed; Powell,false,keyword suggestion; not transcript-verified
JQ_P62Lqi2I,Central banking and monetary transmission,The Fed's Balance Sheet Passed $7 TRILLION - Does It Even Matter Anymore?,Fed,false,keyword suggestion; not transcript-verified
9TwBVQNanj0,Central banking and monetary transmission,Play-by-Play Rebuttal of 60 Minutes Interview with Fed Chairman Jerome Powell,Fed; Powell,false,keyword suggestion; not transcript-verified
vKZ_ZRUY-eA,Central banking and monetary transmission,Do We Actually Need Taxes? The Fed can print INFINITE money...,Fed; print INFINITE money,false,keyword suggestion; not transcript-verified
vXPQ2UDu8to,Central banking and monetary transmission,The Fed Entered Full-Blown Panic Mode This Week | What Does It All Mean?,Fed,false,keyword suggestion; not transcript-verified
geUMT2ytdd4,Central banking and monetary transmission,"Fed Monetizing ALL Debt Now, Facilitating Dollar Devaluation",Fed,false,keyword suggestion; not transcript-verified
5gjm4wXxrqA,Central banking and monetary transmission,Fed Emergency Rate Cut FAILED | The Beginning of the End?,Fed; Rate Cut,false,keyword suggestion; not transcript-verified
hHbyh1qLw40,Central banking and monetary transmission,"The Fed Just Doubled Down - Savers Are Screwed (for the ""greater good"")",Fed,false,keyword suggestion; not transcript-verified
utg0BbjCWIU,Central banking and monetary transmission,The Fed Did It! Crushed Volatility in the Repo Market. What Did It Cost?,Fed,false,keyword suggestion; not transcript-verified
YG_TUdrphZg,Central banking and monetary transmission,The Truth Behind Modern Monetary Theory,Monetary,false,keyword suggestion; not transcript-verified
gFsSwjMo464,Central banking and monetary transmission,What Is Monetary Policy? | One Minute Heretic,Monetary,false,keyword suggestion; not transcript-verified
dwDNllmIaVo,Central banking and monetary transmission,Fed Cut Interest Rates Again... What Are They Hiding?,Fed,false,keyword suggestion; not transcript-verified
SQYvEYb7Pjs,Central banking and monetary transmission,Pre FOMC Meeting Prediction,FOMC,false,keyword suggestion; not transcript-verified
dRP16NwmqFs,Central banking and monetary transmission,Fed Ushering In Stagflation,Fed,false,keyword suggestion; not transcript-verified
93cFnErT4BM,Central banking and monetary transmission,The Truth About the Fed's Recent Announcement,Fed,false,keyword suggestion; not transcript-verified
k8DrfQJ7O6g,Central banking and monetary transmission,Cash Infusions Continue | Fed Repo Operations Signal Systemic Trouble,Fed,false,keyword suggestion; not transcript-verified
dmICm1bLq2o,"Inflation, deflation and purchasing power",The Fed Is Fighting the Treasury Again. Last Time Inflation Hit 21%.,Inflation,true,keyword suggestion; not transcript-verified
sP8pOFk2BVA,"Inflation, deflation and purchasing power",Warsh is Wrong About Inflation,Inflation,true,keyword suggestion; not transcript-verified
lhULr73rYwI,"Inflation, deflation and purchasing power",The Real Reason Inflation is About to 'Disappear',Inflation,true,keyword suggestion; not transcript-verified
833AGPTeqRM,"Inflation, deflation and purchasing power",Inflation is EXACTLY Following the 70's - But They Can't Afford it This Time,Inflation,false,keyword suggestion; not transcript-verified
-RiiXmQSD5s,"Inflation, deflation and purchasing power",Are We About to See Stagflation in the US?,Stagflation,true,keyword suggestion; not transcript-verified
dlA2QEDUFdI,"Inflation, deflation and purchasing power",Why the Government MUST Lower Rates (Even If It Causes Inflation),Inflation,true,keyword suggestion; not transcript-verified
cZ9N5Lq7CQQ,"Inflation, deflation and purchasing power",Why Everything Keeps Getting So Much More Expensive,Everything Keeps Getting So Much More Expensive,true,keyword suggestion; not transcript-verified
al3_Kc46i4A,"Inflation, deflation and purchasing power",Buy the Everything Bubble? Or Lose to Inflation?,Inflation,true,keyword suggestion; not transcript-verified
xTEbwFaGNz8,"Inflation, deflation and purchasing power",Everything You Think About Interest Rates and Inflation is Wrong,Inflation,true,keyword suggestion; not transcript-verified
groPJHqVmKE,"Inflation, deflation and purchasing power",Are We Just Repeating the 1970’s Inflation?,Inflation,true,keyword suggestion; not transcript-verified
Zo1I8fdGOgw,"Inflation, deflation and purchasing power",Did the Fed Just Abandon its 2% Inflation Target?,Inflation,true,keyword suggestion; not transcript-verified
dFlxgGyCmtU,"Inflation, deflation and purchasing power",30% of Inflation Data Is Just Made Up,Inflation,true,keyword suggestion; not transcript-verified
ToQvKdDzjys,"Inflation, deflation and purchasing power",Why Lower Inflation Means More Stimulus Ahead,Inflation,true,keyword suggestion; not transcript-verified
eDjn3hpCFjw,"Inflation, deflation and purchasing power",Deflation is Here Again for the First Time Since 2020,Deflation,true,keyword suggestion; not transcript-verified
qFGhYDAtkBo,"Inflation, deflation and purchasing power",Inflation is About to Collapse,Inflation,true,keyword suggestion; not transcript-verified
XIfI9Zw5VoU,"Inflation, deflation and purchasing power",Why the Fed is Cutting Rates into Rising Inflation,Inflation,true,keyword suggestion; not transcript-verified
L9ivXNNFfOE,"Inflation, deflation and purchasing power",Inflation is Officially Rising Again,Inflation,true,keyword suggestion; not transcript-verified
Rrdm5E4dT6U,"Inflation, deflation and purchasing power",The Real Reason Inflation Just Started Rising Again (first time since March),Inflation,true,keyword suggestion; not transcript-verified
cjqXb56UJrQ,"Inflation, deflation and purchasing power",Why Some things Get Cheaper While Others get WAY More Expensive,things Get Cheaper While Others get WAY More Expensive,true,keyword suggestion; not transcript-verified
P30bEtmTXlA,"Inflation, deflation and purchasing power",A Second Wave of Inflation is Coming (same thing happened in the 1970's),Inflation,true,keyword suggestion; not transcript-verified
KHH_rHDaC3c,"Inflation, deflation and purchasing power",ACTUAL Price Increases in the Last 50 Years… and the Next,Price Increases,true,keyword suggestion; not transcript-verified
1iErP8ZMA6o,"Inflation, deflation and purchasing power",The Real Reason Inflation Suddenly Stopped Falling,Inflation,true,keyword suggestion; not transcript-verified
jARcZIZcPfo,"Inflation, deflation and purchasing power",How Deficits Overpower the Fed's Fight against Inflation,Inflation,true,keyword suggestion; not transcript-verified
YrIMhY8PYFk,"Inflation, deflation and purchasing power",The Fed is Fighting Inflation... by Printing Money??,Inflation,true,keyword suggestion; not transcript-verified
5ujWHQXDyQA,"Inflation, deflation and purchasing power",Is a Small Amount of Inflation a Good Thing?,Inflation,true,keyword suggestion; not transcript-verified
DKvQj2Fq4MU,"Inflation, deflation and purchasing power",Where Inflation is Headed - and What the Fed Plans to Do About It,Inflation,true,keyword suggestion; not transcript-verified
mOEwrys-xJg,"Inflation, deflation and purchasing power",The Real Reason Inflation is Falling,Inflation,true,keyword suggestion; not transcript-verified
lGad57RvXaE,"Inflation, deflation and purchasing power","Inflation is Falling Now, But will Roar Back with a Vengeance",Inflation,true,keyword suggestion; not transcript-verified
Sup6CoCwt7I,"Inflation, deflation and purchasing power",The Real Reason Inflation is STILL So High,Inflation,true,keyword suggestion; not transcript-verified
BCGLqGNwCh8,"Inflation, deflation and purchasing power",What Happens to Stocks during Hyperinflation?,inflation,true,keyword suggestion; not transcript-verified
WyE-2rmPi3E,"Inflation, deflation and purchasing power",A Deflationary Storm is on the Horizon,Deflation,true,keyword suggestion; not transcript-verified
0lEswkNz60k,"Inflation, deflation and purchasing power",Hyperinflation in the United States,inflation,true,keyword suggestion; not transcript-verified
z1aO-SOjIBI,"Inflation, deflation and purchasing power",BIS Issues a Warning to Central Banks about Inflation,Inflation,true,keyword suggestion; not transcript-verified
eeIt3rUKLYU,"Inflation, deflation and purchasing power",Fed Now Expects Deep Recession Needed to Beat Inflation,Inflation,true,keyword suggestion; not transcript-verified
0IF8WqSxCH0,"Inflation, deflation and purchasing power",They Changed How Inflation is Measured Again,Inflation,true,keyword suggestion; not transcript-verified
ktPQdgWe2pw,"Inflation, deflation and purchasing power",Inflation Just Shot Back Up Again,Inflation,true,keyword suggestion; not transcript-verified
AwJWWp5MH-k,"Inflation, deflation and purchasing power",China has Massive “Inflation Bomb” Just Waiting to Go Off,Inflation,true,keyword suggestion; not transcript-verified
sDxGwK3gPSg,"Inflation, deflation and purchasing power",Well... I Was Right. Deflation Has Arrived,Deflation,true,keyword suggestion; not transcript-verified
K9QusrqTSdU,"Inflation, deflation and purchasing power",Prepare for Deflation in 2023,Deflation,true,keyword suggestion; not transcript-verified
APLdHB7Unyg,"Inflation, deflation and purchasing power",Egyptians Flee to Gold to Fight Inflation,Inflation,true,keyword suggestion; not transcript-verified
LCrFdLJW6rw,"Inflation, deflation and purchasing power",The Fed is About to Start Victory Laps as Inflation Cools Slightly,Inflation,true,keyword suggestion; not transcript-verified
Y92ORshcZzU,"Inflation, deflation and purchasing power",Is QT Actually Inflationary? (Fed Paying Banks Billions),Inflation,true,keyword suggestion; not transcript-verified
zy28rsQaVUM,"Inflation, deflation and purchasing power","Fed Panic Blitzes Media, Clueless About Inflation",Inflation,true,keyword suggestion; not transcript-verified
jn1eZCNBtWQ,"Inflation, deflation and purchasing power","Producer Price Inflation Declined, Fed to Pivot Soon?",Inflation,true,keyword suggestion; not transcript-verified
1cgKrJlrnjM,"Inflation, deflation and purchasing power",Inflation Fell Because Americans are BROKE,Inflation,true,keyword suggestion; not transcript-verified
DesT6CR-8bo,"Inflation, deflation and purchasing power",Why TIPS Dipped on Inflation,Inflation,true,keyword suggestion; not transcript-verified
MpDghEx0F-o,"Inflation, deflation and purchasing power",40 Year Inflation High STILL Doesn't Show Reality,Inflation,true,keyword suggestion; not transcript-verified
1HEXcFaTskE,"Inflation, deflation and purchasing power",Brace for Fed Impact: August Inflation Worse than Expected,Inflation,true,keyword suggestion; not transcript-verified
KjdPd5ScE-U,"Inflation, deflation and purchasing power",The Fed Vows to Sacrifice YOUR Job in Fight Against Inflation,Inflation,true,keyword suggestion; not transcript-verified
ypyaZJ_6KPA,"Inflation, deflation and purchasing power",How a Strong Dollar is Actually Exporting US Inflation,Inflation,true,keyword suggestion; not transcript-verified
B9KoZrouVW4,"Inflation, deflation and purchasing power",Can the Fed Fight Inflation with Negative Real Rates?,Inflation,true,keyword suggestion; not transcript-verified
gvL6pBs5spg,"Inflation, deflation and purchasing power",The Fed Will Stop Inflation by Starting a Depression,Inflation,true,keyword suggestion; not transcript-verified
1o2LVlCxqD0,"Inflation, deflation and purchasing power",Record Increase in Food Prices - with Inflation at 0%?,Food Prices; Inflation,true,keyword suggestion; not transcript-verified
_IjHq7h8lic,"Inflation, deflation and purchasing power",New Inflation Reduction Act is COMPLETELY Backwards,Inflation,true,keyword suggestion; not transcript-verified
JwCOYM-giP4,"Inflation, deflation and purchasing power","Recessions, Inflation, and Gold",Inflation,true,keyword suggestion; not transcript-verified
cVibKSvwwU4,"Inflation, deflation and purchasing power",My Response to @George Gammon Being Wrong About Inflation,Inflation,true,keyword suggestion; not transcript-verified
9ri47OhJwQM,"Inflation, deflation and purchasing power",June Inflation Record Will Push Overcorrection from Fed,Inflation,true,keyword suggestion; not transcript-verified
3CCosPrHY3c,"Inflation, deflation and purchasing power",How Long Can Inflation Last?,Inflation,true,keyword suggestion; not transcript-verified
nVyPRgh3tIo,"Inflation, deflation and purchasing power",Fed will CRUSH the Economy to Fight Inflation,Inflation,true,keyword suggestion; not transcript-verified
XiKG2dNg3XQ,"Inflation, deflation and purchasing power",Central Banks Warn of New Era of High Inflation,Inflation,true,keyword suggestion; not transcript-verified
BW-porNhF1I,"Inflation, deflation and purchasing power",Which Is Worse: Inflation or Deflation?,Inflation; Deflation,true,keyword suggestion; not transcript-verified
_Pa2rcH6O6U,"Inflation, deflation and purchasing power",The Truth about Biden's New Plan To Fight Inflation,Inflation,true,keyword suggestion; not transcript-verified
q95ZOXnPO-o,"Inflation, deflation and purchasing power","Bernanke says ""Fed Made Mistake Fighting Inflation""",Inflation,true,keyword suggestion; not transcript-verified
T9TG3s3snkc,"Inflation, deflation and purchasing power",New Gasoline Price Gouging Bill will End in Disaster,Price Gouging,true,keyword suggestion; not transcript-verified
MvxqmbVmFjg,"Inflation, deflation and purchasing power",11% Inflation is About to Cause MASS Layoffs,Inflation,true,keyword suggestion; not transcript-verified
y8ga5dQBoc8,"Inflation, deflation and purchasing power",NOT A CHANCE Inflation is only 8.5%,Inflation,true,keyword suggestion; not transcript-verified
ML0Hq08SrRo,"Inflation, deflation and purchasing power","White House Warns Inflation will be ""Extraordinarily Elevated""",Inflation,true,keyword suggestion; not transcript-verified
JMYADwP_SUo,"Inflation, deflation and purchasing power","Royalties ""Investing Hack"" to Benefit from Inflation",Inflation,true,keyword suggestion; not transcript-verified
l2wyfZYRrQs,"Inflation, deflation and purchasing power",Real Incomes are Crashing,Real Incomes,true,keyword suggestion; not transcript-verified
dfYMwvSU-to,"Inflation, deflation and purchasing power",Biden to Drain Strategic Oil Reserves to Fight Inflation,Inflation,true,keyword suggestion; not transcript-verified
Du6F6HrCajA,"Inflation, deflation and purchasing power",California's Insane Hypocritical Plan to Subsidize Gas Prices,Gas Prices,true,keyword suggestion; not transcript-verified
v9LQEoWpJ7s,"Inflation, deflation and purchasing power",Stocks vs Gold for High and Persistent Inflation with Patrick Yip from APMEX,Inflation,true,keyword suggestion; not transcript-verified
k8-byVHV72o,"Inflation, deflation and purchasing power",Investing for Exponential Returns during High Inflation with Mario Stifano CEO of Galantas Gold,Inflation,true,keyword suggestion; not transcript-verified
3AClJeSkQPY,"Inflation, deflation and purchasing power",Why There is Always a Money Shortage During Hyperinflation,inflation,true,keyword suggestion; not transcript-verified
Kpcf2_wQl5o,"Inflation, deflation and purchasing power",Why Gas Prices Won't be Coming Down Any Time Soon,Gas Prices,true,keyword suggestion; not transcript-verified
0SezU7PUlXM,"Inflation, deflation and purchasing power",High Inflation will Erase Debt,Inflation,true,keyword suggestion; not transcript-verified
CEXa_YaJzus,"Inflation, deflation and purchasing power",Staggering Inflation Sends Bond Market Tumbling,Inflation,true,keyword suggestion; not transcript-verified
r9TF5s939xw,"Inflation, deflation and purchasing power",New Inflation Records put Pressure on Fed to Raise Rates,Inflation,true,keyword suggestion; not transcript-verified
Y4WCAAU5Kq8,"Inflation, deflation and purchasing power",Powell Says Jobs Market is Strong Enough to Fight Inflation,Inflation,true,keyword suggestion; not transcript-verified
fth_luTgbi0,"Inflation, deflation and purchasing power",Price Controls will be Worse than Inflation,Price Controls; Inflation,true,keyword suggestion; not transcript-verified
Mb9fXbSZLxI,"Inflation, deflation and purchasing power",New Plan to Fight Inflation Will Cause More Inflation,Inflation,true,keyword suggestion; not transcript-verified
F-iNN3CN8k8,"Inflation, deflation and purchasing power",Inflation is a Wealth Transfer from the Poor to the Rich,Inflation,true,keyword suggestion; not transcript-verified
MS8UrsHTZts,"Inflation, deflation and purchasing power",Inflation Hits New Record while Wages DROP,Inflation,true,keyword suggestion; not transcript-verified
rBCk_UWVLVE,"Inflation, deflation and purchasing power","Powell Testifies Before Congress, will Fight Inflation (and crash economy)",Inflation,true,keyword suggestion; not transcript-verified
fRYaBBiQB-E,"Inflation, deflation and purchasing power",The Push for Price Controls has Begun,Price Controls,true,keyword suggestion; not transcript-verified
PfCG6vq307g,"Inflation, deflation and purchasing power","The Economic Ninja and I discuss Gold, Inflation and a Denver Meet-Up",Inflation,true,keyword suggestion; not transcript-verified
yrhhkPX4PM8,"Inflation, deflation and purchasing power",Turkey Inches Closer to Hyperinflation,inflation,true,keyword suggestion; not transcript-verified
kJKfv2AHAZQ,"Inflation, deflation and purchasing power",Why Inflation is Actually Just a Run on the Bank,Inflation,true,keyword suggestion; not transcript-verified
4EpRx35Opmk,"Inflation, deflation and purchasing power",Inflation Hits Four Decade High,Inflation,true,keyword suggestion; not transcript-verified
1J_JU8Iu1OM,"Inflation, deflation and purchasing power",Powell Signals FASTER Taper to Fight Inflation,Inflation,true,keyword suggestion; not transcript-verified
ez2KEkc5iXA,"Inflation, deflation and purchasing power",Worst Inflation in 30 Years will Break the Bond Market,Inflation,true,keyword suggestion; not transcript-verified
rcJVClWC0Pw,"Inflation, deflation and purchasing power",stagflation,stagflation,false,keyword suggestion; not transcript-verified
5D0fS093U6g,"Inflation, deflation and purchasing power",Now They Want You to be THANKFUL for Inflation,Inflation,false,keyword suggestion; not transcript-verified
Mnkx-D_teKM,"Inflation, deflation and purchasing power","Wages are Spiking, Higher Inflation to Follow",Inflation,false,keyword suggestion; not transcript-verified
KjrY0yuzOUA,"Inflation, deflation and purchasing power",What it's Like Living Under Hyperinflation,inflation,false,keyword suggestion; not transcript-verified
Gjmn9llzIIo,"Inflation, deflation and purchasing power",Does Deflation Crush Consumption?,Deflation,false,keyword suggestion; not transcript-verified
FAYL4VQsBOU,"Inflation, deflation and purchasing power",Producer Price Inflation Hits All Time Record,Inflation,false,keyword suggestion; not transcript-verified
xJYAwJsGyTg,"Inflation, deflation and purchasing power",How Real Estate Performed During 1970's Inflation,Inflation,false,keyword suggestion; not transcript-verified
Xxy5Xluzzyc,"Inflation, deflation and purchasing power",The Truth About the Coming 'Disinflation',inflation,false,keyword suggestion; not transcript-verified
61pWx1K4P_o,"Inflation, deflation and purchasing power",Shrinkflation is Now Not Included in CPI,CPI,false,keyword suggestion; not transcript-verified
FbA1vRfjfdM,"Inflation, deflation and purchasing power",The Truth About Money Velocity and Inflation,Inflation,false,keyword suggestion; not transcript-verified
w2IpjX0iEJo,"Inflation, deflation and purchasing power",Price Controls are Coming (and SHORTAGES soon after),Price Controls,false,keyword suggestion; not transcript-verified
573YaX__bSI,"Inflation, deflation and purchasing power",Record-Breaking Inflation (What They're Not Telling You),Inflation,false,keyword suggestion; not transcript-verified
dXyXcKv5xDg,"Inflation, deflation and purchasing power",Fed Today: Full Steam Ahead on Inflationary Policy,Inflation,false,keyword suggestion; not transcript-verified
8ZGu-8BLe_Y,"Inflation, deflation and purchasing power",We Just Saw the Sharpest Inflation Spike in 29 YEARS,Inflation,false,keyword suggestion; not transcript-verified
sfSbiu09xcE,"Inflation, deflation and purchasing power","Food Prices Just Hit DANGEROUS Level (global riots, protests)",Food Prices,false,keyword suggestion; not transcript-verified
lgwlLj3leDw,"Inflation, deflation and purchasing power",Why Price Stability is Theft,Price Stability,false,keyword suggestion; not transcript-verified
fNFUAizouyo,"Inflation, deflation and purchasing power",Why Markets Tanked After Biggest Inflation Jump in 12 Years,Inflation,false,keyword suggestion; not transcript-verified
64viHiG6fQQ,"Inflation, deflation and purchasing power","Lyn Alden | Emerging Markets, Gold, Bitcoin, and Inflation!",Inflation,false,keyword suggestion; not transcript-verified
TP1TYJOU5w8,"Inflation, deflation and purchasing power","Powell Claims the Fed ""Has the Tools"" to Fight Inflation",Inflation,false,keyword suggestion; not transcript-verified
qho9cEnYA_U,"Inflation, deflation and purchasing power",Largest Jump in PPI Inflation in 9 YEARS,Inflation,false,keyword suggestion; not transcript-verified
Q480l4GkEqs,"Inflation, deflation and purchasing power",Are Stocks a Good Hedge Against Hyperinflation?,inflation,false,keyword suggestion; not transcript-verified
haSUUOMrXKU,"Inflation, deflation and purchasing power",Inflation is Building Momentum,Inflation,false,keyword suggestion; not transcript-verified
EK85jLiwLS0,"Inflation, deflation and purchasing power",Deflation is KEY to an Abundant Future w/ Jeff Booth,Deflation,false,keyword suggestion; not transcript-verified
euO71ooC1q4,"Inflation, deflation and purchasing power",Current $1.9 Trillion Stimulus Effect on Asset Prices and Inflation,Inflation,false,keyword suggestion; not transcript-verified
v8l3oeq4eE8,"Inflation, deflation and purchasing power","Mega-Insights! Dave Hunter Contrarian Interview [melt up, crash, inflation]",inflation,false,keyword suggestion; not transcript-verified
TzFMejz5LDk,"Inflation, deflation and purchasing power",Does Inflation Actually Wipe Out Debt?,Inflation,false,keyword suggestion; not transcript-verified
A__O32J6OK4,"Inflation, deflation and purchasing power",QE is NOT Deflationary,Deflation,false,keyword suggestion; not transcript-verified
87yyWLAU2vI,"Inflation, deflation and purchasing power",Inflation is Picking Up Steam,Inflation,false,keyword suggestion; not transcript-verified
qCaf_75Xa9Q,"Inflation, deflation and purchasing power",What Happens to Gold in a Deflationary Death Spiral,Deflation,false,keyword suggestion; not transcript-verified
nA-kXYm9KNY,"Inflation, deflation and purchasing power",This is What Stocks Do During Hyperinflation,inflation,false,keyword suggestion; not transcript-verified
nrj7B4U46rA,"Inflation, deflation and purchasing power",The Fed Just Re-Committed to EVEN HIGHER Inflation - Here's what it Means for Unemployment,Inflation,false,keyword suggestion; not transcript-verified
qV_sGlyB8JA,"Inflation, deflation and purchasing power",Can Printing Money Actually Cause Deflation?,Deflation,false,keyword suggestion; not transcript-verified
JcyArTjxhnA,"Inflation, deflation and purchasing power",The Inflation Cat is Out of the Bag,Inflation,false,keyword suggestion; not transcript-verified
FuHBxUBfErw,"Inflation, deflation and purchasing power","Why Price Gouging HELPS the Poor, and Price Controls Hurt Everyone",Price Gouging; Price Controls,false,keyword suggestion; not transcript-verified
VmY9USvCjgk,"Inflation, deflation and purchasing power",Why is Billionaire Paul Tudor Jones Betting on Bitcoin to Hedge Inflation?,Inflation,false,keyword suggestion; not transcript-verified
7iWXPx7wjlo,"Inflation, deflation and purchasing power",Dismantling IDIOTIC Deflation Ideas,Deflation,false,keyword suggestion; not transcript-verified
Jh0PLCsDAKw,"Inflation, deflation and purchasing power",We Are Being LIED TO About Inflation | Here's How,Inflation,false,keyword suggestion; not transcript-verified
R1_8uJiV2XI,"Inflation, deflation and purchasing power",Deflation VS. Inflation | Settling the Debate,Deflation; Inflation,false,keyword suggestion; not transcript-verified
fOtJ7yvXpKs,"Inflation, deflation and purchasing power",Coronavirus May Trigger Hyperinflation,inflation,false,keyword suggestion; not transcript-verified
OTMluLc7aUw,"Inflation, deflation and purchasing power","Monopoly, Inflation, and the Broken CPI",Inflation; CPI,false,keyword suggestion; not transcript-verified
dRP16NwmqFs,"Inflation, deflation and purchasing power",Fed Ushering In Stagflation,Stagflation,false,keyword suggestion; not transcript-verified
MfGFtuBHK18,"Inflation, deflation and purchasing power",Inflation Explained Simply,Inflation,false,keyword suggestion; not transcript-verified
4pAqXT-8J9w,"Inflation, deflation and purchasing power",Deflation Explained Simply,Deflation,false,keyword suggestion; not transcript-verified
dmICm1bLq2o,Sovereign debt and fiscal policy,The Fed Is Fighting the Treasury Again. Last Time Inflation Hit 21%.,Treasury,true,keyword suggestion; not transcript-verified
sFSIYTcbPj4,Sovereign debt and fiscal policy,More Tax Cuts Coming?,Tax,true,keyword suggestion; not transcript-verified
RqsTXUvBQfo,Sovereign debt and fiscal policy,The Treasury Has a Problem It Can't Buy Its Way Out Of,Treasury,true,keyword suggestion; not transcript-verified
LTPAawdRmKQ,Sovereign debt and fiscal policy,There's Actually a Chance the Deficit Could be Fixed,Deficit,true,keyword suggestion; not transcript-verified
6NcTbJfYJK4,Sovereign debt and fiscal policy,The Real Reason The Treasury Just Borrowed at 5% for the First Time Since 2007,Treasury,false,keyword suggestion; not transcript-verified
StqXPxjGnRY,Sovereign debt and fiscal policy,New Treasury Swap Lines to Protect Dollar Dominance in Middle East,Treasury,true,keyword suggestion; not transcript-verified
Y9RS6KZfYYA,Sovereign debt and fiscal policy,New Military Budget is TRYING to Bankrupt the Country,Military Budget,true,keyword suggestion; not transcript-verified
hq82ylM0U3w,Sovereign debt and fiscal policy,The New Fed Chair’s Plan to Reduce the National Debt,National Debt,true,keyword suggestion; not transcript-verified
pMdk2PVhJ1k,Sovereign debt and fiscal policy,The Budget Deficit - Still Headed Towards Disaster,Deficit,true,keyword suggestion; not transcript-verified
AqE53pD4m3U,Sovereign debt and fiscal policy,Treasuries Look Ready to Break (and what happens when they do),Treasuries,true,keyword suggestion; not transcript-verified
kJxo_QSRkDI,Sovereign debt and fiscal policy,The Trade Deficit is Collapsing,Deficit,true,keyword suggestion; not transcript-verified
8daGrrDuTaM,Sovereign debt and fiscal policy,Treasury Buybacks are Preparing for Something Bigger,Treasury,true,keyword suggestion; not transcript-verified
SWPRNRsDehw,Sovereign debt and fiscal policy,$9 Trillion of the National Debt Must be Paid Back in 2026,National Debt,true,keyword suggestion; not transcript-verified
581jIJHMxYw,Sovereign debt and fiscal policy,Treasury Buybacks are Ramping Up - What’s Really Going On,Treasury,true,keyword suggestion; not transcript-verified
FEEKYGTuBnI,Sovereign debt and fiscal policy,The Real Reason The Treasury is Buying Back So Much Debt,Treasury,true,keyword suggestion; not transcript-verified
wkBd_nJOdLU,Sovereign debt and fiscal policy,The Rich Pay Almost All the Income Taxes - and the Poor Pay Zero,Taxes,true,keyword suggestion; not transcript-verified
7TgVGArJlWE,Sovereign debt and fiscal policy,Shocking Report: The Treasury Needs $1.6 Trillion by End of Year,Treasury,true,keyword suggestion; not transcript-verified
UDaAIXDQt2k,Sovereign debt and fiscal policy,The Treasury’s Plan to Take Control of the Federal Reserve,Treasury,true,keyword suggestion; not transcript-verified
eIjLTslfors,Sovereign debt and fiscal policy,The Treasury General Account Refill will Force the Fed to Cut Rates and Restart QE,Treasury,true,keyword suggestion; not transcript-verified
eF0ezVRItTA,Sovereign debt and fiscal policy,The Plan to Deregulate the Banks to Bail Out the US Treasury,Treasury,true,keyword suggestion; not transcript-verified
fnuTstJAk18,Sovereign debt and fiscal policy,US Debt Got Downgraded - Why it Matters For You,US Debt,true,keyword suggestion; not transcript-verified
YUfciXJO-BQ,Sovereign debt and fiscal policy,The $4 Trillion Tax Cut Bill,Tax,true,keyword suggestion; not transcript-verified
kiK2B6MI47w,Sovereign debt and fiscal policy,Government Spending Actually Shrank This Quarter,Government Spending,true,keyword suggestion; not transcript-verified
tuJ00od696Q,Sovereign debt and fiscal policy,Huge Tax Cuts May be On the Way,Tax,true,keyword suggestion; not transcript-verified
-pe7fE57kLI,Sovereign debt and fiscal policy,The Real Reason the Treasury Market is Imploding (not China),Treasury,true,keyword suggestion; not transcript-verified
Vf9sMm6IvbQ,Sovereign debt and fiscal policy,There are Only 4 Ways to Solve the Sovereign Debt Crisis,Sovereign,true,keyword suggestion; not transcript-verified
YD-oFIE6SS4,Sovereign debt and fiscal policy,The Best and Worst Tax Systems Ranked,Tax,true,keyword suggestion; not transcript-verified
IBtM5ZdLj98,Sovereign debt and fiscal policy,How They'll Cancel the National Debt,National Debt,true,keyword suggestion; not transcript-verified
B_ZqSv-WuIs,Sovereign debt and fiscal policy,The Dangers of a US Sovereign Wealth Fund,Sovereign,true,keyword suggestion; not transcript-verified
BSK4NZ3PATk,Sovereign debt and fiscal policy,The Math Behind Eliminating Income Taxes,Taxes,true,keyword suggestion; not transcript-verified
Can_5smdMt4,Sovereign debt and fiscal policy,Central Banks are Selling US Treasuries and Buying Gold Instead,Treasuries,true,keyword suggestion; not transcript-verified
ThP0mRdE8uw,Sovereign debt and fiscal policy,Almost a Third of the National Debt Needs to be Paid Back in 2025,National Debt,true,keyword suggestion; not transcript-verified
NFOrNaNNDSI,Sovereign debt and fiscal policy,Why the Global Sovereign Debt Crisis hasn’t Exploded (yet),Sovereign,true,keyword suggestion; not transcript-verified
4uMZ9CZiYBs,Sovereign debt and fiscal policy,"The US Sovereign Debt Crisis is Getting Worse, Faster",Sovereign,true,keyword suggestion; not transcript-verified
vHWFXXMFWfI,Sovereign debt and fiscal policy,What Would Happen if the US Decided to Not Pay its Debt?,US Decided to Not Pay its Debt,true,keyword suggestion; not transcript-verified
jkgRfb19tlI,Sovereign debt and fiscal policy,"Interest Rates are Causing the US Debt to ""Death Spiral""",US Debt,true,keyword suggestion; not transcript-verified
W-9F6QWxaSQ,Sovereign debt and fiscal policy,Could Trump Actually End Income Taxes?,Taxes,true,keyword suggestion; not transcript-verified
1huHYIeudZU,Sovereign debt and fiscal policy,Do the Rich or Poor Pay the Most Taxes?,Taxes,true,keyword suggestion; not transcript-verified
eAgxy6JbytI,Sovereign debt and fiscal policy,This is What a Sovereign Debt Crisis Looks Like,Sovereign,true,keyword suggestion; not transcript-verified
5uWMNTop72I,Sovereign debt and fiscal policy,Why the US Treasury is Buying Back its Own Bonds,Treasury,true,keyword suggestion; not transcript-verified
izoLanD-KC4,Sovereign debt and fiscal policy,Why Does the US Borrow and Tax when it can Print Money?,Tax,true,keyword suggestion; not transcript-verified
QMhOs1cK0_c,Sovereign debt and fiscal policy,Taxes are Theft. Here's How to Stop Paying Them (Legally),Taxes,true,keyword suggestion; not transcript-verified
5-hmzgjp_e0,Sovereign debt and fiscal policy,The Treasury Market is Beginning to Fail,Treasury,true,keyword suggestion; not transcript-verified
G5F9Ec8GoeU,Sovereign debt and fiscal policy,$10 Trillion in New Treasuries will be Issued this Year,Treasuries,true,keyword suggestion; not transcript-verified
QcDeHaqHMPQ,Sovereign debt and fiscal policy,Tax Revenue is FALLING...,Tax,true,keyword suggestion; not transcript-verified
PztCR0XJSDY,Sovereign debt and fiscal policy,The Treasury's $731 Billion Cash Hoard Explained,Treasury,true,keyword suggestion; not transcript-verified
V5Mhj6tlr9A,Sovereign debt and fiscal policy,How Hedge Funds are Holding the Treasury Market Hostage,Treasury,true,keyword suggestion; not transcript-verified
jN4JYMo90hY,Sovereign debt and fiscal policy,This is When the US Debt will Become Unbearable,US Debt,true,keyword suggestion; not transcript-verified
Nu96gTe5410,Sovereign debt and fiscal policy,This is What a Failing Treasury Market Looks Like,Treasury,true,keyword suggestion; not transcript-verified
jARcZIZcPfo,Sovereign debt and fiscal policy,How Deficits Overpower the Fed's Fight against Inflation,Deficit,true,keyword suggestion; not transcript-verified
sftv6R66Ess,Sovereign debt and fiscal policy,The US Borrowing Plan for 2024 is Insane,US Borrowing,true,keyword suggestion; not transcript-verified
8-1A87Sp9Vk,Sovereign debt and fiscal policy,Did One Billionaire Just Move the Entire US Treasury Market?,Treasury,true,keyword suggestion; not transcript-verified
OFddCAFKGVY,Sovereign debt and fiscal policy,Did the Treasury Market Just Glitch? Or is Something Big Breaking?,Treasury,true,keyword suggestion; not transcript-verified
epIFO7OheTI,Sovereign debt and fiscal policy,Jamie Dimon Sounds the Alarm on US Treasuries,Treasuries,true,keyword suggestion; not transcript-verified
ShCjhnbUWaQ,Sovereign debt and fiscal policy,The US Plans to Liquidate its Debt through Financial Repression,Financial Repression,true,keyword suggestion; not transcript-verified
zlUs0s01PJ0,Sovereign debt and fiscal policy,Why the Deficit is Exploding - and How it will End,Deficit,true,keyword suggestion; not transcript-verified
Ef7RgJ48i74,Sovereign debt and fiscal policy,The US Sovereign Debt Crisis is Here,Sovereign,true,keyword suggestion; not transcript-verified
J0zcT_Sk9CI,Sovereign debt and fiscal policy,How Governments Try to Maximize Tax Revenue | The Laffer Curve Explained,Tax,true,keyword suggestion; not transcript-verified
qR0_Lwi3d5w,Sovereign debt and fiscal policy,Debt Limit Deal Means Massive Borrowing Binge is Coming,Debt Limit,true,keyword suggestion; not transcript-verified
4JpJM-hHtRE,Sovereign debt and fiscal policy,Yellen is Lying about Defaulting on June 1,Yellen is Lying about Default,true,keyword suggestion; not transcript-verified
5B1WNIdN18U,Sovereign debt and fiscal policy,Biden Urged to Permanently Cancel Debt Ceiling (by twisting the 14th Amendment),Debt Ceiling,true,keyword suggestion; not transcript-verified
W1bC5ss1huE,Sovereign debt and fiscal policy,The Debt Ceiling Doesn't Matter: Default is Inevitable,Debt Ceiling,true,keyword suggestion; not transcript-verified
KcNL_oLAc_A,Sovereign debt and fiscal policy,40% of Americans Pay No Taxes,Taxes,true,keyword suggestion; not transcript-verified
1isLwFRD8dI,Sovereign debt and fiscal policy,Central Banks are Preparing for a Global Sovereign Debt Crisis,Sovereign,true,keyword suggestion; not transcript-verified
DxwhmqfADOQ,Sovereign debt and fiscal policy,The National Debt Death-Spiral has Started,National Debt,true,keyword suggestion; not transcript-verified
MrspE5v0diQ,Sovereign debt and fiscal policy,China Accelerates Dumping US Treasuries,Treasuries,true,keyword suggestion; not transcript-verified
Pp4fvrxnGZ4,Sovereign debt and fiscal policy,The CBO Admits Failure in National Debt Projections,National Debt,true,keyword suggestion; not transcript-verified
gRal4XYOTwI,Sovereign debt and fiscal policy,The 3 US Debt Defaults that No One Knows About,US Debt,true,keyword suggestion; not transcript-verified
ZfiLKfDm_Uo,Sovereign debt and fiscal policy,Hedge Funds are RECORD Short US Treasuries,Treasuries,true,keyword suggestion; not transcript-verified
jiJHZY99HOI,Sovereign debt and fiscal policy,"US Treasury Begins ""Extraordinary Measures""... Again",Treasury,true,keyword suggestion; not transcript-verified
fo6nRA6WtWA,Sovereign debt and fiscal policy,How to Abolish the Income Tax AND the IRS,Tax; IRS,true,keyword suggestion; not transcript-verified
IjoW3KkObtw,Sovereign debt and fiscal policy,This New Plan to Cheat the Debt Ceiling is Insane,Debt Ceiling,true,keyword suggestion; not transcript-verified
lpRaVYlQnpI,Sovereign debt and fiscal policy,Here's What's in the 2023 $1.7 Trillion Spending Bill,Spending Bill,true,keyword suggestion; not transcript-verified
qSXsRf816mA,Sovereign debt and fiscal policy,Ghana Defaults on National Debt... is the US Next?,National Debt,true,keyword suggestion; not transcript-verified
FXf96HW_E8g,Sovereign debt and fiscal policy,The Government's Budget Deficit Just Got a lot Worse,Deficit,true,keyword suggestion; not transcript-verified
qnMXdqaJKvA,Sovereign debt and fiscal policy,Japan Dumping Treasuries at Record Pace,Treasuries,true,keyword suggestion; not transcript-verified
FZZYFjr6OzY,Sovereign debt and fiscal policy,"Federal Deficit Shrinks to ""Only"" $1.4 TRILLION",Deficit,true,keyword suggestion; not transcript-verified
s7iSQkiHhBc,Sovereign debt and fiscal policy,The Biggest Treasury Buyers are Now All Selling,Treasury,true,keyword suggestion; not transcript-verified
8Azty0-3qok,Sovereign debt and fiscal policy,Is the Fed Using Repo Market to Secretly Help Japan Dump Treasuries?,Treasuries,true,keyword suggestion; not transcript-verified
9EVp5RAXpp0,Sovereign debt and fiscal policy,Japan Just Kicked Off Global Treasury Dump,Treasury,true,keyword suggestion; not transcript-verified
St6EE6kL0cc,Sovereign debt and fiscal policy,Treasury Market Freezing Up is The Next Black Swan Event,Treasury,true,keyword suggestion; not transcript-verified
7sR4cU6yJ9U,Sovereign debt and fiscal policy,Taxes were Americans' Biggest Expense Last Year,Taxes,true,keyword suggestion; not transcript-verified
IQORd6dmqW8,Sovereign debt and fiscal policy,Japan Trade Deficit hits Record as Yen Collapses,Deficit,true,keyword suggestion; not transcript-verified
oQzUxWkTC1c,Sovereign debt and fiscal policy,Proof the New 87k IRS Agents are Coming for You!,IRS,true,keyword suggestion; not transcript-verified
0GQFD3jDxtk,Sovereign debt and fiscal policy,Major Tax Changes to Watch Out For,Tax,true,keyword suggestion; not transcript-verified
cFmRZK-SOp0,Sovereign debt and fiscal policy,Now China Is Dumping Treasuries Too,Treasuries,true,keyword suggestion; not transcript-verified
pmT841lzpqI,Sovereign debt and fiscal policy,How Long Until the US Defaults On Its Debt?,US Defaults On Its Debt,true,keyword suggestion; not transcript-verified
bBZgo_6p--U,Sovereign debt and fiscal policy,Sovereign Debt Defaults in Emerging Markets About to Sweep the Globe,Sovereign,true,keyword suggestion; not transcript-verified
RdTpfZC5K-E,Sovereign debt and fiscal policy,Regulations Vs Sovereignty to Maximize Wealth | Per Bylund,Sovereign,true,keyword suggestion; not transcript-verified
Re2XAVEE0C0,Sovereign debt and fiscal policy,World's Biggest Buyer of US Treasuries is Now Selling,Treasuries,true,keyword suggestion; not transcript-verified
SguumuABzDQ,Sovereign debt and fiscal policy,Why the Unrealized Gains Tax won’t Happen,Tax,true,keyword suggestion; not transcript-verified
e0QtaNima4A,Sovereign debt and fiscal policy,How the Fed can Hike Rates without Risking National Debt Default,National Debt,true,keyword suggestion; not transcript-verified
gnsn7lDyH8c,Sovereign debt and fiscal policy,Financial Repression has been Planned for over 10 Years,Financial Repression,true,keyword suggestion; not transcript-verified
t2oxZoBOvJo,Sovereign debt and fiscal policy,The TRUTH About the National Debt,National Debt,true,keyword suggestion; not transcript-verified
PsWD25ggDGc,Sovereign debt and fiscal policy,IRS Tracking Your Venmo and Cash App Now | The Economic Ninja,IRS,true,keyword suggestion; not transcript-verified
oVtKgViz2fg,Sovereign debt and fiscal policy,Reverse Repo to Tank Now with Debt Ceiling Increase,Debt Ceiling,true,keyword suggestion; not transcript-verified
CjtU0vz07Aw,Sovereign debt and fiscal policy,Why the Infrastructure Bill will Do More Harm than Good,Infrastructure Bill,true,keyword suggestion; not transcript-verified
qFm5CMFS0I8,Sovereign debt and fiscal policy,"Debt, Taxes & Printing",Taxes,true,keyword suggestion; not transcript-verified
ymJ3CKOhpys,Sovereign debt and fiscal policy,Get Ready for Taxes on Unrealized Gains,Taxes,false,keyword suggestion; not transcript-verified
m1UxqanyQd0,Sovereign debt and fiscal policy,Tax the Rich or Help the Poor?,Tax,false,keyword suggestion; not transcript-verified
DuDasZuZC90,Sovereign debt and fiscal policy,Yellen Reveals Debt Default Deadline is Oct 18th,Yellen Reveals Debt Default,false,keyword suggestion; not transcript-verified
G_qYPCWG-Ys,Sovereign debt and fiscal policy,Treasury Yields Just Spiked,Treasury,false,keyword suggestion; not transcript-verified
mFiXcCY3Mak,Sovereign debt and fiscal policy,The Fed's Plan for US Government Debt Default,Government Debt,false,keyword suggestion; not transcript-verified
TRla1Bp7ixE,Sovereign debt and fiscal policy,New Bill Aims to Close Crypto Tax 'Loopholes',Tax,false,keyword suggestion; not transcript-verified
6oiMB4-5ARA,Sovereign debt and fiscal policy,Why the IRS Now Tracks ALL Payments over $600,IRS,false,keyword suggestion; not transcript-verified
oUiscGRPePI,Sovereign debt and fiscal policy,Treasury Warns Social Security will be Depleted in 12 Years,Treasury,false,keyword suggestion; not transcript-verified
wELyj0fy1UE,Sovereign debt and fiscal policy,61% of Americans Pay NO Federal Income Taxes,Taxes,false,keyword suggestion; not transcript-verified
IhHj0GODT74,Sovereign debt and fiscal policy,The Treasury General Account has Reached $400 Billion Target,Treasury,false,keyword suggestion; not transcript-verified
BPz1Qdz9EJ0,Sovereign debt and fiscal policy,Japan Reveals Record Dump of US Treasuries,Treasuries,false,keyword suggestion; not transcript-verified
J2RTIYARGf0,Sovereign debt and fiscal policy,Treasury Invokes 'Extraordinary Measures' as Congress Misses Debt Ceiling Deadline,Treasury; Debt Ceiling,false,keyword suggestion; not transcript-verified
iKuHPtYOsfs,Sovereign debt and fiscal policy,Janet Yellen Warns Congress of ‘Catastrophic’ Debt Default,Yellen Warns Congress of ‘Catastrophic’ Debt Default,false,keyword suggestion; not transcript-verified
acZbC4GO6tc,Sovereign debt and fiscal policy,The Enormous & Hidden Cost of the Tax System,Tax,false,keyword suggestion; not transcript-verified
d7f9oFfmUHM,Sovereign debt and fiscal policy,130 Countries have Backed the Global Minimum Tax,Tax,false,keyword suggestion; not transcript-verified
Qn9MI_XDV7c,Sovereign debt and fiscal policy,New Monthly Stimulus Checks Start Next Month (EVERY detail),Stimulus Checks,false,keyword suggestion; not transcript-verified
nEkUNuTNAzQ,Sovereign debt and fiscal policy,Federal Tax Receipts are Higher Than Ever Before,Tax,false,keyword suggestion; not transcript-verified
d85OgLQY5q8,Sovereign debt and fiscal policy,New Global Minimum Tax? What You Need to Know,Tax,false,keyword suggestion; not transcript-verified
xD4FLyq9VQE,Sovereign debt and fiscal policy,The Monstrous Deficit Grows Despite Record Tax Income,Deficit; Tax,false,keyword suggestion; not transcript-verified
iI51Z8MYvuM,Sovereign debt and fiscal policy,We are On the Verge of DISASTROUS Tax Changes,Tax,false,keyword suggestion; not transcript-verified
rsrKPMYPkvw,Sovereign debt and fiscal policy,Record $1.7 TRILLION Deficit | Where did it Come From?,Deficit,false,keyword suggestion; not transcript-verified
b9LiN4yEQ3c,Sovereign debt and fiscal policy,New Bill to REPEAL Taxes on Gold and Silver!,Taxes,false,keyword suggestion; not transcript-verified
1t3PiUrSdIo,Sovereign debt and fiscal policy,How Corporations will Avoid the Tax Hike for Infrastructure Spending,Tax,false,keyword suggestion; not transcript-verified
qhLOjGaiKsA,Sovereign debt and fiscal policy,Democrats Urge RECURRING Stimulus Checks (this is just UBI now),Stimulus Checks,false,keyword suggestion; not transcript-verified
KBdoTG5vwNw,Sovereign debt and fiscal policy,"IRS Folds Under Pressure, Delays Tax Filing Deadline",IRS; Tax,false,keyword suggestion; not transcript-verified
NDPPAO7qZpE,Sovereign debt and fiscal policy,The Treasury is About to Get DRAINED,Treasury,false,keyword suggestion; not transcript-verified
AAZONrjtKso,Sovereign debt and fiscal policy,Former Fed Chair Janet Yellen Confirmed as Treasury Secretary - What to Expect,Treasury,false,keyword suggestion; not transcript-verified
uiyTyC1K7Zs,Sovereign debt and fiscal policy,Do Biden’s BIG Spending Plans Actually Require Tax Hikes?,Tax,false,keyword suggestion; not transcript-verified
58g7nwjGwx4,Sovereign debt and fiscal policy,I Just Went Long Treasuries,Treasuries,false,keyword suggestion; not transcript-verified
pSXdO2Re4qI,Sovereign debt and fiscal policy,$600 Stimulus Checks? The Math Doesn't Add Up,Stimulus Checks,false,keyword suggestion; not transcript-verified
SLoRAMfdKtA,Sovereign debt and fiscal policy,Why Do We Pay Taxes if They Can Just Print Money?,Taxes,false,keyword suggestion; not transcript-verified
Em84ZkTvlzo,Sovereign debt and fiscal policy,My Responses to Comments on my Tax Video,Tax,false,keyword suggestion; not transcript-verified
xm1OSSHwu7Q,Sovereign debt and fiscal policy,Should We Stop Paying Taxes? (the truth),Taxes,false,keyword suggestion; not transcript-verified
nZwXELZH8Ag,Sovereign debt and fiscal policy,The Merging of the Fed and the Treasury (Explained),Treasury,false,keyword suggestion; not transcript-verified
dBpGxPBPO04,Sovereign debt and fiscal policy,China Threatens Treasury Dump; More Decoupling Talk from Trump,Treasury,false,keyword suggestion; not transcript-verified
XMqbt4_Kurg,Sovereign debt and fiscal policy,"How a New ""Treasury Dollar"" could Replace Federal Reserve Notes",Treasury,false,keyword suggestion; not transcript-verified
_t1azr9U4eg,Sovereign debt and fiscal policy,[CLIP] Wealth vs Money: The Problem with The Fed Printing Money to Finance Government Spending,Government Spending,false,keyword suggestion; not transcript-verified
AM7oKOOvZwA,Sovereign debt and fiscal policy,"Dismantling MMT | Book Review (and thorough rebuttal) of ""The Deficit Myth"" - Modern Monetary Theory",Deficit,false,keyword suggestion; not transcript-verified
vKZ_ZRUY-eA,Sovereign debt and fiscal policy,Do We Actually Need Taxes? The Fed can print INFINITE money...,Taxes,false,keyword suggestion; not transcript-verified
ODBgaCDi2e0,Sovereign debt and fiscal policy,STAGGERING Job Losses Meet $2k/month Stimulus Checks,Stimulus Checks,false,keyword suggestion; not transcript-verified
buXm2J_UH4g,Sovereign debt and fiscal policy,Why We Have Taxes - And How To Avoid Them (Legally),Taxes,false,keyword suggestion; not transcript-verified
v5CYLHoBDho,Sovereign debt and fiscal policy,What Is Fiscal Policy? | One Minute Heretic,Fiscal,false,keyword suggestion; not transcript-verified
2AskD8V3ODE,Sovereign debt and fiscal policy,US National Debt - Trick or Treat?,National Debt,false,keyword suggestion; not transcript-verified
DkOMGW30T0w,Sovereign debt and fiscal policy,Are Taxes Important? The Real Reasons Behind The Tax Code,Taxes; Tax,false,keyword suggestion; not transcript-verified
ZcpMND3hZ5c,"Bonds, interest rates and funding markets",The Bond Market Just Called Bessent’s Bluff,Bond,true,keyword suggestion; not transcript-verified
Dnj-Dx9_WGs,"Bonds, interest rates and funding markets",They Just Told Every Bondholder It's Safe to Sell,Bondholder,true,keyword suggestion; not transcript-verified
WiIzEwEs45M,"Bonds, interest rates and funding markets",They Won't Let Bonds Keep Falling Like This,Bonds,true,keyword suggestion; not transcript-verified
Hp_r0ZupzLs,"Bonds, interest rates and funding markets",Why Bonds are Crashing Because of Warsh,Bonds,true,keyword suggestion; not transcript-verified
s1XABhbToO8,"Bonds, interest rates and funding markets","Interest Rates are Headed Lower, Not Higher",Interest Rates,false,keyword suggestion; not transcript-verified
xTEbwFaGNz8,"Bonds, interest rates and funding markets",Everything You Think About Interest Rates and Inflation is Wrong,Interest Rates,true,keyword suggestion; not transcript-verified
RQbNlHOECxI,"Bonds, interest rates and funding markets",They are About to Flood the Market with Liquidity,Liquidity,true,keyword suggestion; not transcript-verified
Sg-WWlHuLqM,"Bonds, interest rates and funding markets","Repo Market Just Spiked, 2008 Repeat?",Repo,true,keyword suggestion; not transcript-verified
NJ1yvpHFq20,"Bonds, interest rates and funding markets",It’s Not the Fed Who Actually Controls Interest Rates,Interest Rates,true,keyword suggestion; not transcript-verified
Af9kHS0bwig,"Bonds, interest rates and funding markets",Reverse Repo Facility (finally) Completely Drained,Repo,true,keyword suggestion; not transcript-verified
SshDKNhXyS4,"Bonds, interest rates and funding markets",The Fed Just Bailed Out the Repo Market (First Time Since 2019),Repo,true,keyword suggestion; not transcript-verified
7xH92q0LmU4,"Bonds, interest rates and funding markets",The Plan to End the Fed’s Interest Payments on Reserves will Funnel Trillions into T-Bills,T-Bills,true,keyword suggestion; not transcript-verified
YUfciXJO-BQ,"Bonds, interest rates and funding markets",The $4 Trillion Tax Cut Bill,t Bill,true,keyword suggestion; not transcript-verified
5QR8HkuRoog,"Bonds, interest rates and funding markets",Watch for the Fed to Bail Out the Bond Market Soon,Bond,true,keyword suggestion; not transcript-verified
s0gxkt0izfQ,"Bonds, interest rates and funding markets",Junk Bond Spreads are the Recession Signal to Watch,Bond,true,keyword suggestion; not transcript-verified
Y_IhRzlrTMw,"Bonds, interest rates and funding markets",How Scott Bessent Plans to Get Interest Rates Down,Interest Rates,true,keyword suggestion; not transcript-verified
6jcDnWrhed4,"Bonds, interest rates and funding markets",How Rising Bond Yields Affect Every Area of the Market,Bond; Yields,true,keyword suggestion; not transcript-verified
O3QZAMwTlAY,"Bonds, interest rates and funding markets",How the Fed Flipped the Yield Curve (and the consequences),Yield,true,keyword suggestion; not transcript-verified
CIM9twuyL_Q,"Bonds, interest rates and funding markets",The 10 Year is Headed Over 5%,The 10 Year,true,keyword suggestion; not transcript-verified
gOwenkT_BdA,"Bonds, interest rates and funding markets",How Government Bonds Work - and Why They Fail,Bonds,true,keyword suggestion; not transcript-verified
iK4fxO0FZbg,"Bonds, interest rates and funding markets",The Fed's Hidden Move just Ended the Reverse Repo Facility,Repo,true,keyword suggestion; not transcript-verified
XrDhRfM6ibg,"Bonds, interest rates and funding markets",The Reverse Repo is Draining to Zero (finally),Repo,true,keyword suggestion; not transcript-verified
wv-XDhpoR7w,"Bonds, interest rates and funding markets",Why the Fed Cuts are Causing Interest Rates to RISE Instead,Interest Rates,true,keyword suggestion; not transcript-verified
fQRQWtxanZs,"Bonds, interest rates and funding markets",Why Interest Rates have Fallen for 700 Years (and where they are headed next),Interest Rates,true,keyword suggestion; not transcript-verified
Vk_RmDFEHLI,"Bonds, interest rates and funding markets",The Yield Curve is Un-Inverting (Stocks Crash Every Time),Yield,true,keyword suggestion; not transcript-verified
jkgRfb19tlI,"Bonds, interest rates and funding markets","Interest Rates are Causing the US Debt to ""Death Spiral""",Interest Rates,true,keyword suggestion; not transcript-verified
5uWMNTop72I,"Bonds, interest rates and funding markets",Why the US Treasury is Buying Back its Own Bonds,Bonds,true,keyword suggestion; not transcript-verified
uNanLeDU7dE,"Bonds, interest rates and funding markets",Reverse Repo is Crashing to Zero - Here's What Happens Next,Repo,true,keyword suggestion; not transcript-verified
wiPn05mIMUY,"Bonds, interest rates and funding markets",How a Fed Pivot will Push Interest Rates HIGHER,Interest Rates,true,keyword suggestion; not transcript-verified
GgK4566_xRI,"Bonds, interest rates and funding markets",Reverse Repo is Crashing,Repo,true,keyword suggestion; not transcript-verified
cKZI4rBIJis,"Bonds, interest rates and funding markets",The Yield Curve is Re-Inverting?,Yield,true,keyword suggestion; not transcript-verified
bZj5NE8zY-c,"Bonds, interest rates and funding markets",Bill Ackman's Bold Call on Bond Yields,Bond; Yields,true,keyword suggestion; not transcript-verified
5pW5K1tAuCA,"Bonds, interest rates and funding markets",Interest Rates will Explode Higher in 2024,Interest Rates,true,keyword suggestion; not transcript-verified
6CaWCHxOBik,"Bonds, interest rates and funding markets",Reverse Repo Facility will be Completely Drained in 6 Months,Repo,true,keyword suggestion; not transcript-verified
bvt5zA-a43g,"Bonds, interest rates and funding markets",Rising Interest Rates will Break the Market,Interest Rates,true,keyword suggestion; not transcript-verified
p6aCfP4mVxw,"Bonds, interest rates and funding markets",Why Long-Term Rates are Surging - and Won't Slow Down Anytime Soon,Long-Term Rates,true,keyword suggestion; not transcript-verified
_S9OZE8ds5I,"Bonds, interest rates and funding markets",How Large Corporations are Exploiting High Interest Rates Right Now,Interest Rates,true,keyword suggestion; not transcript-verified
ktVgDkZN0Ls,"Bonds, interest rates and funding markets",The Yield Curve has NEVER Done This Before,Yield,true,keyword suggestion; not transcript-verified
2ILCKQ4jGfo,"Bonds, interest rates and funding markets",The Reverse Repo is Draining Again,Repo,true,keyword suggestion; not transcript-verified
hxGyywp-cYU,"Bonds, interest rates and funding markets",The End of Japan's Yield Curve Control,Yield,true,keyword suggestion; not transcript-verified
GIxiFxYAibc,"Bonds, interest rates and funding markets",Interest Rates are Rising at the Fastest Pace in Modern History,Interest Rates,true,keyword suggestion; not transcript-verified
Mmm0-mluWU4,"Bonds, interest rates and funding markets",The Fed is Finally Unleashing their $2.1 Trillion Secret Weapon | Reverse Repo,Repo,true,keyword suggestion; not transcript-verified
AujQYyvRDSc,"Bonds, interest rates and funding markets",Massive Gov Borrowing Binge to Suck Liquidity Out of the Market,Liquidity,true,keyword suggestion; not transcript-verified
2QN_u9I7aJE,"Bonds, interest rates and funding markets",The End of the Bond Bear Market,Bond,true,keyword suggestion; not transcript-verified
-7f4-SXqGRc,"Bonds, interest rates and funding markets",Cash May Outperform Stocks and Bonds Soon,Bonds,true,keyword suggestion; not transcript-verified
ZRJqwkWHfKE,"Bonds, interest rates and funding markets",Why Bank Account Interest Rates are Still So Low,Interest Rates,true,keyword suggestion; not transcript-verified
sSxqdwLROZU,"Bonds, interest rates and funding markets",China Just did the Largest Liquidity Injection Ever,Liquidity,true,keyword suggestion; not transcript-verified
Xkbe63dExUg,"Bonds, interest rates and funding markets",The Junk Bond Market is About to Implode,Bond,true,keyword suggestion; not transcript-verified
AtTSHqZwMxE,"Bonds, interest rates and funding markets","The Next Liquidity Crisis is with Households, NOT Banks",Liquidity,true,keyword suggestion; not transcript-verified
gYL3JRk1HsU,"Bonds, interest rates and funding markets","Japan YCC Holds, but for How Long?",YCC,true,keyword suggestion; not transcript-verified
Y_sIu1blT7k,"Bonds, interest rates and funding markets",Reverse Repo Year End Spike to $2.3 Trillion,Repo,true,keyword suggestion; not transcript-verified
8nJbvwzhhG8,"Bonds, interest rates and funding markets",Reverse Repo Starting to Move Lower,Repo,true,keyword suggestion; not transcript-verified
GLkIPKUyrSg,"Bonds, interest rates and funding markets","The ""Real"" Yield Curve Finally Inverted",Yield,true,keyword suggestion; not transcript-verified
DL5LxjIhxAI,"Bonds, interest rates and funding markets","BOE Actually Stopped Buying Bonds ""For Now""",Bonds,true,keyword suggestion; not transcript-verified
5QOumZMDo00,"Bonds, interest rates and funding markets",Japan's Bond Market is Officially Broken,Bond,true,keyword suggestion; not transcript-verified
V0xiY1W92nc,"Bonds, interest rates and funding markets",Did the Fed Start its Backdoor Bailout with Reverse Repo?,Repo,true,keyword suggestion; not transcript-verified
raCEQeK2RRo,"Bonds, interest rates and funding markets",The Bond Market Just Got Worse than Lehman,Bond,true,keyword suggestion; not transcript-verified
8Azty0-3qok,"Bonds, interest rates and funding markets",Is the Fed Using Repo Market to Secretly Help Japan Dump Treasuries?,Repo,true,keyword suggestion; not transcript-verified
R9Ei-4-q8CI,"Bonds, interest rates and funding markets",Bond Market Liquidity is Drying Up FAST,Bond; Liquidity,true,keyword suggestion; not transcript-verified
oVydq9Goojg,"Bonds, interest rates and funding markets",The 700 Year Fall in Interest Rates Explained,Interest Rates,true,keyword suggestion; not transcript-verified
MlXrn33Gxv4,"Bonds, interest rates and funding markets",Bonds Confirm First Bear Market in Decades,Bonds,true,keyword suggestion; not transcript-verified
8gh4xp4pS_o,"Bonds, interest rates and funding markets",After 3 Years the Fed is Undoing its Repo Market Bailout,Repo,true,keyword suggestion; not transcript-verified
4Fii5s-mGKs,"Bonds, interest rates and funding markets",Why Are Interest Rates STILL So Low?,Interest Rates,true,keyword suggestion; not transcript-verified
1oo0SPqnyXY,"Bonds, interest rates and funding markets",The Yield Curve Inversion Is Real This Time,Yield,true,keyword suggestion; not transcript-verified
_DL_rUN0dQI,"Bonds, interest rates and funding markets",Why is there $2 Trillion in Reverse Repo?,Repo,true,keyword suggestion; not transcript-verified
_yfSV89tqYk,"Bonds, interest rates and funding markets",Worst U.S. Bond Market Since George Washington,Bond,true,keyword suggestion; not transcript-verified
GLvwNfLSHns,"Bonds, interest rates and funding markets",Reverse Repo $2 Trillion For First Time Ever,Repo,true,keyword suggestion; not transcript-verified
00ok6UnlhMk,"Bonds, interest rates and funding markets",Are Real Interest Rates Actually Negative?,Interest Rates,true,keyword suggestion; not transcript-verified
pTOiVAI3plY,"Bonds, interest rates and funding markets","Yield Curve Screaming Recession, Stocks Don’t Care",Yield,true,keyword suggestion; not transcript-verified
EmEIUrl0VTQ,"Bonds, interest rates and funding markets",Repo Expert Warns Sanctions on Russia is 'Lehman Event' Hours Away,Repo,true,keyword suggestion; not transcript-verified
CEXa_YaJzus,"Bonds, interest rates and funding markets",Staggering Inflation Sends Bond Market Tumbling,Bond,true,keyword suggestion; not transcript-verified
ECxf_yqDqSc,"Bonds, interest rates and funding markets",Who Actually Triggered the Repo Market Blowup in Sep '19,Repo,true,keyword suggestion; not transcript-verified
V-33pfq_UOw,"Bonds, interest rates and funding markets",The Bond Market is Flashing Warning Signs,Bond,true,keyword suggestion; not transcript-verified
4lbuV4VVYr0,"Bonds, interest rates and funding markets",The Fed’s $1.5 Trillion Secret Weapon to Fight Rising Interest Rates,Interest Rates,true,keyword suggestion; not transcript-verified
nXWkWumTHiw,"Bonds, interest rates and funding markets",Interest Rates are Surging and the Economy Can't Afford it,Interest Rates,true,keyword suggestion; not transcript-verified
oVtKgViz2fg,"Bonds, interest rates and funding markets",Reverse Repo to Tank Now with Debt Ceiling Increase,Repo,true,keyword suggestion; not transcript-verified
ez2KEkc5iXA,"Bonds, interest rates and funding markets",Worst Inflation in 30 Years will Break the Bond Market,Bond,true,keyword suggestion; not transcript-verified
G_qYPCWG-Ys,"Bonds, interest rates and funding markets",Treasury Yields Just Spiked,Yields,false,keyword suggestion; not transcript-verified
CAdk8Y7Unow,"Bonds, interest rates and funding markets",July Jobs Report Triggers Bond Market Selloff,Bond,false,keyword suggestion; not transcript-verified
D8W52Mf64sU,"Bonds, interest rates and funding markets",Why the Fed's New Standing Repo Facilities are a Big Deal,Repo,false,keyword suggestion; not transcript-verified
LgFNDVWkhn0,"Bonds, interest rates and funding markets",Who is Piling into Bonds Right Now?,Bonds,false,keyword suggestion; not transcript-verified
orET-_WdPEQ,"Bonds, interest rates and funding markets",The Fed Just Lit the Fuse for a Liquidity Crisis,Liquidity,false,keyword suggestion; not transcript-verified
ZpKN7pF7ySI,"Bonds, interest rates and funding markets",The Fed Probably Now Owns Bitcoin Junk Bonds?!,Bonds,false,keyword suggestion; not transcript-verified
nKgYLX9LO_0,"Bonds, interest rates and funding markets",Fed to Start SELLING their Bond ETFs,Bond,false,keyword suggestion; not transcript-verified
3dTfxZtp3ag,"Bonds, interest rates and funding markets",Why Repo Market is Suddenly Surging (and what it means),Repo,false,keyword suggestion; not transcript-verified
xseShZfW7JU,"Bonds, interest rates and funding markets",Investing in Bonds Today is like Playing the Lottery in Reverse,Bonds,false,keyword suggestion; not transcript-verified
sjeno5ytOS0,"Bonds, interest rates and funding markets",The Fed Has Now Admitted to Yield Curve Control,Yield,false,keyword suggestion; not transcript-verified
QyBIiS750sE,"Bonds, interest rates and funding markets",Junk Bonds Signal Rot in the System (same level as dotcom and GFC),Bonds,false,keyword suggestion; not transcript-verified
5m-q0wPUQCI,"Bonds, interest rates and funding markets",Yield Curve Control is COMING | What You Need to Know,Yield,false,keyword suggestion; not transcript-verified
uXlI17qZXIQ,"Bonds, interest rates and funding markets",Record $17 TRILLION in Negative Yield Debt Explained,Yield,false,keyword suggestion; not transcript-verified
JW3KE5DtjU8,"Bonds, interest rates and funding markets",What are Interest Rates Really Telling Us About the Economy Right Now?,Interest Rates,false,keyword suggestion; not transcript-verified
Uth3zk5Q-YI,"Bonds, interest rates and funding markets",Is The Fed Breaking the Law? (Now They are Buying INDIVIDUAL Bonds),Bonds,false,keyword suggestion; not transcript-verified
wNvSGY0-sbE,"Bonds, interest rates and funding markets",Don't Get Caught in the Bond TRAP,Bond,false,keyword suggestion; not transcript-verified
BX5xMHZgKBA,"Bonds, interest rates and funding markets",Negative Interest Rates Coming to the US? They are Already Here,Interest Rates,false,keyword suggestion; not transcript-verified
utg0BbjCWIU,"Bonds, interest rates and funding markets",The Fed Did It! Crushed Volatility in the Repo Market. What Did It Cost?,Repo,false,keyword suggestion; not transcript-verified
gZvVD8M3k54,"Bonds, interest rates and funding markets",The Second Repo Crisis is Just Days Away | This Time Will Be Worse,Repo,false,keyword suggestion; not transcript-verified
FzYkhUEKXfs,"Bonds, interest rates and funding markets","The US Backs Hong Kong! PLUS: China's Nuclear Option, Poland Gold Repatriation, and Repo Update",Repo,false,keyword suggestion; not transcript-verified
o_16_VD6GUY,"Bonds, interest rates and funding markets",The Real Reasons Behind $13 Trillion in Negative Yield Debt,Yield,false,keyword suggestion; not transcript-verified
dwDNllmIaVo,"Bonds, interest rates and funding markets",Fed Cut Interest Rates Again... What Are They Hiding?,Interest Rates,false,keyword suggestion; not transcript-verified
k8DrfQJ7O6g,"Bonds, interest rates and funding markets",Cash Infusions Continue | Fed Repo Operations Signal Systemic Trouble,Repo,false,keyword suggestion; not transcript-verified
xaXAPqMZ6ck,"Bonds, interest rates and funding markets",Could This be the Foreshock Before the Earthquake? | Recent Repo Spike Explained,Repo,false,keyword suggestion; not transcript-verified
JRkI5_AItIo,"Bonds, interest rates and funding markets","Yield Curve Inversion, Market Crash, and Risk in Bonds | Facebook Livestream",Yield; Bonds,false,keyword suggestion; not transcript-verified
iP5oZcB1_UM,"Bonds, interest rates and funding markets",What is the Yield Curve? | Quickly Explained,Yield,false,keyword suggestion; not transcript-verified
Xz0n5bYHNNg,"Banking, leverage and systemic fragility",New AI Just Escaped - Entire Banking System is at Risk,Banking,true,keyword suggestion; not transcript-verified
ih1bSeYqGNM,"Banking, leverage and systemic fragility",The New Bank Deregulation Plan Has Been Unveiled,Bank,true,keyword suggestion; not transcript-verified
8yziUa-xSLE,"Banking, leverage and systemic fragility",Is Private Credit About to Collapse the Economy?,Credit,true,keyword suggestion; not transcript-verified
SnMMpZ5Pipw,"Banking, leverage and systemic fragility",Get Ready for Bank Deregulation,Bank,true,keyword suggestion; not transcript-verified
ZaCuQYGb-WA,"Banking, leverage and systemic fragility",The Government is Increasing Leverage Caps for Big Banks,Leverage; Banks,true,keyword suggestion; not transcript-verified
eF0ezVRItTA,"Banking, leverage and systemic fragility",The Plan to Deregulate the Banks to Bail Out the US Treasury,Banks,true,keyword suggestion; not transcript-verified
xdpf34TyVI0,"Banking, leverage and systemic fragility","A ""Gold Run"" May Have Begun at the Bank of England",Bank,true,keyword suggestion; not transcript-verified
Can_5smdMt4,"Banking, leverage and systemic fragility",Central Banks are Selling US Treasuries and Buying Gold Instead,Banks,true,keyword suggestion; not transcript-verified
A8oR96MiQOE,"Banking, leverage and systemic fragility",Leveraged Longs Outnumber Shorts 100 to 1,Leveraged,true,keyword suggestion; not transcript-verified
83zZrfpM5yI,"Banking, leverage and systemic fragility",Bank Failure Risk is 8x Higher than the GFC,Bank,true,keyword suggestion; not transcript-verified
LyoFKy3wR88,"Banking, leverage and systemic fragility",Why So Many Banks are Ready to Collapse,Banks,true,keyword suggestion; not transcript-verified
bo9xrxkbXAg,"Banking, leverage and systemic fragility",The Fed's Plan to Restart QE - But This Time through Banks,Banks,true,keyword suggestion; not transcript-verified
4q8qlq5VQSQ,"Banking, leverage and systemic fragility",The 2024 Real Estate & Bank Crisis has Begun,Bank,true,keyword suggestion; not transcript-verified
-Ttf7LDhD9U,"Banking, leverage and systemic fragility",Why the Fed’s Bank Bailout Facility is Blowing Up Right Now,Bank; Bailout,true,keyword suggestion; not transcript-verified
RlhWhQSWils,"Banking, leverage and systemic fragility",How the Next Round of Bailouts will be Reserved for the Elites,Bailouts,true,keyword suggestion; not transcript-verified
JS2-JfFy_Ks,"Banking, leverage and systemic fragility",The Second Wave of Bank Failures has Begun,Bank,true,keyword suggestion; not transcript-verified
k5SmvZXiOQ0,"Banking, leverage and systemic fragility",The Credit Bubble is Popping,Credit,true,keyword suggestion; not transcript-verified
CiLxZ4kovrM,"Banking, leverage and systemic fragility",Get Your Cash Out of the Banks,Banks,true,keyword suggestion; not transcript-verified
iRzhPE6k11I,"Banking, leverage and systemic fragility",Every Time Banks Do This a Recession Happens,Banks,true,keyword suggestion; not transcript-verified
p_MxgJ_kcTg,"Banking, leverage and systemic fragility",Fed Report Warns More Banks at Risk of Failure,Banks,true,keyword suggestion; not transcript-verified
yKyruAeG1LA,"Banking, leverage and systemic fragility",Michael Burry's Biggest Short Since the Financial Crisis is NOT What it Seems…,Financial Crisis,true,keyword suggestion; not transcript-verified
DKUxgyyRrmU,"Banking, leverage and systemic fragility",Bank of America is in Trouble,Bank,true,keyword suggestion; not transcript-verified
IOHsHh9Wjhg,"Banking, leverage and systemic fragility",There are Still HUNDREDS of Insolvent Banks,Banks,true,keyword suggestion; not transcript-verified
GScjJrFtWRo,"Banking, leverage and systemic fragility",Money Market Funds are Crushing Banks,Banks,true,keyword suggestion; not transcript-verified
8_6g83m9J9Y,"Banking, leverage and systemic fragility",The Second Largest Bank Failure in US History | First Republic Bank,Bank,true,keyword suggestion; not transcript-verified
G28LPAkaEfo,"Banking, leverage and systemic fragility",The Second Wave of Bank Failures,Bank,true,keyword suggestion; not transcript-verified
74OCqDQV4Qw,"Banking, leverage and systemic fragility",Banks are Hemorrhaging Deposits to Money Market Funds,Banks; Deposits,true,keyword suggestion; not transcript-verified
dPODhNsVVRk,"Banking, leverage and systemic fragility",Central Bank Digital Currencies are Officially Here,Bank,true,keyword suggestion; not transcript-verified
1isLwFRD8dI,"Banking, leverage and systemic fragility",Central Banks are Preparing for a Global Sovereign Debt Crisis,Banks,true,keyword suggestion; not transcript-verified
wwG5dQS29sc,"Banking, leverage and systemic fragility",The Credit Crunch (and consequences) Explained,Credit,true,keyword suggestion; not transcript-verified
CEcNnNyYaz4,"Banking, leverage and systemic fragility",Fractional Reserve Banking May Not Exist for Much Longer,Banking,true,keyword suggestion; not transcript-verified
I9M2fLMoERo,"Banking, leverage and systemic fragility",This Real Estate Crash will Wipe Out the Banks,Banks,true,keyword suggestion; not transcript-verified
bo3mmUSyULo,"Banking, leverage and systemic fragility","It’s One Big (bailout) Club, and You’re Not In It",bailout,true,keyword suggestion; not transcript-verified
JjP30g4_vKs,"Banking, leverage and systemic fragility",The Biggest Deleveraging in History has Begun,Deleveraging,true,keyword suggestion; not transcript-verified
Cg8tGQ0m5FE,"Banking, leverage and systemic fragility",Credit Suisse: Bank Contagion has Reached Europe,Credit; Bank,true,keyword suggestion; not transcript-verified
qRlCh_8j4Yk,"Banking, leverage and systemic fragility",Who is REALLY Paying For the Bank Bailouts?,Bank; Bailouts,true,keyword suggestion; not transcript-verified
gDxWxxHXeaI,"Banking, leverage and systemic fragility",The Real Reason Banks are Suddenly Collapsing,Banks,true,keyword suggestion; not transcript-verified
z1aO-SOjIBI,"Banking, leverage and systemic fragility",BIS Issues a Warning to Central Banks about Inflation,Banks,true,keyword suggestion; not transcript-verified
ZRJqwkWHfKE,"Banking, leverage and systemic fragility",Why Bank Account Interest Rates are Still So Low,Bank,true,keyword suggestion; not transcript-verified
AtTSHqZwMxE,"Banking, leverage and systemic fragility","The Next Liquidity Crisis is with Households, NOT Banks",Banks,true,keyword suggestion; not transcript-verified
RRwWj0W6t2g,"Banking, leverage and systemic fragility",Bank of England Begins Stage One CBDC,Bank,true,keyword suggestion; not transcript-verified
qSx8nqCxIs0,"Banking, leverage and systemic fragility",Bank of America CEO is Preparing for US Default,Bank,true,keyword suggestion; not transcript-verified
0yHp6sHB-jY,"Banking, leverage and systemic fragility",The Credit Card Apocalypse has Begun,Credit,true,keyword suggestion; not transcript-verified
W7NTTQVSa94,"Banking, leverage and systemic fragility",Banks Have Over $5 Trillion in Reserves,Banks,true,keyword suggestion; not transcript-verified
0w9w7F5pZ7k,"Banking, leverage and systemic fragility",I Explained Fractional Reserve Banking to my 5 Year Old,Banking,true,keyword suggestion; not transcript-verified
WlRu4kpdKI8,"Banking, leverage and systemic fragility",Swiss Central Bank Just Posted its Largest Loss in History,Bank,true,keyword suggestion; not transcript-verified
l2QYI3Wflzw,"Banking, leverage and systemic fragility",Central Banks Haven't Done This Since Before 1971,Banks,true,keyword suggestion; not transcript-verified
Y92ORshcZzU,"Banking, leverage and systemic fragility",Is QT Actually Inflationary? (Fed Paying Banks Billions),Banks,true,keyword suggestion; not transcript-verified
4xKDRi1Bmpc,"Banking, leverage and systemic fragility","Harvard Tells Central Banks: ""Hedge Against US Sanctions""",Banks,true,keyword suggestion; not transcript-verified
FblXQ7qa-B4,"Banking, leverage and systemic fragility",Are Central Banks Planning a Gold Revaluation?,Banks,true,keyword suggestion; not transcript-verified
nA9SQGvf3EM,"Banking, leverage and systemic fragility","You Cannot ""Diversify Away"" Systemic Risk",Systemic Risk,true,keyword suggestion; not transcript-verified
zRtSUX0qpYM,"Banking, leverage and systemic fragility",Record High Gold Buying from Mystery Central Bank,Bank,true,keyword suggestion; not transcript-verified
rmiReNSEids,"Banking, leverage and systemic fragility",Yellen Wants a Second Central Bank,Bank,true,keyword suggestion; not transcript-verified
mCRUu__KgsA,"Banking, leverage and systemic fragility",The Bank of England Bailout Just Got Bigger,Bank; Bailout,true,keyword suggestion; not transcript-verified
V0xiY1W92nc,"Banking, leverage and systemic fragility",Did the Fed Start its Backdoor Bailout with Reverse Repo?,Bailout,true,keyword suggestion; not transcript-verified
wW4XkW4n-4k,"Banking, leverage and systemic fragility","Swiss Bank Falls, US Banks Next?",Bank; Banks,true,keyword suggestion; not transcript-verified
NprQ3_SbzbM,"Banking, leverage and systemic fragility",Credit Card Debt is about to Wipe Out Most Americans,Credit,true,keyword suggestion; not transcript-verified
raCEQeK2RRo,"Banking, leverage and systemic fragility",The Bond Market Just Got Worse than Lehman,Lehman,true,keyword suggestion; not transcript-verified
8my3wSVW6l8,"Banking, leverage and systemic fragility",What is a Central Bank Digital Currency? Explained Simply,Bank,true,keyword suggestion; not transcript-verified
8gh4xp4pS_o,"Banking, leverage and systemic fragility",After 3 Years the Fed is Undoing its Repo Market Bailout,Bailout,true,keyword suggestion; not transcript-verified
XiKG2dNg3XQ,"Banking, leverage and systemic fragility",Central Banks Warn of New Era of High Inflation,Banks,true,keyword suggestion; not transcript-verified
il95lUSMJHg,"Banking, leverage and systemic fragility",The Deleveraging is Inevitable - But Does it Have to Hurt?,Deleveraging,true,keyword suggestion; not transcript-verified
yi6LpG5dRsM,"Banking, leverage and systemic fragility",Switzerlands' Second Largest Bank Issues a Profit WARNING,Bank,true,keyword suggestion; not transcript-verified
E5rY9-3lFpo,"Banking, leverage and systemic fragility","The Next Bailout Will Be Only For Them, NOT For You",Bailout,true,keyword suggestion; not transcript-verified
_kPsIR2ukCo,"Banking, leverage and systemic fragility","Yellen Vows Next Bailout to come ""As Quickly As Possible""",Bailout,true,keyword suggestion; not transcript-verified
KHd9ICO5LD4,"Banking, leverage and systemic fragility",Global Banking System on the Verge of Collapse,Banking,true,keyword suggestion; not transcript-verified
EmEIUrl0VTQ,"Banking, leverage and systemic fragility",Repo Expert Warns Sanctions on Russia is 'Lehman Event' Hours Away,Lehman,true,keyword suggestion; not transcript-verified
JSdc36LrfbQ,"Banking, leverage and systemic fragility",Central Bank Digital Currencies: How Freedom Dies,Bank,true,keyword suggestion; not transcript-verified
kwnAqVtKa0U,"Banking, leverage and systemic fragility",Fed to Stress Test Banks with Turmoil in Debt Markets,Banks,true,keyword suggestion; not transcript-verified
OJDz1pJAi3U,"Banking, leverage and systemic fragility",Credit Spreads are Widening and Bankers Don't Care,Credit,true,keyword suggestion; not transcript-verified
phuaGCQMoLY,"Banking, leverage and systemic fragility",Big Banks Recommend Layoffs to Deal with Rising Wages,Banks,true,keyword suggestion; not transcript-verified
9PDKnmlGm1I,"Banking, leverage and systemic fragility","Silver Squeeze is Working, Banks are Stuck Short",Banks,true,keyword suggestion; not transcript-verified
7SxmPhFKO8E,"Banking, leverage and systemic fragility",Bank Error Sends $176 Million... then asks for it back,Bank,true,keyword suggestion; not transcript-verified
kJKfv2AHAZQ,"Banking, leverage and systemic fragility",Why Inflation is Actually Just a Run on the Bank,Bank,true,keyword suggestion; not transcript-verified
vxCJeo2iO1g,"Banking, leverage and systemic fragility",um... it MIGHT be time to deleverage,deleverage,true,keyword suggestion; not transcript-verified
5st12hYUcDM,"Banking, leverage and systemic fragility",The Biggest Deleveraging in History is Coming - and it can't be stopped,Deleveraging,false,keyword suggestion; not transcript-verified
vIPqzzT6u70,"Banking, leverage and systemic fragility","Evergrande Still No Bailout, Contagion Spreading",Bailout,false,keyword suggestion; not transcript-verified
YbQAeDtsRm4,"Banking, leverage and systemic fragility",Could China's Evergrande Spark the Next Global Financial Crisis?,Financial Crisis,false,keyword suggestion; not transcript-verified
dINDgvrayhA,"Banking, leverage and systemic fragility",Bank Collateral Shortage Going from Bad to Worse,Bank,false,keyword suggestion; not transcript-verified
A4UWtTyp75c,"Banking, leverage and systemic fragility",Wells Fargo Shuts Down All Personal Lines of Credit,Credit,false,keyword suggestion; not transcript-verified
ODdQHamtr9A,"Banking, leverage and systemic fragility",Basel III FINALLY Here - What Now?,Basel III,false,keyword suggestion; not transcript-verified
UW9LbfuCTP0,"Banking, leverage and systemic fragility",Central Bank Digital Currencies ARE NOT Cryptocurrencies (explained SIMPLY),Bank,false,keyword suggestion; not transcript-verified
Qb4mvxzRrVA,"Banking, leverage and systemic fragility",Basel III Update - Happening June 28?,Basel III,false,keyword suggestion; not transcript-verified
KUF_PyEVhxI,"Banking, leverage and systemic fragility","Hedge Fund FAILS: Banks Lose Billions, Threatens Financial System",Banks,false,keyword suggestion; not transcript-verified
L1vfTyAGyJA,"Banking, leverage and systemic fragility",Fed Does NOT Extend Capital Requirement Relief for Banks!,Banks,false,keyword suggestion; not transcript-verified
4N1CZlYwsGU,"Banking, leverage and systemic fragility",$1.9 Trillion Stimulus Bill Poses Threat to Banks,Banks,false,keyword suggestion; not transcript-verified
UEhdkj7SBxc,"Banking, leverage and systemic fragility",Fed Cover Up?! Major Issues for Banks THIS MONTH,Banks,false,keyword suggestion; not transcript-verified
m6jvUiKFkSM,"Banking, leverage and systemic fragility",Bullion Banks Look Like a Failing Currency Peg,Banks,false,keyword suggestion; not transcript-verified
KpAomztLIqE,"Banking, leverage and systemic fragility",Central Banks are Bullish on Gold Again,Banks,false,keyword suggestion; not transcript-verified
9p08nAAgkUg,"Banking, leverage and systemic fragility",[CLIP] Brief History of Money: Credit to Commodity to Paper to Digital,Credit,false,keyword suggestion; not transcript-verified
tH57Qs9pOjI,"Banking, leverage and systemic fragility",[CLIP] Central Bank Digital Currencies are NOT Cryptocurrencies,Bank,false,keyword suggestion; not transcript-verified
ebcjVBEb1c8,"Banking, leverage and systemic fragility",[CLIP] Central Bank Digital Currencies will make Banks Obsolete,Bank; Banks,false,keyword suggestion; not transcript-verified
5GJqdyrBGp8,"Banking, leverage and systemic fragility",[CLIP] CBDC's Give Central Banks Precise Economic Control,Banks,false,keyword suggestion; not transcript-verified
Z6pXRxGYm_4,"Banking, leverage and systemic fragility",Central Bank Digital Currencies are HERE | What You Need to Know,Bank,false,keyword suggestion; not transcript-verified
ewpKMWveo_s,"Banking, leverage and systemic fragility",Did Someone Just Secretly FORCE Banks to Start Lending Again?? (this is big),Banks,false,keyword suggestion; not transcript-verified
dhV0GbSBisU,"Banking, leverage and systemic fragility","How to Navigate a Currency Reset | Pt. 3 - Day to Day (Debt, Bills, and Banking)",Banking,false,keyword suggestion; not transcript-verified
6fZ6Io_UZ8I,"Banking, leverage and systemic fragility",Bank of England STEALS Venezuela's Gold | Spells BIG Risk for GLD Owners,Bank,false,keyword suggestion; not transcript-verified
u_R0O1Lp94Y,"Banking, leverage and systemic fragility",Fed Stress Test Reveals Banking Crisis Imminent?,Banking,false,keyword suggestion; not transcript-verified
R89fxkMquxM,"Banking, leverage and systemic fragility",The $40 TRILLION Derivatives Ticking-Time Bomb (Bigger than Lehman),Lehman,false,keyword suggestion; not transcript-verified
oJFk6485Ptk,"Banking, leverage and systemic fragility",What Is Maturity Transformation? The Perfect Holiday Discussion Topic,Maturity Transformation,false,keyword suggestion; not transcript-verified
YnoJnmQvAoM,"Banking, leverage and systemic fragility",The Shadow Banking System Exposed and Explained,Banking,false,keyword suggestion; not transcript-verified
-SPdHErqEUM,The dollar and the international monetary system,"It's Not the Stock Market That's Dangerous, It's the Dollar.",Dollar,true,keyword suggestion; not transcript-verified
5ZXs9RSVd40,The dollar and the international monetary system,The Yen is Showing You EXACTLY How the Dollar Ends,Yen; Dollar,true,keyword suggestion; not transcript-verified
ZiC3kOBHh1I,The dollar and the international monetary system,The Death of the Dollar Just Died,Dollar,true,keyword suggestion; not transcript-verified
StqXPxjGnRY,The dollar and the international monetary system,New Treasury Swap Lines to Protect Dollar Dominance in Middle East,Swap Lines; Dollar,true,keyword suggestion; not transcript-verified
rEBV24H0PSY,The dollar and the international monetary system,New Clarity Act is Trojan Horse for Dollar as Global Reserve Currency,Dollar; Reserve Currenc,true,keyword suggestion; not transcript-verified
iyWWYA2O1xA,The dollar and the international monetary system,Dollars ARE Debt,Dollars,true,keyword suggestion; not transcript-verified
9cKA0jZI9pU,The dollar and the international monetary system,How Long Will it Take for the Dollar to Hyperinflate,Dollar,true,keyword suggestion; not transcript-verified
yvutdxMsxic,The dollar and the international monetary system,"It’s Not an Everything Bubble, it’s a Dollar Collapse",Dollar,true,keyword suggestion; not transcript-verified
Y1OKIgfJ8Qc,The dollar and the international monetary system,The Government is Borrowing Half a Trillion Dollars Per Month,Dollars,true,keyword suggestion; not transcript-verified
O3DGQvyepUQ,The dollar and the international monetary system,What I Learned Losing a Million Dollars,Dollars,true,keyword suggestion; not transcript-verified
iM3gDv8o3-s,The dollar and the international monetary system,This is How the Dollar Dies,Dollar,true,keyword suggestion; not transcript-verified
AFlUmeYZBGI,The dollar and the international monetary system,The Next Planned Black Swan: Global De-Dollarization,De-Dollari,true,keyword suggestion; not transcript-verified
5sg2fgo2a0g,The dollar and the international monetary system,"Capital Controls are Coming, and You Need to Prepare for it Now",Capital Controls,true,keyword suggestion; not transcript-verified
iGBsuBnfcJc,The dollar and the international monetary system,"Japan's ""Yen Carry Trade"" is Unwinding - and Breaking the Market",Yen,true,keyword suggestion; not transcript-verified
aEqD9YW7224,The dollar and the international monetary system,This is What a Global Currency Transition Looks Like,Currency,true,keyword suggestion; not transcript-verified
19c_nf8RtVg,The dollar and the international monetary system,"No, Saudi Arabia Did Not Just End a Decades-Old Dollar Agreement",Dollar,true,keyword suggestion; not transcript-verified
LQ0M66_AjXo,The dollar and the international monetary system,"The Dollar is About to ""Crash"" Higher",Dollar,true,keyword suggestion; not transcript-verified
tksDsr0CRjE,The dollar and the international monetary system,Is The Dollar In Danger of Dying?,Dollar,true,keyword suggestion; not transcript-verified
hyAv47t5g_E,The dollar and the international monetary system,A Global Debt Crisis will Send the Dollar Soaring Higher,Dollar,true,keyword suggestion; not transcript-verified
pWCJsyupv6Q,The dollar and the international monetary system,The Truth about BRICS Gold-Backed Currency,Currency,true,keyword suggestion; not transcript-verified
91z8VFoIFiQ,The dollar and the international monetary system,RFK Jr. Plans to Back the US Dollar with Bitcoin and Gold,Dollar,true,keyword suggestion; not transcript-verified
jwvp6W_dokc,The dollar and the international monetary system,Why the Dollar is Suddenly Collapsing,Dollar,true,keyword suggestion; not transcript-verified
utGRDj0vFAI,The dollar and the international monetary system,The Truth About Gold-Backed Cryptocurrencies,currencies,true,keyword suggestion; not transcript-verified
mvP0nYHZLN8,The dollar and the international monetary system,One World Currency,Currency,true,keyword suggestion; not transcript-verified
BRbIW-dx7jw,The dollar and the international monetary system,How Currencies Start - and Why they Always Fail,Currencies,true,keyword suggestion; not transcript-verified
ztxkqS4hvr4,The dollar and the international monetary system,Why America's Enemies Can't Dump the Dollar (yet),Dollar,true,keyword suggestion; not transcript-verified
Gmy6lCgldNY,The dollar and the international monetary system,The Dollar will Spike Before it Fails,Dollar,true,keyword suggestion; not transcript-verified
gMprGLMz-1A,The dollar and the international monetary system,What Happens to Your Debt when the Dollar Dies,Dollar,true,keyword suggestion; not transcript-verified
dPODhNsVVRk,The dollar and the international monetary system,Central Bank Digital Currencies are Officially Here,Currencies,true,keyword suggestion; not transcript-verified
n7KlLwASTKA,The dollar and the international monetary system,Why the World Doesn't Need Dollars for Oil Anymore,Dollars,true,keyword suggestion; not transcript-verified
UOw5rZFgcoE,The dollar and the international monetary system,Cross-Border Digital Payment System Goes Live in India and Singapore,Cross-Border Digital Payment,true,keyword suggestion; not transcript-verified
Q26Dt1UkLXk,The dollar and the international monetary system,Lebanon 90% Currency Devaluation Overnight,Currency,true,keyword suggestion; not transcript-verified
M7RO6ETwrxE,The dollar and the international monetary system,"Saudi Arabia  ""Open to Trade in Other Currencies""",Currencies,true,keyword suggestion; not transcript-verified
tc0xrgkEJRY,The dollar and the international monetary system,"Russia Doubled their Gold and Yuan, No More Yen & Pound",Yuan; Yen,true,keyword suggestion; not transcript-verified
IkEN1z6hRWQ,The dollar and the international monetary system,Russia Predicts US Civil War and Euro Collapse in 2023,Euro,true,keyword suggestion; not transcript-verified
aefs5v_VaTI,The dollar and the international monetary system,The World is Racing to Dump the Dollar,Dollar,true,keyword suggestion; not transcript-verified
PudmVV_7xL0,The dollar and the international monetary system,Russia to Start Buying More Yuan in 2023,Yuan,true,keyword suggestion; not transcript-verified
6dATBptUrVk,The dollar and the international monetary system,There is $80 Trillion in Missing Dollar Debt,Dollar,true,keyword suggestion; not transcript-verified
GZXUuGJ3mPc,The dollar and the international monetary system,Ghana to Buy Oil with Gold instead of Dollars,Dollars,true,keyword suggestion; not transcript-verified
l8HGRvkc0pA,The dollar and the international monetary system,The Fed Just Launched the Digital Dollar,Dollar,true,keyword suggestion; not transcript-verified
v_dpmvZr8ok,The dollar and the international monetary system,The Digital Euro is Coming... and it's Pure Tyranny,Euro,true,keyword suggestion; not transcript-verified
fbefA7-zRK0,The dollar and the international monetary system,The Fed is Hemorrhaging Billions of Dollars,Dollars,true,keyword suggestion; not transcript-verified
T15i_4o8gJc,The dollar and the international monetary system,Japan Forced to Rescue the Yen... Again,Yen,true,keyword suggestion; not transcript-verified
IQORd6dmqW8,The dollar and the international monetary system,Japan Trade Deficit hits Record as Yen Collapses,Yen,true,keyword suggestion; not transcript-verified
8my3wSVW6l8,The dollar and the international monetary system,What is a Central Bank Digital Currency? Explained Simply,Currency,true,keyword suggestion; not transcript-verified
96HMQP8nbao,The dollar and the international monetary system,How Fiat Currency Caused the Global Energy Crisis,Currency,true,keyword suggestion; not transcript-verified
ypyaZJ_6KPA,The dollar and the international monetary system,How a Strong Dollar is Actually Exporting US Inflation,Dollar,true,keyword suggestion; not transcript-verified
wXNDfa-DExE,The dollar and the international monetary system,The Dollar is Set for a Big Move Higher,Dollar,true,keyword suggestion; not transcript-verified
0M6T0KZEft4,The dollar and the international monetary system,China and Russia are Making a New Global Reserve Currency,Reserve Currenc,true,keyword suggestion; not transcript-verified
9qbplQX9JWM,The dollar and the international monetary system,Foreign Dollars are Piling into US Real Estate,Dollars,true,keyword suggestion; not transcript-verified
otPl9nDb1Og,The dollar and the international monetary system,Stronger Dollar is Pushing the Global Economy to its Breaking Point… Again,Dollar,true,keyword suggestion; not transcript-verified
JeM17XpLnNA,The dollar and the international monetary system,More Global De-Dollarization from Nigeria,De-Dollari,true,keyword suggestion; not transcript-verified
BNp9DVpzyqM,The dollar and the international monetary system,India No Longer Requires Dollars for Imports/Exports,Dollars,true,keyword suggestion; not transcript-verified
9bBdH7HdRyg,The dollar and the international monetary system,Japan Has Lost Control of the Yen,Yen,true,keyword suggestion; not transcript-verified
hrvzFqD9wnU,The dollar and the international monetary system,The Government Wants to Regulate Cryptocurrencies like Commodities,currencies,true,keyword suggestion; not transcript-verified
JxctBTnGuNE,The dollar and the international monetary system,Iran Proposes New International Currency,Currency,true,keyword suggestion; not transcript-verified
KE0TrlqkooY,The dollar and the international monetary system,The Turkish Lira is Collapsing,Turkish Lira,true,keyword suggestion; not transcript-verified
I4jm_ovYIGM,The dollar and the international monetary system,US to Create CBDC Global Monopoly using SWIFT,SWIFT,true,keyword suggestion; not transcript-verified
YmKWwc9pikA,The dollar and the international monetary system,"Israel Reduces Dollar Exposure, Adds Chinese Yuan",Dollar; Yuan,true,keyword suggestion; not transcript-verified
WhfhcgHO_Kk,The dollar and the international monetary system,The Japanese Yen is Collapsing,Yen,true,keyword suggestion; not transcript-verified
ajEAloBrp2g,The dollar and the international monetary system,How things get Re-Priced when a Currency Fails,Currency,true,keyword suggestion; not transcript-verified
bjYNsPr3R7A,The dollar and the international monetary system,Who is Really Winning the Currency War?,Currency,true,keyword suggestion; not transcript-verified
0kQ3pOAKeto,The dollar and the international monetary system,Does it Matter if Oil is Not Priced in Dollars Anymore?,Dollars,true,keyword suggestion; not transcript-verified
_dvPN3Vd6l8,The dollar and the international monetary system,New Bill deems El Salvador Bitcoin 'THREAT' to US Dollar and Financial System,Dollar,true,keyword suggestion; not transcript-verified
ULpcZ-tNvrU,The dollar and the international monetary system,"Gold's Role in Global De-Dollarization with Michael Wood, CEO of Reyna Gold",De-Dollari,true,keyword suggestion; not transcript-verified
U4QZVafAr_M,The dollar and the international monetary system,Saudis in talks with China to price Oil in Yuan instead of Dollars,Yuan; Dollars,true,keyword suggestion; not transcript-verified
t4ZOno91g64,The dollar and the international monetary system,Nigeria Ran Out of Dollars,Dollars,true,keyword suggestion; not transcript-verified
nVOk_X-LCKE,The dollar and the international monetary system,Why the Dollar's Strength is a Sign of Weakness,Dollar,true,keyword suggestion; not transcript-verified
GrSn66StrzY,The dollar and the international monetary system,This is How the Dollar Dies,Dollar,true,keyword suggestion; not transcript-verified
JSdc36LrfbQ,The dollar and the international monetary system,Central Bank Digital Currencies: How Freedom Dies,Currencies,true,keyword suggestion; not transcript-verified
2IZ9b2WeWrY,The dollar and the international monetary system,Is the Euro in Trouble?,Euro,true,keyword suggestion; not transcript-verified
Tsaj7IVHaDE,The dollar and the international monetary system,Why the Rising Dollar Poses a Threat to Global Markets,Dollar,true,keyword suggestion; not transcript-verified
UW9LbfuCTP0,The dollar and the international monetary system,Central Bank Digital Currencies ARE NOT Cryptocurrencies (explained SIMPLY),Currencies; currencies,false,keyword suggestion; not transcript-verified
uhYB3b0xg1w,The dollar and the international monetary system,El Salvador Enters the Global Currency War,Currency,false,keyword suggestion; not transcript-verified
dY3oLXxjpJY,The dollar and the international monetary system,Russia's Wealth Fund Dumps ALL Dollars? The Truth,Dollars,false,keyword suggestion; not transcript-verified
GsTCqC5LFFI,The dollar and the international monetary system,"US Slams Russia with Sanctions, Escalates Global Currency War",Currency,false,keyword suggestion; not transcript-verified
ocB8IzkXr9s,The dollar and the international monetary system,How to Short the Dollar,Dollar,false,keyword suggestion; not transcript-verified
1vaafsI9R4I,The dollar and the international monetary system,Russia Now has More Gold than Dollars,Dollars,false,keyword suggestion; not transcript-verified
m6jvUiKFkSM,The dollar and the international monetary system,Bullion Banks Look Like a Failing Currency Peg,Currency,false,keyword suggestion; not transcript-verified
DSHH0d3F4Sw,The dollar and the international monetary system,"Breakouts! Hard Money Pumps, Easy Dollar Dumps",Dollar,false,keyword suggestion; not transcript-verified
POWITszxGZY,The dollar and the international monetary system,China's Digital Currency Takes it Up a Notch,Currency,false,keyword suggestion; not transcript-verified
070ZxBDTo7k,The dollar and the international monetary system,Capital Flight OUT of the USA has Begun,Capital Flight,false,keyword suggestion; not transcript-verified
4Gelc5r4cug,The dollar and the international monetary system,Every Dollar You Own is a Loan to the Government,Dollar,false,keyword suggestion; not transcript-verified
Z6-Oe__BUu4,The dollar and the international monetary system,EVERY Dollar the Government Spends Comes from Your Wallet | Here’s How,Dollar,false,keyword suggestion; not transcript-verified
A2S4Y01iB5Y,The dollar and the international monetary system,What Happens to your PENSION in a Currency Reset?,Currency,false,keyword suggestion; not transcript-verified
tH57Qs9pOjI,The dollar and the international monetary system,[CLIP] Central Bank Digital Currencies are NOT Cryptocurrencies,Currencies; currencies,false,keyword suggestion; not transcript-verified
ebcjVBEb1c8,The dollar and the international monetary system,[CLIP] Central Bank Digital Currencies will make Banks Obsolete,Currencies,false,keyword suggestion; not transcript-verified
Z6pXRxGYm_4,The dollar and the international monetary system,Central Bank Digital Currencies are HERE | What You Need to Know,Currencies,false,keyword suggestion; not transcript-verified
-1dYjGsydAI,The dollar and the international monetary system,Iran Ditches the Dollar for Chinese Yuan,Dollar; Yuan,false,keyword suggestion; not transcript-verified
XMqbt4_Kurg,The dollar and the international monetary system,"How a New ""Treasury Dollar"" could Replace Federal Reserve Notes",Dollar,false,keyword suggestion; not transcript-verified
XIB4IOrbKZo,The dollar and the international monetary system,How to Navigate a Currency Reset | Pt. 4 (final) - Escape Plan,Currency,false,keyword suggestion; not transcript-verified
dhV0GbSBisU,The dollar and the international monetary system,"How to Navigate a Currency Reset | Pt. 3 - Day to Day (Debt, Bills, and Banking)",Currency,false,keyword suggestion; not transcript-verified
sBiGDFnFBlQ,The dollar and the international monetary system,The Dollar Dump is Pushing Stocks to Follow Gold's Lead to All Time Highs,Dollar,false,keyword suggestion; not transcript-verified
99DH1YaThJ0,The dollar and the international monetary system,How to Navigate through a Currency Reset | Pt. 2 - Taxable Assets,Currency,false,keyword suggestion; not transcript-verified
yWbpv6B4gWg,The dollar and the international monetary system,How to Navigate through a Currency Reset | Pt. 1 - Retirement,Currency,false,keyword suggestion; not transcript-verified
etMYLScvmV0,The dollar and the international monetary system,China Takes Another Shot at the Dollar,Dollar,false,keyword suggestion; not transcript-verified
KErptNzYwfc,The dollar and the international monetary system,Is There a Dollar Shortage?,Dollar,false,keyword suggestion; not transcript-verified
z3MDZS31GqM,The dollar and the international monetary system,Dollar Strength or Dollar Weakness? What you need to know.,Dollar,false,keyword suggestion; not transcript-verified
2HAgQ1zw1eU,The dollar and the international monetary system,The Currency War Escalates as China Seeks to Dethrone the Dollar,Currency; Dollar,false,keyword suggestion; not transcript-verified
geUMT2ytdd4,The dollar and the international monetary system,"Fed Monetizing ALL Debt Now, Facilitating Dollar Devaluation",Dollar,false,keyword suggestion; not transcript-verified
Mgi4eSJs0hw,The dollar and the international monetary system,History in the Making: The Collapse of the Dollar's Reign,Dollar,false,keyword suggestion; not transcript-verified
XzmCYAnIrnk,The dollar and the international monetary system,The Lindy Effect | Why Gold Will Outlast Dollars,Dollars,false,keyword suggestion; not transcript-verified
-GT2FmXrAto,"Cryptoassets, CBDCs and digital money",Is Bitcoin Dead?,Bitcoin,true,keyword suggestion; not transcript-verified
74dO0cTMUZc,"Cryptoassets, CBDCs and digital money",The Government is About to Print $1 Trillion to Buy Bitcoin,Bitcoin,false,keyword suggestion; not transcript-verified
YybhrWm93-4,"Cryptoassets, CBDCs and digital money",The End of Bitcoin?,Bitcoin,true,keyword suggestion; not transcript-verified
QkUrY0ydEjk,"Cryptoassets, CBDCs and digital money",Is MicroStrategy a Ponzi Scheme?,MicroStrategy,true,keyword suggestion; not transcript-verified
CjiL_uvB67A,"Cryptoassets, CBDCs and digital money",The REAL Reason the US is Racing to Embrace Crypto,Crypto,true,keyword suggestion; not transcript-verified
1S5J8UAW2ns,"Cryptoassets, CBDCs and digital money",Congress is Considering Revaluing Gold to Buy Bitcoin,Bitcoin,true,keyword suggestion; not transcript-verified
jNgf4MMw0Do,"Cryptoassets, CBDCs and digital money",Bitcoin - The Final Cycle,Bitcoin,true,keyword suggestion; not transcript-verified
0Fg30bxX9BA,"Cryptoassets, CBDCs and digital money",Buying Bitcoin Now Will Not Make Your Descendants Rich,Bitcoin,true,keyword suggestion; not transcript-verified
Y_O8XH8vmo8,"Cryptoassets, CBDCs and digital money","The BlackRock Bitcoin ETF is Coming Soon, but Not First",Bitcoin,true,keyword suggestion; not transcript-verified
-mNneIs2Cn0,"Cryptoassets, CBDCs and digital money",One Final Bitcoin Dump Before SEC Approves ETF (big money front running widespread adoption),Bitcoin,true,keyword suggestion; not transcript-verified
O_RVvqvG1a8,"Cryptoassets, CBDCs and digital money",Worldcoin | The Sh*tcoin to Enslave Humanity is Here,Worldcoin,true,keyword suggestion; not transcript-verified
91z8VFoIFiQ,"Cryptoassets, CBDCs and digital money",RFK Jr. Plans to Back the US Dollar with Bitcoin and Gold,Bitcoin,true,keyword suggestion; not transcript-verified
EsfZkAuf3Ok,"Cryptoassets, CBDCs and digital money",Big Money is Front Running a Big Move into Bitcoin,Bitcoin,true,keyword suggestion; not transcript-verified
t5TwxRzEk18,"Cryptoassets, CBDCs and digital money",The IMF Unveiled their Blueprint for a Global CBDC,CBDC,true,keyword suggestion; not transcript-verified
utGRDj0vFAI,"Cryptoassets, CBDCs and digital money",The Truth About Gold-Backed Cryptocurrencies,Crypto,true,keyword suggestion; not transcript-verified
5oWVf0yd60I,"Cryptoassets, CBDCs and digital money",The SEC Attack on Crypto is Unconstitutional,Crypto,true,keyword suggestion; not transcript-verified
dPODhNsVVRk,"Cryptoassets, CBDCs and digital money",Central Bank Digital Currencies are Officially Here,Digital Currenc,true,keyword suggestion; not transcript-verified
WIZKHj_DW3E,"Cryptoassets, CBDCs and digital money",Their Secret Plan to Kill Crypto and Launch FedNow CBDC,Crypto; CBDC,true,keyword suggestion; not transcript-verified
RRwWj0W6t2g,"Cryptoassets, CBDCs and digital money",Bank of England Begins Stage One CBDC,CBDC,true,keyword suggestion; not transcript-verified
_hiuY33ONDA,"Cryptoassets, CBDCs and digital money","Chinese Adoption of CBDC has been ""Low and Inactive""",CBDC,true,keyword suggestion; not transcript-verified
w3KTg_mgsBM,"Cryptoassets, CBDCs and digital money",Michael Saylor's MicroStrategy just SOLD Bitcoin,MicroStrategy; Bitcoin,true,keyword suggestion; not transcript-verified
wR89I4v97sU,"Cryptoassets, CBDCs and digital money",Nigeria Just Capped ATM Withdrawals to Push CBDC,CBDC,true,keyword suggestion; not transcript-verified
LGd07eOa0wU,"Cryptoassets, CBDCs and digital money",New Push for CBDC in UK with Digital Pound,CBDC,true,keyword suggestion; not transcript-verified
a12u4sVHD7U,"Cryptoassets, CBDCs and digital money",Nigerians Reject CBDC for Bitcoin,CBDC; Bitcoin,true,keyword suggestion; not transcript-verified
ATlG9IajjEs,"Cryptoassets, CBDCs and digital money",Rejecting a CBDC will Cost You Your Pension,CBDC,true,keyword suggestion; not transcript-verified
sC8AgqMIhaw,"Cryptoassets, CBDCs and digital money",Biden's New Crypto Regulation - What You Need to Know,Crypto,true,keyword suggestion; not transcript-verified
8my3wSVW6l8,"Cryptoassets, CBDCs and digital money",What is a Central Bank Digital Currency? Explained Simply,Digital Currenc,true,keyword suggestion; not transcript-verified
YzJjYVZowPI,"Cryptoassets, CBDCs and digital money",The Fed Just Announced CBDC Launch 2023,CBDC,true,keyword suggestion; not transcript-verified
JQrl5QZs2oc,"Cryptoassets, CBDCs and digital money",Fed President Just DESTROYED Argument for CBDC,CBDC,true,keyword suggestion; not transcript-verified
bCLTU3L6-xU,"Cryptoassets, CBDCs and digital money",The War on Crypto has Begun,Crypto,true,keyword suggestion; not transcript-verified
6Q2rRGWiJ7U,"Cryptoassets, CBDCs and digital money",Bitcoin is Gearing Up for Another Large Drop | with @GarethSolowayProTrader,Bitcoin,true,keyword suggestion; not transcript-verified
f9Fido8Btxo,"Cryptoassets, CBDCs and digital money",Beware of Shorting Bitcoin with This New Fund,Bitcoin,true,keyword suggestion; not transcript-verified
EtNxyQMN76Y,"Cryptoassets, CBDCs and digital money",This Is How They’ll Convince America to Adopt a CBDC,CBDC,true,keyword suggestion; not transcript-verified
LpcQSCH7Olc,"Cryptoassets, CBDCs and digital money",How to Know When to Buy Bitcoin,Bitcoin,true,keyword suggestion; not transcript-verified
hrvzFqD9wnU,"Cryptoassets, CBDCs and digital money",The Government Wants to Regulate Cryptocurrencies like Commodities,Crypto,true,keyword suggestion; not transcript-verified
I4jm_ovYIGM,"Cryptoassets, CBDCs and digital money",US to Create CBDC Global Monopoly using SWIFT,CBDC,true,keyword suggestion; not transcript-verified
xgyhw4BchYg,"Cryptoassets, CBDCs and digital money",Crypto is Collapsing,Crypto,true,keyword suggestion; not transcript-verified
1eN3PgIQxEE,"Cryptoassets, CBDCs and digital money",Lost Everything in the Crypto Crash? DON'T Kill Yourself,Crypto,true,keyword suggestion; not transcript-verified
NifvsZApq-Y,"Cryptoassets, CBDCs and digital money",UST Stablecoin BLOW UP is Trojan Horse for FedCoin,Stablecoin,true,keyword suggestion; not transcript-verified
_w5NJPm1Sbg,"Cryptoassets, CBDCs and digital money",Fidelity will Add Bitcoin to its 401k Plans,Bitcoin,true,keyword suggestion; not transcript-verified
09sXiu4Dybc,"Cryptoassets, CBDCs and digital money",Russia may Accept Gold and Bitcoin for Oil and Gas,Bitcoin,true,keyword suggestion; not transcript-verified
_dvPN3Vd6l8,"Cryptoassets, CBDCs and digital money",New Bill deems El Salvador Bitcoin 'THREAT' to US Dollar and Financial System,Bitcoin,true,keyword suggestion; not transcript-verified
qe0X-3JBvoU,"Cryptoassets, CBDCs and digital money",Bitcoin looks like Amazon before DotCom Crash with Gareth Soloway,Bitcoin,true,keyword suggestion; not transcript-verified
bu26mrwbbmc,"Cryptoassets, CBDCs and digital money",Biden Signs Executive Order on Crypto,Crypto,true,keyword suggestion; not transcript-verified
NjTqQ2cexoE,"Cryptoassets, CBDCs and digital money",Proof Governments Know NOTHING About Crypto,Crypto,true,keyword suggestion; not transcript-verified
JSdc36LrfbQ,"Cryptoassets, CBDCs and digital money",Central Bank Digital Currencies: How Freedom Dies,Digital Currenc,true,keyword suggestion; not transcript-verified
Iwz5QpBbPTk,"Cryptoassets, CBDCs and digital money",Why Gold and Bitcoin BOTH Win in a Fiat Collapse,Bitcoin,true,keyword suggestion; not transcript-verified
8dYxmd1Q0LI,"Cryptoassets, CBDCs and digital money",A Big Crypto Crackdown is Coming,Crypto,true,keyword suggestion; not transcript-verified
QOtrMgffC7I,"Cryptoassets, CBDCs and digital money",Arizona's Bill to make Bitcoin Legal Tender is Unconstitutional,Bitcoin,true,keyword suggestion; not transcript-verified
YPVODY4DyQ4,"Cryptoassets, CBDCs and digital money",Fed Just Released 35-page Paper on a FedCoin CBDC,CBDC,true,keyword suggestion; not transcript-verified
tWZS76jcEzw,"Cryptoassets, CBDCs and digital money",NFT Bubble or Real World Utility? | Aleks Svetski Clip,NFT,true,keyword suggestion; not transcript-verified
UcWqgYrKnno,"Cryptoassets, CBDCs and digital money","Fed Launches ""Innovation Center"" to Research CBDCs",CBDCs,true,keyword suggestion; not transcript-verified
Ri64TsJsbYk,"Cryptoassets, CBDCs and digital money",The Lightning Network is the Key to 'Hyperbitcoinization',bitcoin,false,keyword suggestion; not transcript-verified
4xxWkrooSmc,"Cryptoassets, CBDCs and digital money","Why ""Buy, Borrow, Die"" Doesn't Work for Bitcoin",Bitcoin,true,keyword suggestion; not transcript-verified
5iDSHfCDnkQ,"Cryptoassets, CBDCs and digital money",First Bitcoin ETF $BITO Launches This Week,Bitcoin,false,keyword suggestion; not transcript-verified
yAFgd62RQJU,"Cryptoassets, CBDCs and digital money","Bitcoin is Breaking Out, and You're Not Too Late (yet)",Bitcoin,false,keyword suggestion; not transcript-verified
VLulrc235nY,"Cryptoassets, CBDCs and digital money","China Bans ALL Crypto, Gives Glimpse into Future Global Monetary System",Crypto,false,keyword suggestion; not transcript-verified
TRla1Bp7ixE,"Cryptoassets, CBDCs and digital money",New Bill Aims to Close Crypto Tax 'Loopholes',Crypto,false,keyword suggestion; not transcript-verified
3A8PPCjW518,"Cryptoassets, CBDCs and digital money",Does Energy Give Bitcoin (or anything) Value?,Bitcoin,false,keyword suggestion; not transcript-verified
aGXkOGaRCOg,"Cryptoassets, CBDCs and digital money",Coinbase Users Get their Crypto Stolen,Coinbase; Crypto,false,keyword suggestion; not transcript-verified
wBBDuzBFM6s,"Cryptoassets, CBDCs and digital money","The Ancient Monetary Systems behind Fiat, Bitcoin, and Gold",Bitcoin,false,keyword suggestion; not transcript-verified
8trIbfVUDXk,"Cryptoassets, CBDCs and digital money",US Ramps Up its War on Crypto,Crypto,false,keyword suggestion; not transcript-verified
CBwlJ0kQi3I,"Cryptoassets, CBDCs and digital money",How Stablecoins will be a Trojan Horse for CBDC’s,Stablecoins; CBDC,false,keyword suggestion; not transcript-verified
_I0-mPG6ODg,"Cryptoassets, CBDCs and digital money",Bitcoin Update: Pump & Dump?,Bitcoin,false,keyword suggestion; not transcript-verified
dWWWZLOAPZQ,"Cryptoassets, CBDCs and digital money","These 2 Bitcoin ""Death Sentences"" Just Got Flipped",Bitcoin,false,keyword suggestion; not transcript-verified
jamA7WoOVhI,"Cryptoassets, CBDCs and digital money",The Strange Accounting of Bitcoin on Corporate Balance Sheets Explained,Bitcoin,false,keyword suggestion; not transcript-verified
ZpKN7pF7ySI,"Cryptoassets, CBDCs and digital money",The Fed Probably Now Owns Bitcoin Junk Bonds?!,Bitcoin,false,keyword suggestion; not transcript-verified
UW9LbfuCTP0,"Cryptoassets, CBDCs and digital money",Central Bank Digital Currencies ARE NOT Cryptocurrencies (explained SIMPLY),Digital Currenc; Crypto,false,keyword suggestion; not transcript-verified
H8-atQMyP44,"Cryptoassets, CBDCs and digital money",The Bitcoin Flash Crash - and What To Do Now,Bitcoin,false,keyword suggestion; not transcript-verified
ceikBrqpCXc,"Cryptoassets, CBDCs and digital money",Elon Musk is Wrong: Bitcoin is Good for the Environment,Bitcoin,false,keyword suggestion; not transcript-verified
WumjWVZc0lA,"Cryptoassets, CBDCs and digital money",Is Tether a Ticking Time Bomb for Bitcoin?,Bitcoin,false,keyword suggestion; not transcript-verified
ON2s7o3Cqic,"Cryptoassets, CBDCs and digital money",Tesla Sells Bitcoin as SEC Delays ETF Decision,Bitcoin,false,keyword suggestion; not transcript-verified
64viHiG6fQQ,"Cryptoassets, CBDCs and digital money","Lyn Alden | Emerging Markets, Gold, Bitcoin, and Inflation!",Bitcoin,false,keyword suggestion; not transcript-verified
dKeJfDXMC7I,"Cryptoassets, CBDCs and digital money",Coinbase Insiders Sold $5 BILLION in Shares Opening Day,Coinbase,false,keyword suggestion; not transcript-verified
6G0m0LY5ZzQ,"Cryptoassets, CBDCs and digital money",Dogecoin Insanity - Different than Bitcoin?,Bitcoin,false,keyword suggestion; not transcript-verified
YmEszLyzV0A,"Cryptoassets, CBDCs and digital money",NFTs Explained SIMPLY (and how to sell your own),NFTs,false,keyword suggestion; not transcript-verified
v99mOzW-Ht8,"Cryptoassets, CBDCs and digital money",New Canadian Bitcoin ETF! Plus New RISKS for $BTC Investors,Bitcoin,false,keyword suggestion; not transcript-verified
pjlhyeTJor8,"Cryptoassets, CBDCs and digital money",Does Bitcoin Have Intrinsic Value?,Bitcoin,false,keyword suggestion; not transcript-verified
HX0U3VZwjXs,"Cryptoassets, CBDCs and digital money",What if Bitcoin Becomes Money?,Bitcoin,false,keyword suggestion; not transcript-verified
mI1SmJHG8J4,"Cryptoassets, CBDCs and digital money",Bitcoin ETF Approval will CRUSH $GBTC,Bitcoin,false,keyword suggestion; not transcript-verified
POWITszxGZY,"Cryptoassets, CBDCs and digital money",China's Digital Currency Takes it Up a Notch,Digital Currenc,false,keyword suggestion; not transcript-verified
I8pS5iDV8Ms,"Cryptoassets, CBDCs and digital money",Bitcoin Hits All-Time High?! | EXPLAINED,Bitcoin,false,keyword suggestion; not transcript-verified
fAK9xqSbPW0,"Cryptoassets, CBDCs and digital money",CashApp and Coinbase NOT SAFE | How to Avoid Theft and Confiscation,Coinbase,false,keyword suggestion; not transcript-verified
TUowz5Z4gkM,"Cryptoassets, CBDCs and digital money",NEW Coinbase Card - Did Crypto Just Become Money?,Coinbase; Crypto,false,keyword suggestion; not transcript-verified
o-0__WsaYz8,"Cryptoassets, CBDCs and digital money",PayPal Jumps on Bitcoin Bandwagon - Has Gold been Left in the Dust?,Bitcoin,false,keyword suggestion; not transcript-verified
tH57Qs9pOjI,"Cryptoassets, CBDCs and digital money",[CLIP] Central Bank Digital Currencies are NOT Cryptocurrencies,Digital Currenc; Crypto,false,keyword suggestion; not transcript-verified
ebcjVBEb1c8,"Cryptoassets, CBDCs and digital money",[CLIP] Central Bank Digital Currencies will make Banks Obsolete,Digital Currenc,false,keyword suggestion; not transcript-verified
5GJqdyrBGp8,"Cryptoassets, CBDCs and digital money",[CLIP] CBDC's Give Central Banks Precise Economic Control,CBDC,false,keyword suggestion; not transcript-verified
HH-jktWbatQ,"Cryptoassets, CBDCs and digital money",[CLIP] Government Incompetence Will Cause CBDC's to Fail,CBDC,false,keyword suggestion; not transcript-verified
Z6pXRxGYm_4,"Cryptoassets, CBDCs and digital money",Central Bank Digital Currencies are HERE | What You Need to Know,Digital Currenc,false,keyword suggestion; not transcript-verified
30jMHN1QVBw,"Cryptoassets, CBDCs and digital money",I Just Increased my Allocation 5x to Bitcoin | Here's Why,Bitcoin,false,keyword suggestion; not transcript-verified
Q7Uf-79WcdQ,"Cryptoassets, CBDCs and digital money",Does Bitcoin Have Intrinsic Value?,Bitcoin,false,keyword suggestion; not transcript-verified
VmY9USvCjgk,"Cryptoassets, CBDCs and digital money",Why is Billionaire Paul Tudor Jones Betting on Bitcoin to Hedge Inflation?,Bitcoin,false,keyword suggestion; not transcript-verified
7VN3bAsTRj0,"Cryptoassets, CBDCs and digital money",The Case for Bitcoin,Bitcoin,false,keyword suggestion; not transcript-verified
8fUb1EXJ1zU,"Cryptoassets, CBDCs and digital money",The Truth About Bitcoin,Bitcoin,false,keyword suggestion; not transcript-verified
ImmaexGYkwI,"Gold, silver and commodities",America Just Locked Up Venezuela's Oil for 100 Years,Oil,true,keyword suggestion; not transcript-verified
alnMhC2UFJU,"Gold, silver and commodities",Why is Gold Crashing from the War?,Gold,true,keyword suggestion; not transcript-verified
ebQJL8UIfJI,"Gold, silver and commodities","When Gold Does This, Empires Fall",Gold,true,keyword suggestion; not transcript-verified
Z7DrlYYwfRw,"Gold, silver and commodities",The Silver Rush: Boom or Bubble?,Silver,true,keyword suggestion; not transcript-verified
p3Lt2AEEWec,"Gold, silver and commodities",How Gold Could Become Money Again,Gold,true,keyword suggestion; not transcript-verified
yHsF-FsJDE4,"Gold, silver and commodities","Gold at $4,000 is a Terrifying Sign of What's Coming",Gold,true,keyword suggestion; not transcript-verified
k1JA3js_loA,"Gold, silver and commodities","Why Gold is Rising So Much, and So Quickly",Gold,true,keyword suggestion; not transcript-verified
7CeR81P9KsA,"Gold, silver and commodities",Now the Fed is Talking about Gold Revaluation,Gold,true,keyword suggestion; not transcript-verified
nicnRxNqSBk,"Gold, silver and commodities",How Trump's Nuclear Energy Executive Orders will Impact America,Energy,true,keyword suggestion; not transcript-verified
1S5J8UAW2ns,"Gold, silver and commodities",Congress is Considering Revaluing Gold to Buy Bitcoin,Gold,true,keyword suggestion; not transcript-verified
xdpf34TyVI0,"Gold, silver and commodities","A ""Gold Run"" May Have Begun at the Bank of England",Gold,true,keyword suggestion; not transcript-verified
Can_5smdMt4,"Gold, silver and commodities",Central Banks are Selling US Treasuries and Buying Gold Instead,Gold,true,keyword suggestion; not transcript-verified
jExbXxWbP6I,"Gold, silver and commodities",Gold's Rollercoaster: A Short-Lived Surge Leaves Investors Bewildered,Gold,true,keyword suggestion; not transcript-verified
vkaxengvX_c,"Gold, silver and commodities",WTF is Happening to Gold,Gold,true,keyword suggestion; not transcript-verified
jIKjqW8_Ssc,"Gold, silver and commodities",The Real Reason Energy is Getting So Expensive,Energy,true,keyword suggestion; not transcript-verified
7S8BdqQTrMA,"Gold, silver and commodities",Gold Prices are Beginning to Do Something Strange,Gold,true,keyword suggestion; not transcript-verified
ihkDyJRsgVA,"Gold, silver and commodities",The Government is at War with Affordable Energy,Energy,true,keyword suggestion; not transcript-verified
pWCJsyupv6Q,"Gold, silver and commodities",The Truth about BRICS Gold-Backed Currency,Gold,true,keyword suggestion; not transcript-verified
91z8VFoIFiQ,"Gold, silver and commodities",RFK Jr. Plans to Back the US Dollar with Bitcoin and Gold,Gold,true,keyword suggestion; not transcript-verified
m8x7kZ02CEg,"Gold, silver and commodities",Johnny Harris Lies about Nuclear Energy EXPOSED,Energy,true,keyword suggestion; not transcript-verified
utGRDj0vFAI,"Gold, silver and commodities",The Truth About Gold-Backed Cryptocurrencies,Gold,true,keyword suggestion; not transcript-verified
tmI19rnljmw,"Gold, silver and commodities",The Truth About Europe’s Great Energy Reset,Energy,true,keyword suggestion; not transcript-verified
n7KlLwASTKA,"Gold, silver and commodities",Why the World Doesn't Need Dollars for Oil Anymore,Oil,true,keyword suggestion; not transcript-verified
awg4Rb_U8eQ,"Gold, silver and commodities",The REAL Reason the World Never Went Back to the Gold Standard,Gold,true,keyword suggestion; not transcript-verified
ib4UIk9z1nI,"Gold, silver and commodities","The IMF Reports ""Gold is a Barbarous Relic No More""",Gold,true,keyword suggestion; not transcript-verified
byUdEJ_Sxq0,"Gold, silver and commodities",The Fed's Secret Plan to Confiscate Gold from the Very Beginning,Gold,true,keyword suggestion; not transcript-verified
tc0xrgkEJRY,"Gold, silver and commodities","Russia Doubled their Gold and Yuan, No More Yen & Pound",Gold,true,keyword suggestion; not transcript-verified
APLdHB7Unyg,"Gold, silver and commodities",Egyptians Flee to Gold to Fight Inflation,Gold,true,keyword suggestion; not transcript-verified
tpBMz6sp3gA,"Gold, silver and commodities",Ex Fed Insider Sees Gold Doubling,Gold,true,keyword suggestion; not transcript-verified
GZXUuGJ3mPc,"Gold, silver and commodities",Ghana to Buy Oil with Gold instead of Dollars,Oil; Gold,true,keyword suggestion; not transcript-verified
W9fgUNe3D_o,"Gold, silver and commodities",The Fed is About to Light Gold on Fire,Gold,true,keyword suggestion; not transcript-verified
FblXQ7qa-B4,"Gold, silver and commodities",Are Central Banks Planning a Gold Revaluation?,Gold,true,keyword suggestion; not transcript-verified
zRtSUX0qpYM,"Gold, silver and commodities",Record High Gold Buying from Mystery Central Bank,Gold,true,keyword suggestion; not transcript-verified
wzDKi1wKpFk,"Gold, silver and commodities",Politicians Lose Their Minds as OPEC Cuts Oil Output,Oil,true,keyword suggestion; not transcript-verified
0VRGqw30dz4,"Gold, silver and commodities",Precious Metals Bear Market Finally Over?,Precious Metals,true,keyword suggestion; not transcript-verified
nxyGF12RszA,"Gold, silver and commodities","Don't Pay Stupid Premiums for Silver, Do this Instead",Silver,true,keyword suggestion; not transcript-verified
96HMQP8nbao,"Gold, silver and commodities",How Fiat Currency Caused the Global Energy Crisis,Energy,true,keyword suggestion; not transcript-verified
bi_nZXzLKZc,"Gold, silver and commodities","Gold Flashing Rare, Massive Short Squeeze Signal",Gold,true,keyword suggestion; not transcript-verified
JwCOYM-giP4,"Gold, silver and commodities","Recessions, Inflation, and Gold",Gold,true,keyword suggestion; not transcript-verified
Uz1-n1pcDeQ,"Gold, silver and commodities",Uganda Record Breaking Gold Discovery Is a Hoax,Gold,true,keyword suggestion; not transcript-verified
lFj2vHqphj4,"Gold, silver and commodities",Ukraine Reports $10 Billion In Gold Sales,Gold,true,keyword suggestion; not transcript-verified
G1bwy2kSENc,"Gold, silver and commodities",The Global Energy Crisis will Change the World Forever,Energy,true,keyword suggestion; not transcript-verified
jXPVRS09usg,"Gold, silver and commodities",Biden is Sending US Oil Reserves to China,Oil,true,keyword suggestion; not transcript-verified
Xrpu21GYPts,"Gold, silver and commodities",New Ban on Russian Gold Could Blow Up the Paper Gold Market,Gold,true,keyword suggestion; not transcript-verified
I8PIuuShDNs,"Gold, silver and commodities",India Just Got Cheap Oil from Russia Thanks to Sanctions,Oil,true,keyword suggestion; not transcript-verified
ftDGh479LVs,"Gold, silver and commodities",New Diesel Shortage About to Get Ugly,Diesel,true,keyword suggestion; not transcript-verified
hrvzFqD9wnU,"Gold, silver and commodities",The Government Wants to Regulate Cryptocurrencies like Commodities,Commodities,true,keyword suggestion; not transcript-verified
9jrxHuJ3EyA,"Gold, silver and commodities",Biden Turns to Venezuelan Dictator Maduro for Oil,Oil,true,keyword suggestion; not transcript-verified
RZd3CeuHG0g,"Gold, silver and commodities",Saudi Oil Minister Warns of Energy Crisis,Oil; Energy,true,keyword suggestion; not transcript-verified
T9TG3s3snkc,"Gold, silver and commodities",New Gasoline Price Gouging Bill will End in Disaster,Gasoline,true,keyword suggestion; not transcript-verified
WeqriDzGSPk,"Gold, silver and commodities",Kremlin Confirms Talks to Return to a Gold Standard,Gold,true,keyword suggestion; not transcript-verified
spoAsmH5Dio,"Gold, silver and commodities",Fed Warns Commodities Pose 'Macroeconomic Risk',Commodities,true,keyword suggestion; not transcript-verified
t1AUig4whlQ,"Gold, silver and commodities","Looking for Silver and Finding Gold with Jorge Monroy, CEO of Reyna Silver",Silver; Gold,true,keyword suggestion; not transcript-verified
3QF7dX9ymVM,"Gold, silver and commodities",US Mint Sees Highest Gold Demand in 23 YEARS,Gold,true,keyword suggestion; not transcript-verified
dfYMwvSU-to,"Gold, silver and commodities",Biden to Drain Strategic Oil Reserves to Fight Inflation,Oil,true,keyword suggestion; not transcript-verified
0kQ3pOAKeto,"Gold, silver and commodities",Does it Matter if Oil is Not Priced in Dollars Anymore?,Oil,true,keyword suggestion; not transcript-verified
vkQSzyC7eUc,"Gold, silver and commodities",ANOTHER Reason to Never Buy a Gold ETF,Gold,true,keyword suggestion; not transcript-verified
bbNoddwc1Lo,"Gold, silver and commodities",Putin Just 'Pegged' the Ruble to Gold,Gold,true,keyword suggestion; not transcript-verified
09sXiu4Dybc,"Gold, silver and commodities",Russia may Accept Gold and Bitcoin for Oil and Gas,Gold; Oil,true,keyword suggestion; not transcript-verified
v9LQEoWpJ7s,"Gold, silver and commodities",Stocks vs Gold for High and Persistent Inflation with Patrick Yip from APMEX,Gold,true,keyword suggestion; not transcript-verified
avHoIdKXEEY,"Gold, silver and commodities",New Bill to Stop Russian Gold can turn ANYONE into a Felon,Gold,true,keyword suggestion; not transcript-verified
k8-byVHV72o,"Gold, silver and commodities",Investing for Exponential Returns during High Inflation with Mario Stifano CEO of Galantas Gold,Gold,true,keyword suggestion; not transcript-verified
ULpcZ-tNvrU,"Gold, silver and commodities","Gold's Role in Global De-Dollarization with Michael Wood, CEO of Reyna Gold",Gold,true,keyword suggestion; not transcript-verified
P47EJ_Nqwu4,"Gold, silver and commodities",AMC Just Bought a Gold Mine (literally),Gold,true,keyword suggestion; not transcript-verified
U4QZVafAr_M,"Gold, silver and commodities",Saudis in talks with China to price Oil in Yuan instead of Dollars,Oil,true,keyword suggestion; not transcript-verified
AsnO1_gCkqs,"Gold, silver and commodities",Oil is Flashing a Huge Recession Warning,Oil,true,keyword suggestion; not transcript-verified
Ajv28Qz4ygY,"Gold, silver and commodities",Big Money is Finally Rotating into Gold with Dave McAlvany Vaulted CEO,Gold,true,keyword suggestion; not transcript-verified
cE_V0eFVy54,"Gold, silver and commodities",I was wrong about nickel,nickel,true,keyword suggestion; not transcript-verified
mD_Gn9RmuMA,"Gold, silver and commodities","Why Nickel Exploded $50,000 Higher",Nickel,true,keyword suggestion; not transcript-verified
Mhui7M1c4mE,"Gold, silver and commodities",Gold Soars as the World Moves to BAN Russian Gold,Gold,true,keyword suggestion; not transcript-verified
Iwz5QpBbPTk,"Gold, silver and commodities",Why Gold and Bitcoin BOTH Win in a Fiat Collapse,Gold,true,keyword suggestion; not transcript-verified
z5wg2KSxMYQ,"Gold, silver and commodities",Gold hits 8-month High - Breakout or Fakeout?,Gold,true,keyword suggestion; not transcript-verified
VxZrXcaJZ_E,"Gold, silver and commodities",Goldman Sachs Ultra Bullish on Commodities,Commodities,true,keyword suggestion; not transcript-verified
tR-STdXxDdU,"Gold, silver and commodities",Rate Hikes are Bullish for Precious Metals? with WallStreetSilver,Precious Metals; Silver,true,keyword suggestion; not transcript-verified
ovKFqf3YQkU,"Gold, silver and commodities",Fed Deleted Gold Data from FRED Database,Gold,true,keyword suggestion; not transcript-verified
al--jqTh9l8,"Gold, silver and commodities",US Oil Breaches $90 for the First Time in Over 7 Years,Oil,true,keyword suggestion; not transcript-verified
J0txEKSYUgk,"Gold, silver and commodities",Gold is Doing Exactly What it Should be Doing Right Now,Gold,true,keyword suggestion; not transcript-verified
7H9br2Feaes,"Gold, silver and commodities",The Fed will Lose Control w/ Shawn Khunkhun Dolly Varden Silver,Silver,true,keyword suggestion; not transcript-verified
sYWWERYEz04,"Gold, silver and commodities",Gold ETF Sees Largest Inflows Since Inception,Gold,true,keyword suggestion; not transcript-verified
meJ0yVq4_vY,"Gold, silver and commodities","Gold Getting Closer to ""Bubble Phase"" of Bull Market",Gold,true,keyword suggestion; not transcript-verified
jiRwAygkFqY,"Gold, silver and commodities",Silver is Shining Despite the Surge in Rates,Silver,true,keyword suggestion; not transcript-verified
9PDKnmlGm1I,"Gold, silver and commodities","Silver Squeeze is Working, Banks are Stuck Short",Silver,true,keyword suggestion; not transcript-verified
3CfYr-O-ddo,"Gold, silver and commodities",Has a New Gold Bull Market Finally Begun?,Gold,true,keyword suggestion; not transcript-verified
PfCG6vq307g,"Gold, silver and commodities","The Economic Ninja and I discuss Gold, Inflation and a Denver Meet-Up",Gold,true,keyword suggestion; not transcript-verified
ZmZPMMUhSDw,"Gold, silver and commodities",Some Venezuelans have Created Their Own Gold Standard,Gold,false,keyword suggestion; not transcript-verified
lto6nRX3HZg,"Gold, silver and commodities",Silver is Set for a Massive Bull Run,Silver,false,keyword suggestion; not transcript-verified
TEIhSD1GHaw,"Gold, silver and commodities",Oil is Poised for a 5-10 Year Bull Market,Oil,false,keyword suggestion; not transcript-verified
3A8PPCjW518,"Gold, silver and commodities",Does Energy Give Bitcoin (or anything) Value?,Energy,false,keyword suggestion; not transcript-verified
YXOSIVUCJ-s,"Gold, silver and commodities",Germans are Stockpiling Gold,Gold,false,keyword suggestion; not transcript-verified
fMVL7esd4KY,"Gold, silver and commodities",Palantir Buys $50 MILLION in 100 oz Gold Bars,Gold,false,keyword suggestion; not transcript-verified
wBBDuzBFM6s,"Gold, silver and commodities","The Ancient Monetary Systems behind Fiat, Bitcoin, and Gold",Gold,false,keyword suggestion; not transcript-verified
ggjGm8860b8,"Gold, silver and commodities",Is Gold Dead?,Gold,false,keyword suggestion; not transcript-verified
APNu02IKfOM,"Gold, silver and commodities",Silver Buyers are Winning - Don't Get Shaken Out,Silver,false,keyword suggestion; not transcript-verified
BxvKICCE2VY,"Gold, silver and commodities",Commodities Getting CRUSHED | Buy the Dip?,Commodities,false,keyword suggestion; not transcript-verified
tOu3Rxbunv0,"Gold, silver and commodities",Proof that Nothing has Intrinsic Value (even GOLD),GOLD,false,keyword suggestion; not transcript-verified
jRV-R8EPRg8,"Gold, silver and commodities",MASSIVE Gold Flows into China from Switzerland,Gold,false,keyword suggestion; not transcript-verified
hLilJeZjv-s,"Gold, silver and commodities",Can Goldbacks Bring Gold Back as Money?,Gold,false,keyword suggestion; not transcript-verified
Pyo7b-sa4oU,"Gold, silver and commodities",Silver Squeeze Still Showing Signs of Strength,Silver,false,keyword suggestion; not transcript-verified
9U4FzEsSIr0,"Gold, silver and commodities",Acre Gold Long Term Review,Gold,false,keyword suggestion; not transcript-verified
9uVKDbp0TRM,"Gold, silver and commodities",Gold and Silver are Out of the Woods and Headed Higher,Gold; Silver,false,keyword suggestion; not transcript-verified
64viHiG6fQQ,"Gold, silver and commodities","Lyn Alden | Emerging Markets, Gold, Bitcoin, and Inflation!",Gold,false,keyword suggestion; not transcript-verified
H-1SysobPGU,"Gold, silver and commodities",Nuclear Energy is the Future (and a TREMENDOUS investing opportunity),Energy,false,keyword suggestion; not transcript-verified
XGFvLHAPib8,"Gold, silver and commodities","Gold, Silver, Miners - Finally Headed to Moon?",Gold; Silver,false,keyword suggestion; not transcript-verified
QZx6h0jPouQ,"Gold, silver and commodities","Gold Miners: Bottom is Almost Here, but Sell-Off Coming First",Gold,false,keyword suggestion; not transcript-verified
dVrXhDAJ9ds,"Gold, silver and commodities",Stocks at All Time Highs? Not when priced in gold...,gold,false,keyword suggestion; not transcript-verified
b9LiN4yEQ3c,"Gold, silver and commodities",New Bill to REPEAL Taxes on Gold and Silver!,Gold; Silver,false,keyword suggestion; not transcript-verified
imV5WgHyYvk,"Gold, silver and commodities",Which is Best for a Crash? Gold vs Cash,Gold,false,keyword suggestion; not transcript-verified
ievQEDyQT0M,"Gold, silver and commodities",HUGE Sign Gold could Finally be Turning Around,Gold,false,keyword suggestion; not transcript-verified
iYofiVZcK_E,"Gold, silver and commodities",Interview w/ an Insider! APMEX & OneGold CEO Ken Lewis on Silver Squeeze and Metal Shortages,Silver,false,keyword suggestion; not transcript-verified
KDaXHQmjvsc,"Gold, silver and commodities","Stocks Melt Up, Gold Melts Down",Gold,false,keyword suggestion; not transcript-verified
5XAVqw-fbIY,"Gold, silver and commodities",Is the Precious Metals Bear Market FINALLY Over?,Precious Metals,false,keyword suggestion; not transcript-verified
0pWbyFMEP5Q,"Gold, silver and commodities",You Can Still Get Physical Silver... For Now,Silver,false,keyword suggestion; not transcript-verified
VnkE09bfYEY,"Gold, silver and commodities",I JUST Shorted Tesla... and Bought Oil,Oil,false,keyword suggestion; not transcript-verified
oh5IpUGHuto,"Gold, silver and commodities",LBMA Vaults DAYS Away from Running Out of Silver,Silver,false,keyword suggestion; not transcript-verified
Jo90sQZbEQo,"Gold, silver and commodities",Don't be Fooled by the Gold-to-Silver Ratio,Gold; Silver,false,keyword suggestion; not transcript-verified
1zUxpHwUTAQ,"Gold, silver and commodities",The Truth About the Silver Squeeze,Silver,false,keyword suggestion; not transcript-verified
9qoTgA0iyHI,"Gold, silver and commodities",GameStop Battle Escalates - Is Silver Next?,Silver,false,keyword suggestion; not transcript-verified
vxH1nBX32Tk,"Gold, silver and commodities",M2 Money Supply Growth is ROCKET FUEL for Gold and Miners,Gold,false,keyword suggestion; not transcript-verified
1vaafsI9R4I,"Gold, silver and commodities",Russia Now has More Gold than Dollars,Gold,false,keyword suggestion; not transcript-verified
CBNNjfLJ25c,"Gold, silver and commodities","Rates Pop, Gold Drops",Gold,false,keyword suggestion; not transcript-verified
CGlcWsmaprE,"Gold, silver and commodities",Big Change to Gold Markets Coming in 2021,Gold,false,keyword suggestion; not transcript-verified
KpAomztLIqE,"Gold, silver and commodities",Central Banks are Bullish on Gold Again,Gold,false,keyword suggestion; not transcript-verified
TqSdD5yUwbE,"Gold, silver and commodities",I Just Backed Up the Truck on Gold Mining Stocks,Gold,false,keyword suggestion; not transcript-verified
4RGbkvo9ar4,"Gold, silver and commodities",Gold Price Breakdown | Last Chance to Buy?,Gold,false,keyword suggestion; not transcript-verified
RA_X-Z8tUWE,"Gold, silver and commodities",Gold Getting CRUSHED Today | Buy the Dip or Find Next Exit?,Gold,false,keyword suggestion; not transcript-verified
o-0__WsaYz8,"Gold, silver and commodities",PayPal Jumps on Bitcoin Bandwagon - Has Gold been Left in the Dust?,Gold,false,keyword suggestion; not transcript-verified
9p08nAAgkUg,"Gold, silver and commodities",[CLIP] Brief History of Money: Credit to Commodity to Paper to Digital,Commodity,false,keyword suggestion; not transcript-verified
qCaf_75Xa9Q,"Gold, silver and commodities",What Happens to Gold in a Deflationary Death Spiral,Gold,false,keyword suggestion; not transcript-verified
bskHm6rMu0g,"Gold, silver and commodities",Why is China Stockpiling Commodities?,Commodities,false,keyword suggestion; not transcript-verified
zC3bLfIKOA4,"Gold, silver and commodities","Gold to Reach $2,500 By November | All My Updated Price Targets",Gold,false,keyword suggestion; not transcript-verified
hF0TZaBpt3A,"Gold, silver and commodities",Dave Portnoy hears Elon Musk will Mine Space Gold? (while Warren Buffett buys stake in Barrick GOLD),Gold; GOLD,false,keyword suggestion; not transcript-verified
LKUf0kXY2Lg,"Gold, silver and commodities",Gold and Silver SLAUGHTERED Today! Is the Blood Bath Over?,Gold; Silver,false,keyword suggestion; not transcript-verified
HmOIeJEF72w,"Gold, silver and commodities",Will the EPIC Rally in Gold & Silver Continue? Or Big Sell-Off Coming?,Gold; Silver,false,keyword suggestion; not transcript-verified
IQ7SFxuJpPg,"Gold, silver and commodities",Is Judy Shelton the Key to Returning to a Gold Standard?,Gold,false,keyword suggestion; not transcript-verified
sBiGDFnFBlQ,"Gold, silver and commodities",The Dollar Dump is Pushing Stocks to Follow Gold's Lead to All Time Highs,Gold,false,keyword suggestion; not transcript-verified
0WMJxYQUUO4,"Gold, silver and commodities",Gold Teases All Time High and Silver Sees Best Run in 40 YEARS,Gold; Silver,false,keyword suggestion; not transcript-verified
P8poiUOisCE,"Gold, silver and commodities",The Real Problem with Gold Standards (and the radical but effective solution),Gold,false,keyword suggestion; not transcript-verified
QFGsUap_HxM,"Gold, silver and commodities",Gold and Silver Breaking Out while Stocks Move Sideways,Gold; Silver,false,keyword suggestion; not transcript-verified
6fZ6Io_UZ8I,"Gold, silver and commodities",Bank of England STEALS Venezuela's Gold | Spells BIG Risk for GLD Owners,Gold,false,keyword suggestion; not transcript-verified
LNEbUx83m90,"Gold, silver and commodities",Gold is Gearing Up for Rally to All Time High Within 6 WEEKS,Gold,false,keyword suggestion; not transcript-verified
Lzf_6vM4O9Y,"Gold, silver and commodities",The Gold Ban - Should You Worry about Confiscation?,Gold,false,keyword suggestion; not transcript-verified
T6DZkUKzSSI,"Gold, silver and commodities",What is Holding Silver Back?,Silver,false,keyword suggestion; not transcript-verified
-PIngNcrLKg,"Gold, silver and commodities",Is the Gold Rally Losing Steam?,Gold,false,keyword suggestion; not transcript-verified
miHaimjKeAQ,"Gold, silver and commodities",NEGATIVE Oil Prices?! Here's What It Means,Oil,false,keyword suggestion; not transcript-verified
6bPCD9SQ46U,"Gold, silver and commodities",Investing Changes on a Gold Standard | Part 3 of Creating Your Own Personal Gold Standard,Gold,false,keyword suggestion; not transcript-verified
_lNS49KHbzI,"Gold, silver and commodities",Create Your Own Gold Standard | Part 2 - Debt,Gold,false,keyword suggestion; not transcript-verified
kMIiXTWtH1c,"Gold, silver and commodities",Create Your Own Personal Gold Standard | Part 1 - Savings,Gold,false,keyword suggestion; not transcript-verified
7NOq7jbunFg,"Gold, silver and commodities",What in the World is Happening to Gold and Silver?!,Gold; Silver,false,keyword suggestion; not transcript-verified
4hQImf1_VvU,"Gold, silver and commodities","2020 Predictions | Markets, Politics and Gold",Gold,false,keyword suggestion; not transcript-verified
FzYkhUEKXfs,"Gold, silver and commodities","The US Backs Hong Kong! PLUS: China's Nuclear Option, Poland Gold Repatriation, and Repo Update",Gold,false,keyword suggestion; not transcript-verified
UXcD13p7qRk,"Gold, silver and commodities",How to Actually Buy Gold | Pros and Cons of Top 3 Methods,Gold,false,keyword suggestion; not transcript-verified
QfvMZrH8i9s,"Gold, silver and commodities",Why Dave Ramsey Is WRONG - And Right? - About Gold,Gold,false,keyword suggestion; not transcript-verified
XzmCYAnIrnk,"Gold, silver and commodities",The Lindy Effect | Why Gold Will Outlast Dollars,Gold,false,keyword suggestion; not transcript-verified
5i_q_v86wnE,"Housing, mortgages and property markets",The Government is Taking Over the US Housing Market,Housing,true,keyword suggestion; not transcript-verified
vUnhYunuwcA,"Housing, mortgages and property markets",How 50 Year Mortgages will Change Real Estate,Mortgage; Real Estate,true,keyword suggestion; not transcript-verified
khD-YF81hmg,"Housing, mortgages and property markets",The Fed is Sacrificing the Housing Market to Bail Out the Government,Housing,true,keyword suggestion; not transcript-verified
UaU7Wj9tgFo,"Housing, mortgages and property markets",Is Now the Worst Time Ever to Buy a Home?,Buy a Home,true,keyword suggestion; not transcript-verified
4q8qlq5VQSQ,"Housing, mortgages and property markets",The 2024 Real Estate & Bank Crisis has Begun,Real Estate,true,keyword suggestion; not transcript-verified
3i09Vp40xbM,"Housing, mortgages and property markets",Why the Real Estate Crash Never Happened,Real Estate,true,keyword suggestion; not transcript-verified
I9M2fLMoERo,"Housing, mortgages and property markets",This Real Estate Crash will Wipe Out the Banks,Real Estate,true,keyword suggestion; not transcript-verified
40vD9G2ezeo,"Housing, mortgages and property markets",Cash Buyers on the Rise as Home Prices Decline,Home Prices,true,keyword suggestion; not transcript-verified
pKbYMJavxQc,"Housing, mortgages and property markets",Why I Just Sold All my Homebuilder Stocks,Homebuilder,true,keyword suggestion; not transcript-verified
nhUsDuKfmDs,"Housing, mortgages and property markets",The Housing Market is Starting to Send Mixed Signals,Housing,true,keyword suggestion; not transcript-verified
LPCqajjDOd4,"Housing, mortgages and property markets",This Will Lock People into Renting Forever,Renting,true,keyword suggestion; not transcript-verified
sDOvCLiB0LA,"Housing, mortgages and property markets",1/3 of Small Businesses Can't Pay their Rent,Rent,true,keyword suggestion; not transcript-verified
V8Z93m1Pw1E,"Housing, mortgages and property markets",Real Estate Prices Fall for the First Time in 3 Years,Real Estate,true,keyword suggestion; not transcript-verified
V1bRVFUFsAM,"Housing, mortgages and property markets",The Real Housing Crisis is in Renting,Housing; Renting,true,keyword suggestion; not transcript-verified
TsUcfwHxeME,"Housing, mortgages and property markets",Home Prices STILL Increasing??,Home Prices,true,keyword suggestion; not transcript-verified
9qbplQX9JWM,"Housing, mortgages and property markets",Foreign Dollars are Piling into US Real Estate,Real Estate,true,keyword suggestion; not transcript-verified
DoRXiHGSKy0,"Housing, mortgages and property markets",Existing Home Sales Fell (Again) In May,Home Sales,true,keyword suggestion; not transcript-verified
DmK0UZjCWgM,"Housing, mortgages and property markets",Why Is Big Money STILL Buying Single Family Homes,Single Family Homes,true,keyword suggestion; not transcript-verified
aqfAUpDO804,"Housing, mortgages and property markets",Is This The Top For The Real Estate Market?!,Real Estate,true,keyword suggestion; not transcript-verified
iRw_1Dk7t5Y,"Housing, mortgages and property markets",New Housing Starts Unexpectedly Rise,Housing,true,keyword suggestion; not transcript-verified
boaTmE24IWk,"Housing, mortgages and property markets",We Need to Talk about the Housing Market,Housing,true,keyword suggestion; not transcript-verified
sYMDUHJvE2Y,"Housing, mortgages and property markets",Huge Drop in Homebuilder Confidence,Homebuilder,true,keyword suggestion; not transcript-verified
bA1LwdjlTTw,"Housing, mortgages and property markets",Mortgage Applications are Dropping Like a Rock,Mortgage,true,keyword suggestion; not transcript-verified
bUhq3DomIpM,"Housing, mortgages and property markets",Mortgage Rates are Surging,Mortgage,true,keyword suggestion; not transcript-verified
QAa1rNlL03w,"Housing, mortgages and property markets",Will the Housing Market Pause Before it Explodes?,Housing,true,keyword suggestion; not transcript-verified
WKawWAyn3Oc,"Housing, mortgages and property markets","Foreclosures ""SURGING"" - Housing Market Doomed?",Foreclosures; Housing,false,keyword suggestion; not transcript-verified
q-mffu8x33A,"Housing, mortgages and property markets",Foreclosure Tsunami About to Crash the Housing Market?,Foreclosure; Housing,false,keyword suggestion; not transcript-verified
xJYAwJsGyTg,"Housing, mortgages and property markets",How Real Estate Performed During 1970's Inflation,Real Estate,false,keyword suggestion; not transcript-verified
pQQztUTFwwk,"Housing, mortgages and property markets",Real Estate Update (August 2021),Real Estate,false,keyword suggestion; not transcript-verified
lw2A8pW1p14,"Housing, mortgages and property markets",The Real Housing Crisis is Not What You Think,Housing,false,keyword suggestion; not transcript-verified
ldLEWFFUIp8,"Housing, mortgages and property markets",Rents Just Spiked the Most in 15 Years,Rents,false,keyword suggestion; not transcript-verified
5UxpoCA4Hws,"Housing, mortgages and property markets","Why Mortgage Applications Dropped, and Where you can STILL Find Cheap Real Estate",Mortgage; Real Estate,false,keyword suggestion; not transcript-verified
VZ6HoIs6WSk,"Housing, mortgages and property markets",Real Estate Affordability Crisis Just Got Even Worse,Real Estate,false,keyword suggestion; not transcript-verified
hmypT-pm0lk,"Housing, mortgages and property markets",Should You be Worried about a Housing Crisis in 2021?,Housing,false,keyword suggestion; not transcript-verified
ssAt46oVbbw,"Housing, mortgages and property markets",5 Unique Ways to Invest in Real Estate (previously only available to the rich),Real Estate,false,keyword suggestion; not transcript-verified
aFetPdv7Ad4,"Housing, mortgages and property markets","Real Estate to Stall, then BOOM in 2021",Real Estate,false,keyword suggestion; not transcript-verified
GCvkD8XJbLk,"Housing, mortgages and property markets",So will there be a Housing Market Crash or Not??,Housing,false,keyword suggestion; not transcript-verified
QHUGOp4SH-g,"Housing, mortgages and property markets",Did Landlords Just Get Crushed? | CDC Bans Evictions Nationwide,Landlords; Evictions,false,keyword suggestion; not transcript-verified
WoGTkif4RuU,"Housing, mortgages and property markets",Can’t Afford Mortgage Payments? Good News: Forbearance + Deferment,Mortgage,false,keyword suggestion; not transcript-verified
8lZHZGUStzE,"Housing, mortgages and property markets",Is Now a Bad Time to Invest in Real Estate?,Real Estate,false,keyword suggestion; not transcript-verified
JvHUloFygAw,"Housing, mortgages and property markets",How Will The Crash Impact Real Estate?,Real Estate,false,keyword suggestion; not transcript-verified
-SPdHErqEUM,"Financial markets, trading and portfolio construction","It's Not the Stock Market That's Dangerous, It's the Dollar.",Stock,true,keyword suggestion; not transcript-verified
siKs9n6BjCI,"Financial markets, trading and portfolio construction",I Lost 91.4% of My Portfolio Making This Mistake,Portfolio,true,keyword suggestion; not transcript-verified
0Pdd2__OHVQ,"Financial markets, trading and portfolio construction",The AI Bubble Just Ended - Without Popping,Bubble,true,keyword suggestion; not transcript-verified
e33UP-pSdzA,"Financial markets, trading and portfolio construction",The Real Reason They Rigged the Biggest IPO in History,IPO,false,keyword suggestion; not transcript-verified
6Voa_CRRc2M,"Financial markets, trading and portfolio construction","The ""Active Trading"" Lie Designed to Keep You Poor",Trading,true,keyword suggestion; not transcript-verified
cO47Km5aUoo,"Financial markets, trading and portfolio construction",Cornering the Market - Hedge Funds Cause Historic Short Squeeze,Hedge Funds; Short Squeeze,true,keyword suggestion; not transcript-verified
RIU8py52u7o,"Financial markets, trading and portfolio construction",You're A Day Trader Now (everyone is),Trader,true,keyword suggestion; not transcript-verified
R_KbC3RaIqw,"Financial markets, trading and portfolio construction",Investing During Wars - Cash Out or Buy the Dip?,Investing; Buy the Dip,true,keyword suggestion; not transcript-verified
QjBfdn1LHYM,"Financial markets, trading and portfolio construction",A Recession (and bear market) Happens EVERY TIME the Fed Does This,bear market,true,keyword suggestion; not transcript-verified
al3_Kc46i4A,"Financial markets, trading and portfolio construction",Buy the Everything Bubble? Or Lose to Inflation?,Bubble,true,keyword suggestion; not transcript-verified
Z7DrlYYwfRw,"Financial markets, trading and portfolio construction",The Silver Rush: Boom or Bubble?,Bubble,true,keyword suggestion; not transcript-verified
Bj9e_yxPnQE,"Financial markets, trading and portfolio construction",What is the Best Investment Account for Kids in 2026?,Investment,true,keyword suggestion; not transcript-verified
86NaFfpGbUc,"Financial markets, trading and portfolio construction","The AI Bubble, Mass Unemployment, and Solving Poverty",Bubble,true,keyword suggestion; not transcript-verified
QWU4q0Ir9cI,"Financial markets, trading and portfolio construction",You Aren’t Ready for what Stocks are About To Do,Stocks,true,keyword suggestion; not transcript-verified
yvutdxMsxic,"Financial markets, trading and portfolio construction","It’s Not an Everything Bubble, it’s a Dollar Collapse",Bubble,true,keyword suggestion; not transcript-verified
ZPC5uDDEdfk,"Financial markets, trading and portfolio construction",The Stock Market is Now the Most Overvalued in History,Stock,true,keyword suggestion; not transcript-verified
wJOvlyuMY5s,"Financial markets, trading and portfolio construction",Even Blackrock has Abandoned the 60/40 Portfolio,Portfolio,true,keyword suggestion; not transcript-verified
fLb5-wzXMno,"Financial markets, trading and portfolio construction",How Free Online Trading Platforms Actually Make Money,Trading,true,keyword suggestion; not transcript-verified
RqNxFHYm_7g,"Financial markets, trading and portfolio construction",12 Lessons from Warren Buffett,Warren Buffett,true,keyword suggestion; not transcript-verified
s77jl6p24OE,"Financial markets, trading and portfolio construction",Investors Are Betting on a U.S. Default - Here’s Why,Investors,true,keyword suggestion; not transcript-verified
P5Iw17_Mml4,"Financial markets, trading and portfolio construction",The Bull Market is Officially Back,Bull Market,true,keyword suggestion; not transcript-verified
fBN3CpxSKIo,"Financial markets, trading and portfolio construction",Social Security is an Actual Ponzi Scheme. So is the Stock Market?,Stock,true,keyword suggestion; not transcript-verified
PUrymklnGz4,"Financial markets, trading and portfolio construction",The Tactical Cash Strategy That Beats 100% Investing,Investing,true,keyword suggestion; not transcript-verified
wFIyTqZNkhE,"Financial markets, trading and portfolio construction",Income Strategy Funds Never Outperform their Benchmark,Benchmark,true,keyword suggestion; not transcript-verified
l-jXg6E_7Tc,"Financial markets, trading and portfolio construction",Is Trump Crashing the Stock Market on Purpose to get Rates Down?,Stock,true,keyword suggestion; not transcript-verified
qcizHaA-e6A,"Financial markets, trading and portfolio construction",How to Get Started Investing in 2025,Investing,true,keyword suggestion; not transcript-verified
CvkccmcwSx8,"Financial markets, trading and portfolio construction",Extreme Volatility Set to Hit in 2025,Volatility,true,keyword suggestion; not transcript-verified
4M8iveVialE,"Financial markets, trading and portfolio construction",The Warren Buffett Indicator is at an All-Time High,Warren Buffett,true,keyword suggestion; not transcript-verified
_F5NQkArZdk,"Financial markets, trading and portfolio construction",Your Chances of a “Lost Decade” Investing are WAY Worse than you Think,Investing,true,keyword suggestion; not transcript-verified
Vk_RmDFEHLI,"Financial markets, trading and portfolio construction",The Yield Curve is Un-Inverting (Stocks Crash Every Time),Stocks,true,keyword suggestion; not transcript-verified
8IT5I437lRo,"Financial markets, trading and portfolio construction",Use Extreme Volatility to Your Advantage (without risk of blow-up),Volatility,true,keyword suggestion; not transcript-verified
73oI_Amov4s,"Financial markets, trading and portfolio construction","BREAKING: Stocks are Crashing, DON'T Make This Mistake",Stocks,true,keyword suggestion; not transcript-verified
M_lBbkadeqA,"Financial markets, trading and portfolio construction",The Exact Investing Blueprint I Give my Family and Friends,Investing,true,keyword suggestion; not transcript-verified
-6fIbHDjexI,"Financial markets, trading and portfolio construction",Why the Best Investors Study Economics,Investors,true,keyword suggestion; not transcript-verified
jLqOC8v1N4E,"Financial markets, trading and portfolio construction",How to Hedge Any Investment from Loss (even physical assets),Investment,true,keyword suggestion; not transcript-verified
yrhemHMQqYE,"Financial markets, trading and portfolio construction",The 10 Most Dangerous Investing Myths,Investing,true,keyword suggestion; not transcript-verified
8OUHklMypvI,"Financial markets, trading and portfolio construction",The Gamma Squeeze Reversal is Triggering a Flash Crash,Gamma Squeeze,true,keyword suggestion; not transcript-verified
rBkjEthzw-Q,"Financial markets, trading and portfolio construction",The Everything Bubble,Bubble,true,keyword suggestion; not transcript-verified
e0qv-NAMiKE,"Financial markets, trading and portfolio construction",0DTE Options (zero day till expiration) will Cause a Market Crash,Options,true,keyword suggestion; not transcript-verified
yDCkW1602a0,"Financial markets, trading and portfolio construction",The Next Stock Market Wealth Transfer has Begun,Stock,true,keyword suggestion; not transcript-verified
ZsWx7oOTRo4,"Financial markets, trading and portfolio construction",The Stock Market is Ready to Dump,Stock,true,keyword suggestion; not transcript-verified
V5Mhj6tlr9A,"Financial markets, trading and portfolio construction",How Hedge Funds are Holding the Treasury Market Hostage,Hedge Funds,true,keyword suggestion; not transcript-verified
jExbXxWbP6I,"Financial markets, trading and portfolio construction",Gold's Rollercoaster: A Short-Lived Surge Leaves Investors Bewildered,Investors,true,keyword suggestion; not transcript-verified
bgi4V1qpafg,"Financial markets, trading and portfolio construction","Everyone is Shorting Volatility, and it’s About to Blow Up",Shorting; Volatility,true,keyword suggestion; not transcript-verified
BPeWVxVOsAg,"Financial markets, trading and portfolio construction",The Return of Pension Plans Could Crush the Stock Market,Stock,true,keyword suggestion; not transcript-verified
Y_O8XH8vmo8,"Financial markets, trading and portfolio construction","The BlackRock Bitcoin ETF is Coming Soon, but Not First",ETF,true,keyword suggestion; not transcript-verified
k5SmvZXiOQ0,"Financial markets, trading and portfolio construction",The Credit Bubble is Popping,Bubble,true,keyword suggestion; not transcript-verified
iwcRD30UkGQ,"Financial markets, trading and portfolio construction",Don't Fall for the Sucker's Rally,Sucker's Rally,true,keyword suggestion; not transcript-verified
uOTlBrFg1GU,"Financial markets, trading and portfolio construction",Insider Trading Should Be Legal for Everyone but Congress,Trading,true,keyword suggestion; not transcript-verified
-mNneIs2Cn0,"Financial markets, trading and portfolio construction",One Final Bitcoin Dump Before SEC Approves ETF (big money front running widespread adoption),ETF,true,keyword suggestion; not transcript-verified
ouCZkSVv1sI,"Financial markets, trading and portfolio construction",7 Ways to Profit from a Stock Market Crash,Stock,true,keyword suggestion; not transcript-verified
7NOYiSfy6p4,"Financial markets, trading and portfolio construction",A Warning to All Investors for the End of 2023,Investors,true,keyword suggestion; not transcript-verified
u_5DK40Pl1w,"Financial markets, trading and portfolio construction",Don't Get Trapped in this Fake Bull Market,Bull Market,true,keyword suggestion; not transcript-verified
OLxeR7QF83E,"Financial markets, trading and portfolio construction",American Investors have Lost Their Minds,Investors,true,keyword suggestion; not transcript-verified
aOca3FcNexA,"Financial markets, trading and portfolio construction",Why Everyone Suddenly Wants to Outlaw Short Selling,Short Sell,true,keyword suggestion; not transcript-verified
6EBYV-EN_LE,"Financial markets, trading and portfolio construction","He Lost $295,000 on $FRC Puts - Even Though He Was RIGHT",Puts,true,keyword suggestion; not transcript-verified
BCGLqGNwCh8,"Financial markets, trading and portfolio construction",What Happens to Stocks during Hyperinflation?,Stocks,true,keyword suggestion; not transcript-verified
2QN_u9I7aJE,"Financial markets, trading and portfolio construction",The End of the Bond Bear Market,Bear Market,true,keyword suggestion; not transcript-verified
3y-u8068-6w,"Financial markets, trading and portfolio construction",The Greatest Investor You've Never Heard Of,Investor,true,keyword suggestion; not transcript-verified
-7f4-SXqGRc,"Financial markets, trading and portfolio construction",Cash May Outperform Stocks and Bonds Soon,Stocks,true,keyword suggestion; not transcript-verified
pKbYMJavxQc,"Financial markets, trading and portfolio construction",Why I Just Sold All my Homebuilder Stocks,Stocks,true,keyword suggestion; not transcript-verified
ZfiLKfDm_Uo,"Financial markets, trading and portfolio construction",Hedge Funds are RECORD Short US Treasuries,Hedge Funds,true,keyword suggestion; not transcript-verified
wlfY49Qj4jQ,"Financial markets, trading and portfolio construction",Traditional Portfolios Won't Work in This New Monetary Cycle,Portfolio,true,keyword suggestion; not transcript-verified
qb_U11AeRNs,"Financial markets, trading and portfolio construction",Stock Market Returns are Not What You Think,Stock,true,keyword suggestion; not transcript-verified
BkSyqg3ZiHE,"Financial markets, trading and portfolio construction",Just Because it's Volatile Doesn't Mean it's Risky,Volatile,true,keyword suggestion; not transcript-verified
L09E5SeO5dk,"Financial markets, trading and portfolio construction",New Bill Seeks to Ban Investors from Buying Homes,Investors,true,keyword suggestion; not transcript-verified
BHWty_DMimE,"Financial markets, trading and portfolio construction",Here’s where All the Money Goes when the Stock Market Crashes,Stock,true,keyword suggestion; not transcript-verified
pSZXSPwROHk,"Financial markets, trading and portfolio construction",Are Stocks Cheap Yet?,Stocks,true,keyword suggestion; not transcript-verified
0VRGqw30dz4,"Financial markets, trading and portfolio construction",Precious Metals Bear Market Finally Over?,Bear Market,true,keyword suggestion; not transcript-verified
6rrqQbt8BJY,"Financial markets, trading and portfolio construction",How to Build a Fortune this Bear Market,Bear Market,true,keyword suggestion; not transcript-verified
Vdb7NsKsOfc,"Financial markets, trading and portfolio construction",Why Sound Money Discourages Investing,Investing,true,keyword suggestion; not transcript-verified
MlXrn33Gxv4,"Financial markets, trading and portfolio construction",Bonds Confirm First Bear Market in Decades,Bear Market,true,keyword suggestion; not transcript-verified
9FdI9N9DNvE,"Financial markets, trading and portfolio construction",Why QT Causes Stocks to Drop Explained,Stocks,true,keyword suggestion; not transcript-verified
T3rJadpLp-A,"Financial markets, trading and portfolio construction",How to Spot a Bubble,Bubble,true,keyword suggestion; not transcript-verified
AsnK2x9jbUM,"Financial markets, trading and portfolio construction",Why Michael Burry Dumped ALL His Stocks but One,Stocks,true,keyword suggestion; not transcript-verified
JAodd2KbGrk,"Financial markets, trading and portfolio construction",The Margin Debt Bubble,Bubble,true,keyword suggestion; not transcript-verified
bi_nZXzLKZc,"Financial markets, trading and portfolio construction","Gold Flashing Rare, Massive Short Squeeze Signal",Short Squeeze,true,keyword suggestion; not transcript-verified
6Q2rRGWiJ7U,"Financial markets, trading and portfolio construction",Bitcoin is Gearing Up for Another Large Drop | with @GarethSolowayProTrader,Trader,true,keyword suggestion; not transcript-verified
se47ytb17cY,"Financial markets, trading and portfolio construction",Is the Stock Market Crash Already Done?,Stock,true,keyword suggestion; not transcript-verified
f9Fido8Btxo,"Financial markets, trading and portfolio construction",Beware of Shorting Bitcoin with This New Fund,Shorting,true,keyword suggestion; not transcript-verified
cD-gV-SPkwQ,"Financial markets, trading and portfolio construction",How to Find Stocks that Win - Even in a Bear Market,Stocks; Bear Market,true,keyword suggestion; not transcript-verified
Sgj15CpNwL0,"Financial markets, trading and portfolio construction",The European Stocks Flash Crash Explained,Stocks,true,keyword suggestion; not transcript-verified
JMYADwP_SUo,"Financial markets, trading and portfolio construction","Royalties ""Investing Hack"" to Benefit from Inflation",Investing,true,keyword suggestion; not transcript-verified
pTOiVAI3plY,"Financial markets, trading and portfolio construction","Yield Curve Screaming Recession, Stocks Don’t Care",Stocks,true,keyword suggestion; not transcript-verified
QMj8F27Y6JI,"Financial markets, trading and portfolio construction",THIS is the Exact Moment to Sell ALL Your Stocks,Stocks,true,keyword suggestion; not transcript-verified
vkQSzyC7eUc,"Financial markets, trading and portfolio construction",ANOTHER Reason to Never Buy a Gold ETF,ETF,true,keyword suggestion; not transcript-verified
v9LQEoWpJ7s,"Financial markets, trading and portfolio construction",Stocks vs Gold for High and Persistent Inflation with Patrick Yip from APMEX,Stocks,true,keyword suggestion; not transcript-verified
k8-byVHV72o,"Financial markets, trading and portfolio construction",Investing for Exponential Returns during High Inflation with Mario Stifano CEO of Galantas Gold,Investing,true,keyword suggestion; not transcript-verified
jAiUVLCLsbg,"Financial markets, trading and portfolio construction","Europe may Label Weapons ""Green"" for Easier Investing Rules",Investing,true,keyword suggestion; not transcript-verified
C3G4GOaSgJ4,"Financial markets, trading and portfolio construction",Using Technical Analysis with BadCharts,Technical Analysis,true,keyword suggestion; not transcript-verified
s7vEmPgfQX8,"Financial markets, trading and portfolio construction",Investors Brace for Impact as Russia Tensions Escalate,Investors,true,keyword suggestion; not transcript-verified
04Dace6e7Ho,"Financial markets, trading and portfolio construction",Why Stocks Fall when Rates Rise,Stocks,true,keyword suggestion; not transcript-verified
sYWWERYEz04,"Financial markets, trading and portfolio construction",Gold ETF Sees Largest Inflows Since Inception,ETF,true,keyword suggestion; not transcript-verified
I9HBQOdQ6cA,"Financial markets, trading and portfolio construction",Stocks Post MASSIVE Intraday Recovery after 4% Down,Stocks,true,keyword suggestion; not transcript-verified
j41icvdosro,"Financial markets, trading and portfolio construction",Famous Investor Says Unstoppable Crash Has Already Started,Investor,true,keyword suggestion; not transcript-verified
meJ0yVq4_vY,"Financial markets, trading and portfolio construction","Gold Getting Closer to ""Bubble Phase"" of Bull Market",Bubble; Bull Market,true,keyword suggestion; not transcript-verified
-ff6m0ztf0k,"Financial markets, trading and portfolio construction",The Fed Will Buy Stocks Next Crash,Stocks,true,keyword suggestion; not transcript-verified
nMP80uEGavA,"Financial markets, trading and portfolio construction",Insider Trading is Out of Control in Congress,Trading,true,keyword suggestion; not transcript-verified
3CfYr-O-ddo,"Financial markets, trading and portfolio construction",Has a New Gold Bull Market Finally Begun?,Bull Market,true,keyword suggestion; not transcript-verified
NtSPc9ufTDE,"Financial markets, trading and portfolio construction",The IPO Bubble Already Started Popping,IPO; Bubble,true,keyword suggestion; not transcript-verified
hnWcYpAsq6w,"Financial markets, trading and portfolio construction",The Stock Market Melt-Up is Here,Stock,true,keyword suggestion; not transcript-verified
tWZS76jcEzw,"Financial markets, trading and portfolio construction",NFT Bubble or Real World Utility? | Aleks Svetski Clip,Bubble,true,keyword suggestion; not transcript-verified
5CC3wNYLLnc,"Financial markets, trading and portfolio construction",$7.5 Billion Hedge Fund Anchorage Capital Just Closed,Hedge Fund,true,keyword suggestion; not transcript-verified
h9H2e0EHUmk,"Financial markets, trading and portfolio construction",Is the Sell-Off Done Already?,Sell-Off,true,keyword suggestion; not transcript-verified
fVn7yJq18I4,"Financial markets, trading and portfolio construction",Can Elon Musk Sell 10% of $TSLA without Crushing the Stock?,Stock,true,keyword suggestion; not transcript-verified
zkUMIUQ7uCo,"Financial markets, trading and portfolio construction",Zillow Dumping Thousands of Homes in Portfolio Fire Sale,Portfolio,true,keyword suggestion; not transcript-verified
_lMXAX7WXbs,"Financial markets, trading and portfolio construction",INSANE Proposal to Let the Fed DELETE Your Money and SHORT Stocks,Stocks,true,keyword suggestion; not transcript-verified
5iDSHfCDnkQ,"Financial markets, trading and portfolio construction",First Bitcoin ETF $BITO Launches This Week,ETF,false,keyword suggestion; not transcript-verified
zAinfIxNvUQ,"Financial markets, trading and portfolio construction",How Expensive are Stocks Right Now?,Stocks,false,keyword suggestion; not transcript-verified
-P57plubTk8,"Financial markets, trading and portfolio construction",Ethics Review of Fed Officials Reveals Conflict of Interest Investments,Investments,false,keyword suggestion; not transcript-verified
TEIhSD1GHaw,"Financial markets, trading and portfolio construction",Oil is Poised for a 5-10 Year Bull Market,Bull Market,false,keyword suggestion; not transcript-verified
ZlT9U3Aor8U,"Financial markets, trading and portfolio construction",Market Reversal: Dead Cat Bounce or Buy the Dip?,Buy the Dip,false,keyword suggestion; not transcript-verified
qFaupdzkSlU,"Financial markets, trading and portfolio construction",How to Produce MASSIVE Income from Dividend Stock Portfolio,Stock; Portfolio,false,keyword suggestion; not transcript-verified
b2xmYeJEHsA,"Financial markets, trading and portfolio construction",Stock Market SELL Signals Starting to Pile Up Everywhere,Stock,false,keyword suggestion; not transcript-verified
BxvKICCE2VY,"Financial markets, trading and portfolio construction",Commodities Getting CRUSHED | Buy the Dip?,Buy the Dip,false,keyword suggestion; not transcript-verified
RsEUjZwQGiQ,"Financial markets, trading and portfolio construction",Billionaire's Investing Advice for the Fed Meeting,Investing,false,keyword suggestion; not transcript-verified
nKgYLX9LO_0,"Financial markets, trading and portfolio construction",Fed to Start SELLING their Bond ETFs,ETFs,false,keyword suggestion; not transcript-verified
juv5ivH7D4o,"Financial markets, trading and portfolio construction",The TRUTH About Michael Burry’s Portfolio Revealed,Portfolio,false,keyword suggestion; not transcript-verified
xseShZfW7JU,"Financial markets, trading and portfolio construction",Investing in Bonds Today is like Playing the Lottery in Reverse,Investing,false,keyword suggestion; not transcript-verified
ON2s7o3Cqic,"Financial markets, trading and portfolio construction",Tesla Sells Bitcoin as SEC Delays ETF Decision,ETF,false,keyword suggestion; not transcript-verified
H-1SysobPGU,"Financial markets, trading and portfolio construction",Nuclear Energy is the Future (and a TREMENDOUS investing opportunity),investing,false,keyword suggestion; not transcript-verified
dKeJfDXMC7I,"Financial markets, trading and portfolio construction",Coinbase Insiders Sold $5 BILLION in Shares Opening Day,Shares,false,keyword suggestion; not transcript-verified
GY6GFcTUgiw,"Financial markets, trading and portfolio construction",Direct Listings - Should You Be Cautious with Stocks that Go Public with this New IPO Alternative?,Stocks; IPO,false,keyword suggestion; not transcript-verified
EmkeerPAGec,"Financial markets, trading and portfolio construction",Huge Warning Sign Flashing Danger for Stocks,Stocks,false,keyword suggestion; not transcript-verified
QZx6h0jPouQ,"Financial markets, trading and portfolio construction","Gold Miners: Bottom is Almost Here, but Sell-Off Coming First",Sell-Off,false,keyword suggestion; not transcript-verified
dVrXhDAJ9ds,"Financial markets, trading and portfolio construction",Stocks at All Time Highs? Not when priced in gold...,Stocks,false,keyword suggestion; not transcript-verified
KUF_PyEVhxI,"Financial markets, trading and portfolio construction","Hedge Fund FAILS: Banks Lose Billions, Threatens Financial System",Hedge Fund,false,keyword suggestion; not transcript-verified
Q480l4GkEqs,"Financial markets, trading and portfolio construction",Are Stocks a Good Hedge Against Hyperinflation?,Stocks,false,keyword suggestion; not transcript-verified
KXk_JdTKAHc,"Financial markets, trading and portfolio construction",Stocks are Poised to SURGE,Stocks,false,keyword suggestion; not transcript-verified
DLkbkAv-BUU,"Financial markets, trading and portfolio construction","Powell Talks, Rates Pop, Stocks Drop",Stocks,false,keyword suggestion; not transcript-verified
KDaXHQmjvsc,"Financial markets, trading and portfolio construction","Stocks Melt Up, Gold Melts Down",Stocks,false,keyword suggestion; not transcript-verified
gzhtQUWOPbs,"Financial markets, trading and portfolio construction",Ray Dalio: Is the Stock Market in a Bubble?,Stock; Bubble,false,keyword suggestion; not transcript-verified
5XAVqw-fbIY,"Financial markets, trading and portfolio construction",Is the Precious Metals Bear Market FINALLY Over?,Bear Market,false,keyword suggestion; not transcript-verified
sHQAANXkcNA,"Financial markets, trading and portfolio construction",What the Texas Blackouts Teach us about Risk for Investors,Investors,false,keyword suggestion; not transcript-verified
v99mOzW-Ht8,"Financial markets, trading and portfolio construction",New Canadian Bitcoin ETF! Plus New RISKS for $BTC Investors,ETF; Investors,false,keyword suggestion; not transcript-verified
iJUAUu00-A0,"Financial markets, trading and portfolio construction",Are Your Stocks Being Lent Out to Short Sellers?,Stocks; Short Sell,false,keyword suggestion; not transcript-verified
eUbjMuHil0E,"Financial markets, trading and portfolio construction",Ethereum: Pure Scam or Great Investment Opportunity?,Investment,false,keyword suggestion; not transcript-verified
UcG3XAMIRlI,"Financial markets, trading and portfolio construction",GameStop INSANE Stock Rally Fully Explained,Stock,false,keyword suggestion; not transcript-verified
mI1SmJHG8J4,"Financial markets, trading and portfolio construction",Bitcoin ETF Approval will CRUSH $GBTC,ETF,false,keyword suggestion; not transcript-verified
it8AgF5OC3Y,"Financial markets, trading and portfolio construction",If I Could Only Choose ONE Investment For the Next DECADE,Investment,false,keyword suggestion; not transcript-verified
4bEq1cRetZs,"Financial markets, trading and portfolio construction",Passive Investing: The Biggest Bubble in History,Investing; Bubble,false,keyword suggestion; not transcript-verified
TqSdD5yUwbE,"Financial markets, trading and portfolio construction",I Just Backed Up the Truck on Gold Mining Stocks,Stocks,false,keyword suggestion; not transcript-verified
hZlLE2CFLbI,"Financial markets, trading and portfolio construction",Market Wizards - Advice from the Best Traders in the World,Traders,false,keyword suggestion; not transcript-verified
w1H1wjcg1KE,"Financial markets, trading and portfolio construction",What Apple's New M1 Chip Means for $AAPL Stock,Stock,false,keyword suggestion; not transcript-verified
Ol3GtHNGyXk,"Financial markets, trading and portfolio construction","Small Stocks up 5% Today! Proves Importance of Ray Dalio's ""Holy Grail""",Stocks,false,keyword suggestion; not transcript-verified
RA_X-Z8tUWE,"Financial markets, trading and portfolio construction",Gold Getting CRUSHED Today | Buy the Dip or Find Next Exit?,Buy the Dip,false,keyword suggestion; not transcript-verified
yAeTFmqD8JE,"Financial markets, trading and portfolio construction",Use Advanced Options Strategies to DOMINATE these Crazy Markets,Options,false,keyword suggestion; not transcript-verified
inALRDqqF1A,"Financial markets, trading and portfolio construction",3 Things You Can Do NOW to Increase your Trading Performance Immediately,Trading,false,keyword suggestion; not transcript-verified
zf7WCdxBj2U,"Financial markets, trading and portfolio construction",Use This Gambling Formula to Size Your Investment Positions,Investment,false,keyword suggestion; not transcript-verified
fZUofb_KNls,"Financial markets, trading and portfolio construction",Buy the Dip?,Buy the Dip,false,keyword suggestion; not transcript-verified
nA-kXYm9KNY,"Financial markets, trading and portfolio construction",This is What Stocks Do During Hyperinflation,Stocks,false,keyword suggestion; not transcript-verified
eeUTKhNqjow,"Financial markets, trading and portfolio construction",What is a SPAC? (big money or bag holder?),SPAC,false,keyword suggestion; not transcript-verified
GMirUs5W3g0,"Financial markets, trading and portfolio construction",Days Like This Highlight the Importance of Hedging,Hedging,false,keyword suggestion; not transcript-verified
Da8TazGgHcg,"Financial markets, trading and portfolio construction",Stocks Got CLOBBERED Today | Here's Why,Stocks,false,keyword suggestion; not transcript-verified
_KzcfKedig4,"Financial markets, trading and portfolio construction",Delta Hedging: How Options Traders Actually Influence Share Prices,Hedging; Options; Traders,false,keyword suggestion; not transcript-verified
9bOmPbbLFuU,"Financial markets, trading and portfolio construction",S&P500 Breaks Out | The Melt-Up Has Officially Begun,S&P500,false,keyword suggestion; not transcript-verified
Wc6Rx1xsUx4,"Financial markets, trading and portfolio construction",The REAL Economy is CRUMBLING While Stocks Make All-Time-Highs,Stocks,false,keyword suggestion; not transcript-verified
hF0TZaBpt3A,"Financial markets, trading and portfolio construction",Dave Portnoy hears Elon Musk will Mine Space Gold? (while Warren Buffett buys stake in Barrick GOLD),Warren Buffett,false,keyword suggestion; not transcript-verified
_fWzHmisgEg,"Financial markets, trading and portfolio construction","Tail Hedging: How to Beat ""Black Swan"" Market Crashes",Hedging,false,keyword suggestion; not transcript-verified
HmOIeJEF72w,"Financial markets, trading and portfolio construction",Will the EPIC Rally in Gold & Silver Continue? Or Big Sell-Off Coming?,Sell-Off,false,keyword suggestion; not transcript-verified
sBiGDFnFBlQ,"Financial markets, trading and portfolio construction",The Dollar Dump is Pushing Stocks to Follow Gold's Lead to All Time Highs,Stocks,false,keyword suggestion; not transcript-verified
QFGsUap_HxM,"Financial markets, trading and portfolio construction",Gold and Silver Breaking Out while Stocks Move Sideways,Stocks,false,keyword suggestion; not transcript-verified
qvVLa-c17pU,"Financial markets, trading and portfolio construction",Use These 3 Greeks to Trade Options Better,Options,false,keyword suggestion; not transcript-verified
mqetZC4Ugms,"Financial markets, trading and portfolio construction",Trump Building $1Trillion+ BAZOOKA to Launch at Stock Market before Election?,Stock,false,keyword suggestion; not transcript-verified
8_OXPCnJgKU,"Financial markets, trading and portfolio construction",The Triangle of Investing - How to Invest with Low Risk and High Returns,Investing,false,keyword suggestion; not transcript-verified
rFMOu6o4WdY,"Financial markets, trading and portfolio construction",Legendary Billionaire Investor David Tepper Calls Stocks Most Overvalued - Second Only to '99,Investor; Stocks,false,keyword suggestion; not transcript-verified
IBE4JNTNKV0,"Financial markets, trading and portfolio construction",Devastating Unemployment is Driving Stocks... Higher??,Stocks,false,keyword suggestion; not transcript-verified
NAlOOsdJ2Ko,"Financial markets, trading and portfolio construction",Schwab Delivers Knock-Out Blow to Robinhood with Fractional Shares,Shares,false,keyword suggestion; not transcript-verified
Qem3Y4deakU,"Financial markets, trading and portfolio construction",Is History Repeating Itself with a Fiat Collapse? | John Law and the Mississippi Bubble,Bubble,false,keyword suggestion; not transcript-verified
dJ0IIK6kpnk,"Financial markets, trading and portfolio construction",What is Stock-to-Flow (S2F) and The Halvening?,Stock,false,keyword suggestion; not transcript-verified
6bPCD9SQ46U,"Financial markets, trading and portfolio construction",Investing Changes on a Gold Standard | Part 3 of Creating Your Own Personal Gold Standard,Investing,false,keyword suggestion; not transcript-verified
HctT6rgL7iw,"Financial markets, trading and portfolio construction",How To Use Options to Profit from This Crazy Market,Options,false,keyword suggestion; not transcript-verified
U8MmY0fKswg,"Financial markets, trading and portfolio construction",Stock Market WORST WEEK Since 2008! What's Next?,Stock,false,keyword suggestion; not transcript-verified
AvarCVuSFco,"Financial markets, trading and portfolio construction",Markets COLLAPSING! Coronavirus is the Needle Popping the Asset Bubbles,Bubbles,false,keyword suggestion; not transcript-verified
B9euXXDzHPI,"Financial markets, trading and portfolio construction",The Talmud Portfolio | Ancient Investing Wisdom vs. Modern Portfolio Theory,Portfolio; Investing,false,keyword suggestion; not transcript-verified
D7tT1fhTF3g,"Financial markets, trading and portfolio construction",Financial Arbitrage | Hedge Funds Play With Fire - and it could topple the entire system,Arbitrage; Hedge Funds,false,keyword suggestion; not transcript-verified
2ORUrZgqQ9o,"Financial markets, trading and portfolio construction",How To Protect Your Investments From The Coronavirus,Investments,false,keyword suggestion; not transcript-verified
mXnWdcyX-eM,"Financial markets, trading and portfolio construction",This Is The Best Investing App For Beginners,Investing,false,keyword suggestion; not transcript-verified
utg0BbjCWIU,"Financial markets, trading and portfolio construction",The Fed Did It! Crushed Volatility in the Repo Market. What Did It Cost?,Volatility,false,keyword suggestion; not transcript-verified
KGs8xgN2HmY,"Financial markets, trading and portfolio construction",What Is Fundamental Analysis? | One Minute Heretic,Fundamental Analysis,false,keyword suggestion; not transcript-verified
FS5AWK1XB40,"Financial markets, trading and portfolio construction",What Is Technical Analysis? | One Minute Heretic,Technical Analysis,false,keyword suggestion; not transcript-verified
FzYkhUEKXfs,"Financial markets, trading and portfolio construction","The US Backs Hong Kong! PLUS: China's Nuclear Option, Poland Gold Repatriation, and Repo Update",Option,false,keyword suggestion; not transcript-verified
fHznmCisvtY,"Financial markets, trading and portfolio construction",What Are Options? | One Minute Heretic,Options,false,keyword suggestion; not transcript-verified
8KpTKxe69wA,"Financial markets, trading and portfolio construction",Is Buy and Hold Dead? The Passive Investing Scam,Investing,false,keyword suggestion; not transcript-verified
PwF3uVOdxAY,"Financial markets, trading and portfolio construction",The Number One Key to Designing a Rock-Solid Investment Portfolio,Investment; Portfolio,false,keyword suggestion; not transcript-verified
Yh9vBJWSzbM,"Financial markets, trading and portfolio construction",Gamma Trap: Pension Funds Risk Blow-Up and Prop Up Stock Market,Stock,false,keyword suggestion; not transcript-verified
owZQ_vYXyN8,"Financial markets, trading and portfolio construction",Why Did Bad News Make Stocks Go Up? | This Week Recap,Stocks,false,keyword suggestion; not transcript-verified
vPyLxSRVB3w,"Financial markets, trading and portfolio construction",Is Everything A Bubble? | The Single Source - and danger - of All These Asset Bubbles,Bubble; Bubbles,false,keyword suggestion; not transcript-verified
gFKmoEuNwEk,"Financial markets, trading and portfolio construction",Could Index Funds Cause The Next Crash?,Index Funds,false,keyword suggestion; not transcript-verified
YbROoPD2UkA,"Financial markets, trading and portfolio construction",Technical Analysis - What it is and how to use it,Technical Analysis,false,keyword suggestion; not transcript-verified
jfA8P1h6XJc,"Financial markets, trading and portfolio construction",The Absolute Beginner's Guide to Start Investing | Podcast,Investing,false,keyword suggestion; not transcript-verified
ALgXVQr1Qt4,"Financial markets, trading and portfolio construction",What is an Investment? | Clip,Investment,false,keyword suggestion; not transcript-verified
sjqN7xYmTUI,"Financial markets, trading and portfolio construction",Three Things Commonly Mistaken For Investments,Investments,false,keyword suggestion; not transcript-verified
DQ3Q1Z8kjyU,"Employment, productivity and the real economy",Fewest Government Employees since 1966,Employees,true,keyword suggestion; not transcript-verified
1-O6ioAE4bQ,"Employment, productivity and the real economy",How Citadel Forced the AI Meltdown and Bought it All at the Bottom,AI,true,keyword suggestion; not transcript-verified
0Pdd2__OHVQ,"Employment, productivity and the real economy",The AI Bubble Just Ended - Without Popping,AI,true,keyword suggestion; not transcript-verified
3jdEo0lhetY,"Employment, productivity and the real economy",How Everyone Got it Wrong About AI Replacing Jobs,AI; Jobs,false,keyword suggestion; not transcript-verified
D8I9iIyZdbs,"Employment, productivity and the real economy",Economic Collapse is Not Possible Now,Economic Collapse,true,keyword suggestion; not transcript-verified
_Z_i_oUsClw,"Employment, productivity and the real economy",All Labor is Exploitation,Labor,true,keyword suggestion; not transcript-verified
Xz0n5bYHNNg,"Employment, productivity and the real economy",New AI Just Escaped - Entire Banking System is at Risk,AI,true,keyword suggestion; not transcript-verified
yfsIPgPFvpM,"Employment, productivity and the real economy",The Jobs Market is Collapsing - or is it?,Jobs,true,keyword suggestion; not transcript-verified
8yziUa-xSLE,"Employment, productivity and the real economy",Is Private Credit About to Collapse the Economy?,Economy,true,keyword suggestion; not transcript-verified
0vLeHFO7-HE,"Employment, productivity and the real economy",The Markets will Never Be the Same - AI Takeover,AI,true,keyword suggestion; not transcript-verified
QjBfdn1LHYM,"Employment, productivity and the real economy",A Recession (and bear market) Happens EVERY TIME the Fed Does This,Recession,true,keyword suggestion; not transcript-verified
wSGPDd5yTjs,"Employment, productivity and the real economy",Why Everyone is Getting AI Economics Wrong,AI,true,keyword suggestion; not transcript-verified
xbS6JkiZTkQ,"Employment, productivity and the real economy",2026 Macro Outlook,Macro,true,keyword suggestion; not transcript-verified
C-jbRtlpyto,"Employment, productivity and the real economy","Layoffs Everywhere, But Jobless Claims are Dropping",Layoffs,true,keyword suggestion; not transcript-verified
86NaFfpGbUc,"Employment, productivity and the real economy","The AI Bubble, Mass Unemployment, and Solving Poverty",AI; employment,true,keyword suggestion; not transcript-verified
mnRzrau7gpE,"Employment, productivity and the real economy",The Next Economic Crisis is Not What You Think,Economic Crisis,true,keyword suggestion; not transcript-verified
rCx7SriqSaU,"Employment, productivity and the real economy",All the Job Growth Reported This Year Was Just Revised Away,Job,true,keyword suggestion; not transcript-verified
5dbjMUKMY6g,"Employment, productivity and the real economy",The Economy is Officially Shrinking,Economy,true,keyword suggestion; not transcript-verified
s0gxkt0izfQ,"Employment, productivity and the real economy",Junk Bond Spreads are the Recession Signal to Watch,Recession,true,keyword suggestion; not transcript-verified
1dLYwEIjJGY,"Employment, productivity and the real economy",The Parable of the Poor Fisherman and the Rich Businessman,Business,true,keyword suggestion; not transcript-verified
r4CoDnAINLg,"Employment, productivity and the real economy",Fed Issues Urgent Warning: Recession Next Month,Recession,true,keyword suggestion; not transcript-verified
7jupMC8IiAQ,"Employment, productivity and the real economy",This Hasn't Happened Since Right Before the Great Depression,Great Depression,true,keyword suggestion; not transcript-verified
-MUIcl1XOPg,"Employment, productivity and the real economy",How Trump's Victory will Change the Economy,Economy,true,keyword suggestion; not transcript-verified
MxsLTwVVWXY,"Employment, productivity and the real economy",An Economic Crisis is Brewing for 2025,Economic Crisis,true,keyword suggestion; not transcript-verified
bBbanGrsV2k,"Employment, productivity and the real economy",The Jobs Report is a Disaster in Disguise,Jobs,true,keyword suggestion; not transcript-verified
KYMLu7stxu8,"Employment, productivity and the real economy",Why Fed Rate Cuts will Trigger a Recession,Recession,true,keyword suggestion; not transcript-verified
1D4cm-DWLdQ,"Employment, productivity and the real economy",Are Republican or Democrat Presidents Better for the Economy?,Economy,true,keyword suggestion; not transcript-verified
yq4iCci7-ko,"Employment, productivity and the real economy",This Recession Signal has Never Failed,Recession,true,keyword suggestion; not transcript-verified
Jm96JEaUQHc,"Employment, productivity and the real economy",Why China Can't Stop its Economic Collapse,Economic Collapse,true,keyword suggestion; not transcript-verified
imSWQTk8S-w,"Employment, productivity and the real economy",The Jobs Market is Collapsing,Jobs,true,keyword suggestion; not transcript-verified
prgrWvFBouM,"Employment, productivity and the real economy",These Recession Signals are Flashing Red... and have NEVER Failed,Recession,true,keyword suggestion; not transcript-verified
JV0Tu_DRfPQ,"Employment, productivity and the real economy",The Money Supply is Collapsing at Fastest Rate since Great Depression,Great Depression,true,keyword suggestion; not transcript-verified
aaHnG83VZIg,"Employment, productivity and the real economy",The 2024 Recession is About to Hit HARD,Recession,true,keyword suggestion; not transcript-verified
FiBrx7_bqzo,"Employment, productivity and the real economy",The Real Reason Everyone is Suddenly Going on Strike,Going on Strike,true,keyword suggestion; not transcript-verified
J7meDcQqae4,"Employment, productivity and the real economy",What They Don’t Want You to Know about the Jobs Numbers,Jobs,true,keyword suggestion; not transcript-verified
iRzhPE6k11I,"Employment, productivity and the real economy",Every Time Banks Do This a Recession Happens,Recession,true,keyword suggestion; not transcript-verified
q9fpq3hQ0HI,"Employment, productivity and the real economy",Is the Economy Already Past the Point of No Return?,Economy,true,keyword suggestion; not transcript-verified
zLAKGXelmPE,"Employment, productivity and the real economy",China's Economic Collapse has Begun,Economic Collapse,true,keyword suggestion; not transcript-verified
qJ5wtmOMGEg,"Employment, productivity and the real economy",Economic Meltdown: Excessive Debt is Crippling the Economy,Economy,true,keyword suggestion; not transcript-verified
nmDOWQmtbyY,"Employment, productivity and the real economy",The 2024 Recession: (almost) Guaranteed,Recession,true,keyword suggestion; not transcript-verified
DTAbOpQLuig,"Employment, productivity and the real economy",Businesses are Failing at the Fastest Pace since 2010,Business,true,keyword suggestion; not transcript-verified
x1fZ71TSOiM,"Employment, productivity and the real economy",The Next 40-Year Economic Cycle has Begun,Economic Cycle,true,keyword suggestion; not transcript-verified
ApNiyBO8mHk,"Employment, productivity and the real economy",This Hasn't Happened Since the Great Depression,Great Depression,true,keyword suggestion; not transcript-verified
xuVcN350ctI,"Employment, productivity and the real economy",Employment Numbers are a Lie with Millions of Fake Job Postings,Employment; Job,true,keyword suggestion; not transcript-verified
AvioVraTyxc,"Employment, productivity and the real economy",The Real Reason Everyone is Losing their Jobs,Jobs,true,keyword suggestion; not transcript-verified
eeIt3rUKLYU,"Employment, productivity and the real economy",Fed Now Expects Deep Recession Needed to Beat Inflation,Recession,true,keyword suggestion; not transcript-verified
AL2-fyXgCzI,"Employment, productivity and the real economy",The 12-Year-Old Plan to Fake an Alien Invasion to Fix the Economy,Economy,true,keyword suggestion; not transcript-verified
N2OcFPXd2BE,"Employment, productivity and the real economy",The Fed is Lying About the Jobs Market,Jobs,true,keyword suggestion; not transcript-verified
ATYX42EMHaU,"Employment, productivity and the real economy",Russia Economy to Outpace Germany and UK in 2023,Economy,true,keyword suggestion; not transcript-verified
EOVuhGeWAws,"Employment, productivity and the real economy",Fed Decision Today: No Pivot Until Economy Collapses,Economy,true,keyword suggestion; not transcript-verified
bVCkeaJTXUM,"Employment, productivity and the real economy",The Fed Just Admitted Jobs Data Not Real,Jobs,true,keyword suggestion; not transcript-verified
tTcOUWF2gdg,"Employment, productivity and the real economy",I Asked an AI to Explain Economics,AI,true,keyword suggestion; not transcript-verified
FIOO-eoSK48,"Employment, productivity and the real economy",Manufacturing Officially in Contraction Now,Manufacturing,true,keyword suggestion; not transcript-verified
sDOvCLiB0LA,"Employment, productivity and the real economy",1/3 of Small Businesses Can't Pay their Rent,Business,true,keyword suggestion; not transcript-verified
xEjM9TkG9j0,"Employment, productivity and the real economy",The Jobs Reports are not Real Anymore,Jobs,true,keyword suggestion; not transcript-verified
8aKMJv7fKfc,"Employment, productivity and the real economy",Automation Will Take Your Job | And Make You Wealthy,Automation; Job,true,keyword suggestion; not transcript-verified
KjdPd5ScE-U,"Employment, productivity and the real economy",The Fed Vows to Sacrifice YOUR Job in Fight Against Inflation,Job,true,keyword suggestion; not transcript-verified
8SU50IEVX3U,"Employment, productivity and the real economy",How AI Robots Could Save the Economy,AI; Economy,true,keyword suggestion; not transcript-verified
j57qwhqb5XI,"Employment, productivity and the real economy",Fastest Decline In Job Openings In History,Job,true,keyword suggestion; not transcript-verified
JwCOYM-giP4,"Employment, productivity and the real economy","Recessions, Inflation, and Gold",Recession,true,keyword suggestion; not transcript-verified
u_YRRARWy0M,"Employment, productivity and the real economy","The Recession is Official, But Nobody Will Admit It",Recession,true,keyword suggestion; not transcript-verified
elP2aNmDxPk,"Employment, productivity and the real economy",New Plan to Avoid Recessions Forever: Just Redefine the Word,Recession,true,keyword suggestion; not transcript-verified
otPl9nDb1Og,"Employment, productivity and the real economy",Stronger Dollar is Pushing the Global Economy to its Breaking Point… Again,Economy,true,keyword suggestion; not transcript-verified
VEGgSEaKJsE,"Employment, productivity and the real economy",The Big Layoff Wave Has Begun,Layoff,true,keyword suggestion; not transcript-verified
nVyPRgh3tIo,"Employment, productivity and the real economy",Fed will CRUSH the Economy to Fight Inflation,Economy,true,keyword suggestion; not transcript-verified
UJ8GqCG3rM8,"Employment, productivity and the real economy",Fed Just Admitted We Are Likely Already In a Recession,Recession,true,keyword suggestion; not transcript-verified
-d3gaJ6FHxQ,"Employment, productivity and the real economy",New Fed Survey Shows Business Activity Crashing,Business,true,keyword suggestion; not transcript-verified
DCBlflhiwtY,"Employment, productivity and the real economy","Job Openings Tumble, Layoffs Are Next",Job; Layoffs,true,keyword suggestion; not transcript-verified
geqnO7VwkmE,"Employment, productivity and the real economy",Is the Government Faking UFOs to Rescue the Economy?,Economy,true,keyword suggestion; not transcript-verified
MvxqmbVmFjg,"Employment, productivity and the real economy",11% Inflation is About to Cause MASS Layoffs,Layoffs,true,keyword suggestion; not transcript-verified
6X9j_fgrT-M,"Employment, productivity and the real economy",Why Wages have DECLINED for 13 Months Straight,Wages,true,keyword suggestion; not transcript-verified
T9dFwNN_0Wk,"Employment, productivity and the real economy",The Recession Has Already Begun,Recession,true,keyword suggestion; not transcript-verified
KYFW0G6xf68,"Employment, productivity and the real economy",The Fed is Crashing the Economy (so it can Rescue it Again),Economy,true,keyword suggestion; not transcript-verified
HzKqmKsP3dc,"Employment, productivity and the real economy",Retail Sales Showing Signs of Cracking,Retail Sales,true,keyword suggestion; not transcript-verified
pTOiVAI3plY,"Employment, productivity and the real economy","Yield Curve Screaming Recession, Stocks Don’t Care",Recession,true,keyword suggestion; not transcript-verified
vW3z7r_5FPc,"Employment, productivity and the real economy","The ""Great Resignation"" is Growing Stronger",Great Resignation,true,keyword suggestion; not transcript-verified
qZ0SPZBwClI,"Employment, productivity and the real economy",Consumer Sentiment is Tanking,Consumer Sentiment,true,keyword suggestion; not transcript-verified
kILTs-fC2lk,"Employment, productivity and the real economy",Yellen Just Guaranteed a Recession,Recession,true,keyword suggestion; not transcript-verified
AsnO1_gCkqs,"Employment, productivity and the real economy",Oil is Flashing a Huge Recession Warning,Recession,true,keyword suggestion; not transcript-verified
XpxxUCPkuZo,"Employment, productivity and the real economy",Jobs Surprise Seals the Deal on Fed Taper and Rates,Jobs,true,keyword suggestion; not transcript-verified
apTHQ34xv5c,"Employment, productivity and the real economy","Last Year had the ""Strongest Economic Growth Since 1984""",Economic Growth,true,keyword suggestion; not transcript-verified
Y4WCAAU5Kq8,"Employment, productivity and the real economy",Powell Says Jobs Market is Strong Enough to Fight Inflation,Jobs,true,keyword suggestion; not transcript-verified
phuaGCQMoLY,"Employment, productivity and the real economy",Big Banks Recommend Layoffs to Deal with Rising Wages,Layoffs; Wages,true,keyword suggestion; not transcript-verified
MS8UrsHTZts,"Employment, productivity and the real economy",Inflation Hits New Record while Wages DROP,Wages,true,keyword suggestion; not transcript-verified
rBCk_UWVLVE,"Employment, productivity and the real economy","Powell Testifies Before Congress, will Fight Inflation (and crash economy)",economy,true,keyword suggestion; not transcript-verified
nXWkWumTHiw,"Employment, productivity and the real economy",Interest Rates are Surging and the Economy Can't Afford it,Economy,true,keyword suggestion; not transcript-verified
O2vaSegDTvg,"Employment, productivity and the real economy",The US is On the Verge of a Declining Population,Declining Population,true,keyword suggestion; not transcript-verified
1gDx79ZwF7U,"Employment, productivity and the real economy","The Next Crash Won’t Kill the Economy, But the Response Will",Economy,false,keyword suggestion; not transcript-verified
oaV_-0ZuKTQ,"Employment, productivity and the real economy",Consumer Sentiment Hits Rock Bottom Again,Consumer Sentiment,false,keyword suggestion; not transcript-verified
l7UfqFAvMSI,"Employment, productivity and the real economy",The Real Reason Everyone is Quitting their Jobs,Jobs,false,keyword suggestion; not transcript-verified
Mnkx-D_teKM,"Employment, productivity and the real economy","Wages are Spiking, Higher Inflation to Follow",Wages,false,keyword suggestion; not transcript-verified
7hXBZ7XU4QI,"Employment, productivity and the real economy",Economy Would THRIVE if the US Defaulted on its Debt,Economy,false,keyword suggestion; not transcript-verified
FPZuFDgtV1M,"Employment, productivity and the real economy",Huge Jobs Miss Means No Fed Taper,Jobs,false,keyword suggestion; not transcript-verified
-jhuVhBf9F4,"Employment, productivity and the real economy",Consumer Sentiment Drop Exposes Fed Cannot Taper,Consumer Sentiment,false,keyword suggestion; not transcript-verified
CAdk8Y7Unow,"Employment, productivity and the real economy",July Jobs Report Triggers Bond Market Selloff,Jobs,false,keyword suggestion; not transcript-verified
y9NTlvf98Kw,"Employment, productivity and the real economy",June Jobs Numbers Send Markets Soaring,Jobs,false,keyword suggestion; not transcript-verified
oSbGgz_T5GI,"Employment, productivity and the real economy",The Truth About the Current Labor Market,Labor,false,keyword suggestion; not transcript-verified
zuDvMr00zKY,"Employment, productivity and the real economy",September Retail Sales Surprise is NOT Bullish,Retail Sales,false,keyword suggestion; not transcript-verified
UlMDCYpTHTs,"Employment, productivity and the real economy",Apple and Disney are Accelerating Long Tail Businesses,Business,false,keyword suggestion; not transcript-verified
nrj7B4U46rA,"Employment, productivity and the real economy",The Fed Just Re-Committed to EVEN HIGHER Inflation - Here's what it Means for Unemployment,employment,false,keyword suggestion; not transcript-verified
Wc6Rx1xsUx4,"Employment, productivity and the real economy",The REAL Economy is CRUMBLING While Stocks Make All-Time-Highs,Economy,false,keyword suggestion; not transcript-verified
JW3KE5DtjU8,"Employment, productivity and the real economy",What are Interest Rates Really Telling Us About the Economy Right Now?,Economy,false,keyword suggestion; not transcript-verified
-xQnRzCZ1Xw,"Employment, productivity and the real economy",Lebanon's Economic Crisis Just Got A Lot Worse,Economic Crisis,false,keyword suggestion; not transcript-verified
4pF-Kv2tW2Q,"Employment, productivity and the real economy",No Jobs? No Trade Deal? No Cure? No Problem.,Jobs,false,keyword suggestion; not transcript-verified
VS2usWWZcGM,"Employment, productivity and the real economy",Famous Economist Thinks these Riots will Stimulate the Economy | The Broken Window Fallacy,Economy,false,keyword suggestion; not transcript-verified
IBE4JNTNKV0,"Employment, productivity and the real economy",Devastating Unemployment is Driving Stocks... Higher??,employment,false,keyword suggestion; not transcript-verified
ODBgaCDi2e0,"Employment, productivity and the real economy",STAGGERING Job Losses Meet $2k/month Stimulus Checks,Job,false,keyword suggestion; not transcript-verified
Eu67fEh9jJA,"Employment, productivity and the real economy",Are Recessions A Thing of the Past?,Recession,false,keyword suggestion; not transcript-verified
fXfyWKybMBc,"Employment, productivity and the real economy",5 Ways to Prepare for the Recession If You're Broke,Recession,false,keyword suggestion; not transcript-verified
Op22Uk_bLCI,"Employment, productivity and the real economy",Why I Gave Up $150k+ to Start My Own Business | Heresy Financial: Origins,Business,false,keyword suggestion; not transcript-verified
p3KBRMg4QfE,"Employment, productivity and the real economy",How Do Low Rates Stimulate the Economy?,Economy,false,keyword suggestion; not transcript-verified
wHR8Hifu2Mc,"Employment, productivity and the real economy",Americans are Not Ready for a Recession,Recession,false,keyword suggestion; not transcript-verified
ImmaexGYkwI,"Geopolitics, trade and supply constraints",America Just Locked Up Venezuela's Oil for 100 Years,Venezuela,true,keyword suggestion; not transcript-verified
Y1lhozUOYDg,"Geopolitics, trade and supply constraints",China Can Only Save the World for 3 More Months,China,false,keyword suggestion; not transcript-verified
LdPfqtk7R30,"Geopolitics, trade and supply constraints",The Department of War Plans to Take Over the World,War,false,keyword suggestion; not transcript-verified
bAHivYcgTzs,"Geopolitics, trade and supply constraints",Front Running the Tariffs and Profiting from Refunds,Tariffs,true,keyword suggestion; not transcript-verified
sE4sP9BuUlU,"Geopolitics, trade and supply constraints",The Iran War Just Killed the Petrodollar,Iran; War,true,keyword suggestion; not transcript-verified
alnMhC2UFJU,"Geopolitics, trade and supply constraints",Why is Gold Crashing from the War?,War,true,keyword suggestion; not transcript-verified
syXsq1Wc0LE,"Geopolitics, trade and supply constraints",The Iran War has the Fed Trapped,Iran; War,true,keyword suggestion; not transcript-verified
zrAsxblDWvc,"Geopolitics, trade and supply constraints",The Effect of Tariffs After One Year,Tariffs,true,keyword suggestion; not transcript-verified
mTAvGBjzcQc,"Geopolitics, trade and supply constraints","The Truth about Maduro, Venezuela, and the New Global Order",Venezuela,true,keyword suggestion; not transcript-verified
QNRbzdFJnWA,"Geopolitics, trade and supply constraints",Who is Really Winning the US-China Trade War,China; Trade War,true,keyword suggestion; not transcript-verified
-pe7fE57kLI,"Geopolitics, trade and supply constraints",The Real Reason the Treasury Market is Imploding (not China),China,true,keyword suggestion; not transcript-verified
BvmwejTgcP4,"Geopolitics, trade and supply constraints",China is Collapsing,China,true,keyword suggestion; not transcript-verified
Zht9RB8U2-I,"Geopolitics, trade and supply constraints","China, the Fed, and the Middle East War - ALL Pushing Prices Higher",China; War,true,keyword suggestion; not transcript-verified
p8Ejw1e6cvc,"Geopolitics, trade and supply constraints",How Tariffs Actually Work,Tariffs,true,keyword suggestion; not transcript-verified
Jm96JEaUQHc,"Geopolitics, trade and supply constraints",Why China Can't Stop its Economic Collapse,China,true,keyword suggestion; not transcript-verified
zLAKGXelmPE,"Geopolitics, trade and supply constraints",China's Economic Collapse has Begun,China,true,keyword suggestion; not transcript-verified
ihkDyJRsgVA,"Geopolitics, trade and supply constraints",The Government is at War with Affordable Energy,War,true,keyword suggestion; not transcript-verified
Kr7n-8SFng4,"Geopolitics, trade and supply constraints","The Military Industrial Complex is ""Winning"" the War in Ukraine",War; Ukraine,true,keyword suggestion; not transcript-verified
jM1W9I6lDvI,"Geopolitics, trade and supply constraints",The Epic Rise of China is Over,China,true,keyword suggestion; not transcript-verified
9rW158viD7Q,"Geopolitics, trade and supply constraints",China Just Shut Down 1/10th of Global Lithium Supply,China,true,keyword suggestion; not transcript-verified
sSxqdwLROZU,"Geopolitics, trade and supply constraints",China Just did the Largest Liquidity Injection Ever,China,true,keyword suggestion; not transcript-verified
MrspE5v0diQ,"Geopolitics, trade and supply constraints",China Accelerates Dumping US Treasuries,China,true,keyword suggestion; not transcript-verified
ATYX42EMHaU,"Geopolitics, trade and supply constraints",Russia Economy to Outpace Germany and UK in 2023,Russia,true,keyword suggestion; not transcript-verified
AwJWWp5MH-k,"Geopolitics, trade and supply constraints",China has Massive “Inflation Bomb” Just Waiting to Go Off,China,true,keyword suggestion; not transcript-verified
oQsbGyygvB4,"Geopolitics, trade and supply constraints",How the Ports Went from Record Backups to Completely Empty,Ports,true,keyword suggestion; not transcript-verified
9J7JTWBInA4,"Geopolitics, trade and supply constraints",The End of Globalization,Globalization,true,keyword suggestion; not transcript-verified
3NR8wchxsOc,"Geopolitics, trade and supply constraints",Is This the End of the Rise of China?,China,true,keyword suggestion; not transcript-verified
tc0xrgkEJRY,"Geopolitics, trade and supply constraints","Russia Doubled their Gold and Yuan, No More Yen & Pound",Russia,true,keyword suggestion; not transcript-verified
IkEN1z6hRWQ,"Geopolitics, trade and supply constraints",Russia Predicts US Civil War and Euro Collapse in 2023,Russia; War,true,keyword suggestion; not transcript-verified
PudmVV_7xL0,"Geopolitics, trade and supply constraints",Russia to Start Buying More Yuan in 2023,Russia,true,keyword suggestion; not transcript-verified
yEYMPgCkaDA,"Geopolitics, trade and supply constraints",Massive Supply Bottleneck Threatens the Entire Green Agenda,Supply Bottleneck,true,keyword suggestion; not transcript-verified
4xKDRi1Bmpc,"Geopolitics, trade and supply constraints","Harvard Tells Central Banks: ""Hedge Against US Sanctions""",Sanctions,true,keyword suggestion; not transcript-verified
DftEhw22qmY,"Geopolitics, trade and supply constraints",BREAKING: Russian Missile Strikes NATO Member Poland,Russia,true,keyword suggestion; not transcript-verified
G4L-tKK8rZI,"Geopolitics, trade and supply constraints",Tensions with China and Taiwan Reaching Breaking Point,China; Taiwan,true,keyword suggestion; not transcript-verified
bCLTU3L6-xU,"Geopolitics, trade and supply constraints",The War on Crypto has Begun,War,true,keyword suggestion; not transcript-verified
0M6T0KZEft4,"Geopolitics, trade and supply constraints",China and Russia are Making a New Global Reserve Currency,China; Russia,true,keyword suggestion; not transcript-verified
lFj2vHqphj4,"Geopolitics, trade and supply constraints",Ukraine Reports $10 Billion In Gold Sales,Ukraine,true,keyword suggestion; not transcript-verified
cFmRZK-SOp0,"Geopolitics, trade and supply constraints",Now China Is Dumping Treasuries Too,China,true,keyword suggestion; not transcript-verified
jXPVRS09usg,"Geopolitics, trade and supply constraints",Biden is Sending US Oil Reserves to China,China,true,keyword suggestion; not transcript-verified
Xrpu21GYPts,"Geopolitics, trade and supply constraints",New Ban on Russian Gold Could Blow Up the Paper Gold Market,Russia,true,keyword suggestion; not transcript-verified
I8PIuuShDNs,"Geopolitics, trade and supply constraints",India Just Got Cheap Oil from Russia Thanks to Sanctions,Russia; Sanctions,true,keyword suggestion; not transcript-verified
xBsXTS-0dt8,"Geopolitics, trade and supply constraints",It's Time for the War Crimes In Yemen to End,War,true,keyword suggestion; not transcript-verified
AsBl4aZV8XY,"Geopolitics, trade and supply constraints",China Warns US to Stay Out of Taiwan Strait,China; Taiwan,true,keyword suggestion; not transcript-verified
JxctBTnGuNE,"Geopolitics, trade and supply constraints",Iran Proposes New International Currency,Iran,true,keyword suggestion; not transcript-verified
ry6TOyZO7lM,"Geopolitics, trade and supply constraints",A Food Crisis Is Coming | Do This Now Before Its Too Late,Food Crisis,true,keyword suggestion; not transcript-verified
9jrxHuJ3EyA,"Geopolitics, trade and supply constraints",Biden Turns to Venezuelan Dictator Maduro for Oil,Venezuela,true,keyword suggestion; not transcript-verified
BHrAx2keM24,"Geopolitics, trade and supply constraints","China Worried About US Sanctions, Starts Contingency Planning",China; Sanctions,true,keyword suggestion; not transcript-verified
DT2FZKzuMd4,"Geopolitics, trade and supply constraints","Russia Cuts Off Gas Supplies to Poland, Bulgaria",Russia,true,keyword suggestion; not transcript-verified
0JizTHT_F9E,"Geopolitics, trade and supply constraints","Record Profits for Russia, Easily Avoiding Sanctions",Russia; Sanctions,true,keyword suggestion; not transcript-verified
S4zcz4QQZEo,"Geopolitics, trade and supply constraints",Food Shortages Sparking Riots around the World,Food Shortage,true,keyword suggestion; not transcript-verified
bjYNsPr3R7A,"Geopolitics, trade and supply constraints",Who is Really Winning the Currency War?,War,true,keyword suggestion; not transcript-verified
09sXiu4Dybc,"Geopolitics, trade and supply constraints",Russia may Accept Gold and Bitcoin for Oil and Gas,Russia,true,keyword suggestion; not transcript-verified
tBeteNkOBTg,"Geopolitics, trade and supply constraints",Is the US Prepping for a Military Draft?,Military Draft,true,keyword suggestion; not transcript-verified
avHoIdKXEEY,"Geopolitics, trade and supply constraints",New Bill to Stop Russian Gold can turn ANYONE into a Felon,Russia,true,keyword suggestion; not transcript-verified
KFFER01iwls,"Geopolitics, trade and supply constraints",The Coming Food Crisis,Food Crisis,true,keyword suggestion; not transcript-verified
U4QZVafAr_M,"Geopolitics, trade and supply constraints",Saudis in talks with China to price Oil in Yuan instead of Dollars,China,true,keyword suggestion; not transcript-verified
Mhui7M1c4mE,"Geopolitics, trade and supply constraints",Gold Soars as the World Moves to BAN Russian Gold,Russia,true,keyword suggestion; not transcript-verified
kP7OdWD0EGQ,"Geopolitics, trade and supply constraints",Is Munger Right about China?,China,true,keyword suggestion; not transcript-verified
E9qCgGXUp4Q,"Geopolitics, trade and supply constraints","Powell to Congress: ""Rate Hikes Coming Despite Ukraine Invasion""",Ukraine,true,keyword suggestion; not transcript-verified
EmEIUrl0VTQ,"Geopolitics, trade and supply constraints",Repo Expert Warns Sanctions on Russia is 'Lehman Event' Hours Away,Sanctions; Russia,true,keyword suggestion; not transcript-verified
Dm0UAJ59000,"Geopolitics, trade and supply constraints",Fake Supply Chain Data is a Lie,Supply Chain,true,keyword suggestion; not transcript-verified
GnkOGXDBh8o,"Geopolitics, trade and supply constraints",Russia Invades Ukraine,Russia; Ukraine,true,keyword suggestion; not transcript-verified
s7vEmPgfQX8,"Geopolitics, trade and supply constraints",Investors Brace for Impact as Russia Tensions Escalate,Russia,true,keyword suggestion; not transcript-verified
wALYAQTQJWI,"Geopolitics, trade and supply constraints",'War' on Covid to be Replaced with Real War on Russia?,War; Russia,true,keyword suggestion; not transcript-verified
1s6l8AgSG3U,"Geopolitics, trade and supply constraints",China's Trade Surplus Hits Record High,China,true,keyword suggestion; not transcript-verified
ke7lNXIr3jk,"Geopolitics, trade and supply constraints",How Companies like Converse Avoid Paying Tariffs,Tariffs,true,keyword suggestion; not transcript-verified
cvuRJZe2yZ8,"Geopolitics, trade and supply constraints",Taiwan is a Ticking Time Bomb,Taiwan,true,keyword suggestion; not transcript-verified
a3l6jeysOx4,"Geopolitics, trade and supply constraints","US Preps Sanctions on Russia, Warning Against Ukraine Invasion",Sanctions; Russia; Ukraine,true,keyword suggestion; not transcript-verified
ZmZPMMUhSDw,"Geopolitics, trade and supply constraints",Some Venezuelans have Created Their Own Gold Standard,Venezuela,false,keyword suggestion; not transcript-verified
9eMptMpZJAY,"Geopolitics, trade and supply constraints",The Global Supply Chain Crisis Just Keeps Getting Worse,Supply Chain,false,keyword suggestion; not transcript-verified
VLulrc235nY,"Geopolitics, trade and supply constraints","China Bans ALL Crypto, Gives Glimpse into Future Global Monetary System",China,false,keyword suggestion; not transcript-verified
YbQAeDtsRm4,"Geopolitics, trade and supply constraints",Could China's Evergrande Spark the Next Global Financial Crisis?,China,false,keyword suggestion; not transcript-verified
8trIbfVUDXk,"Geopolitics, trade and supply constraints",US Ramps Up its War on Crypto,War,false,keyword suggestion; not transcript-verified
uhYB3b0xg1w,"Geopolitics, trade and supply constraints",El Salvador Enters the Global Currency War,War,false,keyword suggestion; not transcript-verified
dY3oLXxjpJY,"Geopolitics, trade and supply constraints",Russia's Wealth Fund Dumps ALL Dollars? The Truth,Russia,false,keyword suggestion; not transcript-verified
xD8FbtfMufs,"Geopolitics, trade and supply constraints",The US-China Trade War: Who is ACTUALLY Screwing Who?,China; Trade War,false,keyword suggestion; not transcript-verified
jRV-R8EPRg8,"Geopolitics, trade and supply constraints",MASSIVE Gold Flows into China from Switzerland,China,false,keyword suggestion; not transcript-verified
3D1pkvy55ow,"Geopolitics, trade and supply constraints",Supply Chains and Shortages FINALLY Improving?,Supply Chain,false,keyword suggestion; not transcript-verified
GsTCqC5LFFI,"Geopolitics, trade and supply constraints","US Slams Russia with Sanctions, Escalates Global Currency War",Russia; Sanctions; War,false,keyword suggestion; not transcript-verified
1vaafsI9R4I,"Geopolitics, trade and supply constraints",Russia Now has More Gold than Dollars,Russia,false,keyword suggestion; not transcript-verified
9TSWnSzSES0,"Geopolitics, trade and supply constraints",Supply Chain DISASTER Happening Right Now,Supply Chain,false,keyword suggestion; not transcript-verified
POWITszxGZY,"Geopolitics, trade and supply constraints",China's Digital Currency Takes it Up a Notch,China,false,keyword suggestion; not transcript-verified
-1dYjGsydAI,"Geopolitics, trade and supply constraints",Iran Ditches the Dollar for Chinese Yuan,Iran,false,keyword suggestion; not transcript-verified
bskHm6rMu0g,"Geopolitics, trade and supply constraints",Why is China Stockpiling Commodities?,China,false,keyword suggestion; not transcript-verified
dBpGxPBPO04,"Geopolitics, trade and supply constraints",China Threatens Treasury Dump; More Decoupling Talk from Trump,China,false,keyword suggestion; not transcript-verified
6fZ6Io_UZ8I,"Geopolitics, trade and supply constraints",Bank of England STEALS Venezuela's Gold | Spells BIG Risk for GLD Owners,Venezuela,false,keyword suggestion; not transcript-verified
etMYLScvmV0,"Geopolitics, trade and supply constraints",China Takes Another Shot at the Dollar,China,false,keyword suggestion; not transcript-verified
z92r3YjxyB4,"Geopolitics, trade and supply constraints",The End of Hong Kong? Ray Dalio on the Rise of China and the Changing World Order,China,false,keyword suggestion; not transcript-verified
2HAgQ1zw1eU,"Geopolitics, trade and supply constraints",The Currency War Escalates as China Seeks to Dethrone the Dollar,War; China,false,keyword suggestion; not transcript-verified
XVh62gJhanc,"Geopolitics, trade and supply constraints",War With Iran? | 4 Ways to Profit from WW3,War; Iran,false,keyword suggestion; not transcript-verified
FzYkhUEKXfs,"Geopolitics, trade and supply constraints","The US Backs Hong Kong! PLUS: China's Nuclear Option, Poland Gold Repatriation, and Repo Update",China,false,keyword suggestion; not transcript-verified
DQ3Q1Z8kjyU,"Institutions, incentives and political economy",Fewest Government Employees since 1966,Government,true,keyword suggestion; not transcript-verified
owLYF28U0tY,"Institutions, incentives and political economy",The Death of Capitalism,Capitalism,true,keyword suggestion; not transcript-verified
rgRAq3TF23I,"Institutions, incentives and political economy",The Supreme Court Just Radically Expanded Federal Power,Supreme Court; Federal Power,true,keyword suggestion; not transcript-verified
74dO0cTMUZc,"Institutions, incentives and political economy",The Government is About to Print $1 Trillion to Buy Bitcoin,Government,false,keyword suggestion; not transcript-verified
ih1bSeYqGNM,"Institutions, incentives and political economy",The New Bank Deregulation Plan Has Been Unveiled,regulation,true,keyword suggestion; not transcript-verified
dlA2QEDUFdI,"Institutions, incentives and political economy",Why the Government MUST Lower Rates (Even If It Causes Inflation),Government,true,keyword suggestion; not transcript-verified
SnMMpZ5Pipw,"Institutions, incentives and political economy",Get Ready for Bank Deregulation,regulation,true,keyword suggestion; not transcript-verified
5i_q_v86wnE,"Institutions, incentives and political economy",The Government is Taking Over the US Housing Market,Government,true,keyword suggestion; not transcript-verified
m-TA1cBh2o4,"Institutions, incentives and political economy","If You Make Less than $140k, You’re Below the Poverty Line",Poverty,true,keyword suggestion; not transcript-verified
86NaFfpGbUc,"Institutions, incentives and political economy","The AI Bubble, Mass Unemployment, and Solving Poverty",Poverty,true,keyword suggestion; not transcript-verified
PizMdirtkaw,"Institutions, incentives and political economy",The Government Shutdown is Crashing the Market,Government,true,keyword suggestion; not transcript-verified
khD-YF81hmg,"Institutions, incentives and political economy",The Fed is Sacrificing the Housing Market to Bail Out the Government,Government,true,keyword suggestion; not transcript-verified
68pnAcgU9wc,"Institutions, incentives and political economy",The Truth about the Overwhelming Size of the Government,Government,true,keyword suggestion; not transcript-verified
E3IOr4jgCCs,"Institutions, incentives and political economy",The Government Shutdown: This Time is Different,Government,true,keyword suggestion; not transcript-verified
3P8Y535oxFg,"Institutions, incentives and political economy",The SEC is Considering Ending Quarterly Earnings Reporting Requirements,SEC,true,keyword suggestion; not transcript-verified
Y1OKIgfJ8Qc,"Institutions, incentives and political economy",The Government is Borrowing Half a Trillion Dollars Per Month,Government,true,keyword suggestion; not transcript-verified
RWQGPWyXjfw,"Institutions, incentives and political economy",The Government is Lying To You About Your Health Insurance Cost,Government,true,keyword suggestion; not transcript-verified
WM4tv6-IcFM,"Institutions, incentives and political economy",Why the Government Doesn’t Let School Teach Kids About Money,Government,true,keyword suggestion; not transcript-verified
ZaCuQYGb-WA,"Institutions, incentives and political economy",The Government is Increasing Leverage Caps for Big Banks,Government,true,keyword suggestion; not transcript-verified
k4PSnG204cQ,"Institutions, incentives and political economy",The Road to Tyranny (according to the Bible),Tyranny,true,keyword suggestion; not transcript-verified
eF0ezVRItTA,"Institutions, incentives and political economy",The Plan to Deregulate the Banks to Bail Out the US Treasury,regulate,true,keyword suggestion; not transcript-verified
kiK2B6MI47w,"Institutions, incentives and political economy",Government Spending Actually Shrank This Quarter,Government,true,keyword suggestion; not transcript-verified
18x8n8KVvnw,"Institutions, incentives and political economy",Capitalism,Capitalism,true,keyword suggestion; not transcript-verified
1S5J8UAW2ns,"Institutions, incentives and political economy",Congress is Considering Revaluing Gold to Buy Bitcoin,Congress,true,keyword suggestion; not transcript-verified
gOwenkT_BdA,"Institutions, incentives and political economy",How Government Bonds Work - and Why They Fail,Government,true,keyword suggestion; not transcript-verified
_6Ca5GbMYIs,"Institutions, incentives and political economy",What Will Happen if Trump Actually Shrinks the Government?,Government,true,keyword suggestion; not transcript-verified
M1geFhqq7zs,"Institutions, incentives and political economy",Chevron Deference Overturned: Why it’s a Really Big Deal,Chevron Deference,true,keyword suggestion; not transcript-verified
uOTlBrFg1GU,"Institutions, incentives and political economy",Insider Trading Should Be Legal for Everyone but Congress,Congress,true,keyword suggestion; not transcript-verified
-mNneIs2Cn0,"Institutions, incentives and political economy",One Final Bitcoin Dump Before SEC Approves ETF (big money front running widespread adoption),SEC,true,keyword suggestion; not transcript-verified
ihkDyJRsgVA,"Institutions, incentives and political economy",The Government is at War with Affordable Energy,Government,true,keyword suggestion; not transcript-verified
KXRoyq4J_jc,"Institutions, incentives and political economy",The Real Reason the Government Became So Large,Government,true,keyword suggestion; not transcript-verified
iZHJyKV4_TY,"Institutions, incentives and political economy","Greed is Good, and Poverty is Selfish?",Poverty,true,keyword suggestion; not transcript-verified
xA6q3grH4f0,"Institutions, incentives and political economy",How the Supreme Court is Quietly Reshaping America,Supreme Court,true,keyword suggestion; not transcript-verified
J0zcT_Sk9CI,"Institutions, incentives and political economy",How Governments Try to Maximize Tax Revenue | The Laffer Curve Explained,Government,true,keyword suggestion; not transcript-verified
neB3BSV4RPk,"Institutions, incentives and political economy",How Communism has Infiltrated America,Communism,true,keyword suggestion; not transcript-verified
5oWVf0yd60I,"Institutions, incentives and political economy",The SEC Attack on Crypto is Unconstitutional,SEC,true,keyword suggestion; not transcript-verified
t9aNCGMU3Kc,"Institutions, incentives and political economy",How the Fed Plans to Kill Capitalism (or what’s left of it),Capitalism,true,keyword suggestion; not transcript-verified
xqpmy5yBlb8,"Institutions, incentives and political economy",The Invisible Burden of Big Government,Government,true,keyword suggestion; not transcript-verified
GuALMWUBLh0,"Institutions, incentives and political economy",Capitalism Ensures You NEVER Get Paid What You're Worth,Capitalism,true,keyword suggestion; not transcript-verified
FXf96HW_E8g,"Institutions, incentives and political economy",The Government's Budget Deficit Just Got a lot Worse,Government,true,keyword suggestion; not transcript-verified
MwS4qOqLtgw,"Institutions, incentives and political economy","The FTX Crash and the Government's ""Rescue"" Plan",Government,true,keyword suggestion; not transcript-verified
v_dpmvZr8ok,"Institutions, incentives and political economy",The Digital Euro is Coming... and it's Pure Tyranny,Tyranny,true,keyword suggestion; not transcript-verified
sC8AgqMIhaw,"Institutions, incentives and political economy",Biden's New Crypto Regulation - What You Need to Know,Regulation,true,keyword suggestion; not transcript-verified
aOHSFo-yQfE,"Institutions, incentives and political economy",The Government is the Source of All Real Monopolies,Government; Monopolies,true,keyword suggestion; not transcript-verified
dbClpyP5cxQ,"Institutions, incentives and political economy",The Supreme Court May Block Student Loan Forgiveness,Supreme Court,true,keyword suggestion; not transcript-verified
WWYzfsdL3WE,"Institutions, incentives and political economy",It’s Time for the American Oligarchy to End,Oligarchy,true,keyword suggestion; not transcript-verified
eP8V0OBXJdI,"Institutions, incentives and political economy",Why We Need MORE Inequality - Not Less,Inequality,true,keyword suggestion; not transcript-verified
Ub8sFX__l1k,"Institutions, incentives and political economy",Secession Could Fix America,Secession,true,keyword suggestion; not transcript-verified
UlN2250eZ5s,"Institutions, incentives and political economy",EPA Just Got Authority SLASHED By Supreme Court,Supreme Court,true,keyword suggestion; not transcript-verified
hrvzFqD9wnU,"Institutions, incentives and political economy",The Government Wants to Regulate Cryptocurrencies like Commodities,Government; Regulate,true,keyword suggestion; not transcript-verified
Uo5NGzfiDZ4,"Institutions, incentives and political economy",The SEC Is Unconstitutional,SEC,true,keyword suggestion; not transcript-verified
RdTpfZC5K-E,"Institutions, incentives and political economy",Regulations Vs Sovereignty to Maximize Wealth | Per Bylund,Regulations,true,keyword suggestion; not transcript-verified
I4jm_ovYIGM,"Institutions, incentives and political economy",US to Create CBDC Global Monopoly using SWIFT,Monopoly,true,keyword suggestion; not transcript-verified
geqnO7VwkmE,"Institutions, incentives and political economy",Is the Government Faking UFOs to Rescue the Economy?,Government,true,keyword suggestion; not transcript-verified
Q4xV2Vm2f6Y,"Institutions, incentives and political economy",The Government Just Gave itself a MONSTER Raise,Government,true,keyword suggestion; not transcript-verified
A-WEt5yiQ9E,"Institutions, incentives and political economy","Elon Musk buys 9.2% of Twitter, Huge Win for Capitalism",Capitalism,true,keyword suggestion; not transcript-verified
E9qCgGXUp4Q,"Institutions, incentives and political economy","Powell to Congress: ""Rate Hikes Coming Despite Ukraine Invasion""",Congress,true,keyword suggestion; not transcript-verified
NjTqQ2cexoE,"Institutions, incentives and political economy",Proof Governments Know NOTHING About Crypto,Government,true,keyword suggestion; not transcript-verified
JSdc36LrfbQ,"Institutions, incentives and political economy",Central Bank Digital Currencies: How Freedom Dies,Freedom,true,keyword suggestion; not transcript-verified
rkQT_tmqz2E,"Institutions, incentives and political economy",The SEC Just Charged a Collector Coin Company with Fraud,SEC,true,keyword suggestion; not transcript-verified
nMP80uEGavA,"Institutions, incentives and political economy",Insider Trading is Out of Control in Congress,Congress,true,keyword suggestion; not transcript-verified
rBCk_UWVLVE,"Institutions, incentives and political economy","Powell Testifies Before Congress, will Fight Inflation (and crash economy)",Congress,true,keyword suggestion; not transcript-verified
glaITf-oSjE,"Institutions, incentives and political economy",The Problem with Intellectual Property,Intellectual Property,true,keyword suggestion; not transcript-verified
upHoZJthxGc,"Institutions, incentives and political economy",How Sound Money Cripples Monopolies | Aleks Svetski Clip,Monopolies,true,keyword suggestion; not transcript-verified
uLTt_BV6YPM,"Institutions, incentives and political economy",Why is Freedom of Speech Important? | Aleks Svetski Clip,Freedom,true,keyword suggestion; not transcript-verified
uXNvhyp8knU,"Institutions, incentives and political economy",Sound Money is the Solution to Censorship | Aleks Svetski Full Interview,Censorship,true,keyword suggestion; not transcript-verified
8RqHUMOQcfs,"Institutions, incentives and political economy",The Day Capitalism Died,Capitalism,true,keyword suggestion; not transcript-verified
Ky5Sb5EzY30,"Institutions, incentives and political economy",Congress Faces Urgent December Deadlines,Congress,false,keyword suggestion; not transcript-verified
mjlsVdt1SKg,"Institutions, incentives and political economy",Does QE Actually Cause Inequality?,Inequality,true,keyword suggestion; not transcript-verified
0SUYWyWO2ho,"Institutions, incentives and political economy","Government Shutdown Averted, Debt Default Still on the Table",Government,false,keyword suggestion; not transcript-verified
wIgZnB-yebQ,"Institutions, incentives and political economy",An Insane Plan to Fund the Government is Back,Government,false,keyword suggestion; not transcript-verified
mFiXcCY3Mak,"Institutions, incentives and political economy",The Fed's Plan for US Government Debt Default,Government,false,keyword suggestion; not transcript-verified
GprrJlceslk,"Institutions, incentives and political economy",Yellen Urges Congress AGAIN... Time is Running Out,Congress,false,keyword suggestion; not transcript-verified
J2RTIYARGf0,"Institutions, incentives and political economy",Treasury Invokes 'Extraordinary Measures' as Congress Misses Debt Ceiling Deadline,Congress,false,keyword suggestion; not transcript-verified
8bsZy6tBrNw,"Institutions, incentives and political economy",Government Shutdown Likelihood Just Skyrocketed,Government,false,keyword suggestion; not transcript-verified
iKuHPtYOsfs,"Institutions, incentives and political economy",Janet Yellen Warns Congress of ‘Catastrophic’ Debt Default,Congress,false,keyword suggestion; not transcript-verified
ON2s7o3Cqic,"Institutions, incentives and political economy",Tesla Sells Bitcoin as SEC Delays ETF Decision,SEC,false,keyword suggestion; not transcript-verified
Z6seZzNHwlk,"Institutions, incentives and political economy",US Economic Freedom is Rapidly Deteriorating,Freedom,false,keyword suggestion; not transcript-verified
fadLGsq9GQc,"Institutions, incentives and political economy",We're On the Road to Socialism Now | No Turning Back,Socialism,false,keyword suggestion; not transcript-verified
XgnygUXeM5Q,"Institutions, incentives and political economy",Game Theory and the Future of Totalitarianism vs Freedom,Freedom,false,keyword suggestion; not transcript-verified
4Gelc5r4cug,"Institutions, incentives and political economy",Every Dollar You Own is a Loan to the Government,Government,false,keyword suggestion; not transcript-verified
Z6-Oe__BUu4,"Institutions, incentives and political economy",EVERY Dollar the Government Spends Comes from Your Wallet | Here’s How,Government,false,keyword suggestion; not transcript-verified
kzJRB0nEvjY,"Institutions, incentives and political economy",[CLIP] Why Central Planning Fails,Central Planning,false,keyword suggestion; not transcript-verified
HH-jktWbatQ,"Institutions, incentives and political economy",[CLIP] Government Incompetence Will Cause CBDC's to Fail,Government,false,keyword suggestion; not transcript-verified
L-D00H2SrMU,"Institutions, incentives and political economy",[CLIP] The Real Reasons Why Communism CANNOT Ever Work,Communism,false,keyword suggestion; not transcript-verified
_t1azr9U4eg,"Institutions, incentives and political economy",[CLIP] Wealth vs Money: The Problem with The Fed Printing Money to Finance Government Spending,Government,false,keyword suggestion; not transcript-verified
zdNEu26aPWg,"Institutions, incentives and political economy","Elon Musk Calls to Break Up ""Monopoly"" Amazon | The Truth About Monopolies",Monopoly; Monopolies,false,keyword suggestion; not transcript-verified
BwBUsDU-eiE,"Institutions, incentives and political economy",The TRUE Cause Behind the Inequality and Violence Right Now,Inequality,false,keyword suggestion; not transcript-verified
qcQQsJTcfrE,"Institutions, incentives and political economy",The $1 Trillion Coin Idea | How the Government Wants to Pay for All The Madness,Government,false,keyword suggestion; not transcript-verified
OTMluLc7aUw,"Institutions, incentives and political economy","Monopoly, Inflation, and the Broken CPI",Monopoly,false,keyword suggestion; not transcript-verified
qdJL3o_oEtQ,"Personal finance, retirement and financial resilience",Subprime Auto Loans are Imploding,Auto Loans,true,keyword suggestion; not transcript-verified
7m-7wCRvGBg,"Personal finance, retirement and financial resilience",Why Most Retirees Don’t Have to Use their Retirement Savings,Retirees; Retirement; Savings,true,keyword suggestion; not transcript-verified
a0jPJS0I3TY,"Personal finance, retirement and financial resilience",62% of Households Earning Over $300k Can't Pay Their Bills,Household,true,keyword suggestion; not transcript-verified
RWQGPWyXjfw,"Personal finance, retirement and financial resilience",The Government is Lying To You About Your Health Insurance Cost,Health Insurance,true,keyword suggestion; not transcript-verified
y5ULkJmU_18,"Personal finance, retirement and financial resilience",Your Debt is about to Get A lot More Expensive,Your Debt,true,keyword suggestion; not transcript-verified
oBZK44lBoc0,"Personal finance, retirement and financial resilience",US Households are on the Verge of Bankruptcy Right Now,Household,true,keyword suggestion; not transcript-verified
MJ0jyU_tPlw,"Personal finance, retirement and financial resilience",How to Retire a Millionaire at Any Age,Retire,true,keyword suggestion; not transcript-verified
Ll5fy4EMxgE,"Personal finance, retirement and financial resilience",Earn More or Spend Less? The Fastest Path to Wealth (not what you’d expect),Earn More or Spend Less; Path to Wealth,true,keyword suggestion; not transcript-verified
i-ULnxsilUc,"Personal finance, retirement and financial resilience",Life Insurance: How to Protect Your Loved Ones Without Getting Scammed,Life Insurance,true,keyword suggestion; not transcript-verified
0joiGLiLaNQ,"Personal finance, retirement and financial resilience",How to Raise Wealthy Kids,Raise Wealthy Kids,true,keyword suggestion; not transcript-verified
w3gHsNmjK2I,"Personal finance, retirement and financial resilience",The Most Dependable Path to Wealth,Path to Wealth,true,keyword suggestion; not transcript-verified
4Puo6gFyUh4,"Personal finance, retirement and financial resilience",Most Americans Will Never be Able to Retire,Retire,true,keyword suggestion; not transcript-verified
BPeWVxVOsAg,"Personal finance, retirement and financial resilience",The Return of Pension Plans Could Crush the Stock Market,Pension,true,keyword suggestion; not transcript-verified
1IZpITZOJ3M,"Personal finance, retirement and financial resilience",The US Retirement Crisis,Retirement,true,keyword suggestion; not transcript-verified
6lavV_JFcC0,"Personal finance, retirement and financial resilience",No More Student Loan Forgiveness | Do This Now,Student Loan,true,keyword suggestion; not transcript-verified
RhLfmXfJRmA,"Personal finance, retirement and financial resilience",It's More Important Than Ever to Get Out of Debt Quickly,Get Out of Debt,true,keyword suggestion; not transcript-verified
xSdzJkGUb-c,"Personal finance, retirement and financial resilience",Who You Marry is the Most Important Financial Decision of your Life,Financial Decision,true,keyword suggestion; not transcript-verified
o1EkciDN-fQ,"Personal finance, retirement and financial resilience",The Truth About Why They Don’t Teach Money in School,Money in School,true,keyword suggestion; not transcript-verified
gMprGLMz-1A,"Personal finance, retirement and financial resilience",What Happens to Your Debt when the Dollar Dies,Your Debt,true,keyword suggestion; not transcript-verified
AtTSHqZwMxE,"Personal finance, retirement and financial resilience","The Next Liquidity Crisis is with Households, NOT Banks",Household,true,keyword suggestion; not transcript-verified
HwZLbsAX0nk,"Personal finance, retirement and financial resilience",Why it's More Important than Ever to Learn to Budget,Learn to Budget,true,keyword suggestion; not transcript-verified
_PuV-p5sXhw,"Personal finance, retirement and financial resilience",You Won't Believe Who Manages Your Pension,Pension,true,keyword suggestion; not transcript-verified
HlvXNjkQE-s,"Personal finance, retirement and financial resilience",How to Use a Roth - Even if you Make Too Much,Roth,true,keyword suggestion; not transcript-verified
mfLrrHLwU0U,"Personal finance, retirement and financial resilience",Your Kid's College Fund Just Got Upgraded,College Fund,true,keyword suggestion; not transcript-verified
iFmhv4Phbys,"Personal finance, retirement and financial resilience",Low US Savings Rate Might Be Misleading,Savings,true,keyword suggestion; not transcript-verified
byz9ZFDZBl8,"Personal finance, retirement and financial resilience",The 2023 Auto Loan Apocalypse,Auto Loan,true,keyword suggestion; not transcript-verified
SvH8ALE8hj8,"Personal finance, retirement and financial resilience",US Personal Savings Rate is Dangerously Low,Savings,true,keyword suggestion; not transcript-verified
gHVais0R5aw,"Personal finance, retirement and financial resilience",Is There an Auto Loan Apocalypse Coming?,Auto Loan,true,keyword suggestion; not transcript-verified
ATlG9IajjEs,"Personal finance, retirement and financial resilience",Rejecting a CBDC will Cost You Your Pension,Pension,true,keyword suggestion; not transcript-verified
qMSA1r6XbNg,"Personal finance, retirement and financial resilience",The Fed Wants to Bankrupt Households and Crash the Markets,Household,true,keyword suggestion; not transcript-verified
dbClpyP5cxQ,"Personal finance, retirement and financial resilience",The Supreme Court May Block Student Loan Forgiveness,Student Loan,true,keyword suggestion; not transcript-verified
ETUHpNU1MbQ,"Personal finance, retirement and financial resilience",Why Americans Have No Savings and Record High Debt,Savings,true,keyword suggestion; not transcript-verified
_5Xm-z-5xII,"Personal finance, retirement and financial resilience",The Ramifications of Mass Student Loan Forgiveness,Student Loan,true,keyword suggestion; not transcript-verified
QYgt8lPNc4I,"Personal finance, retirement and financial resilience",Household Debt hits All Time High | Do This Instead,Household,true,keyword suggestion; not transcript-verified
XnTQGn5-Nnk,"Personal finance, retirement and financial resilience",US Savings Rate Plummets to Lowest Level in Decade,Savings,true,keyword suggestion; not transcript-verified
ec4BDPi7cn4,"Personal finance, retirement and financial resilience",Pay Off ALL of This Kind of Debt ASAP,Pay Off ALL of This Kind of Debt,true,keyword suggestion; not transcript-verified
CEqcuZy6rYA,"Personal finance, retirement and financial resilience",Why Pensions are Screwed,Pensions,true,keyword suggestion; not transcript-verified
dT_7BhvnaYA,"Personal finance, retirement and financial resilience","Mega Backdoor Roth Survives the 'Build Back Better' Plan, For Now",Roth,false,keyword suggestion; not transcript-verified
A2S4Y01iB5Y,"Personal finance, retirement and financial resilience",What Happens to your PENSION in a Currency Reset?,PENSION,false,keyword suggestion; not transcript-verified
4VCtCbY5S2s,"Personal finance, retirement and financial resilience",What Happens to YOUR Debt After a Monetary Reset?,YOUR Debt,false,keyword suggestion; not transcript-verified
yWbpv6B4gWg,"Personal finance, retirement and financial resilience",How to Navigate through a Currency Reset | Pt. 1 - Retirement,Retirement,false,keyword suggestion; not transcript-verified
kMIiXTWtH1c,"Personal finance, retirement and financial resilience",Create Your Own Personal Gold Standard | Part 1 - Savings,Savings,false,keyword suggestion; not transcript-verified
ZL89ij5m6SU,"Personal finance, retirement and financial resilience",How to Hedge and Protect Your Retirement Account,Retirement,false,keyword suggestion; not transcript-verified
bLvtP9GCzfM,"Personal finance, retirement and financial resilience","Life Insurance | The BEST, Definitive, Final Guide - Everything You Need to Know",Life Insurance,false,keyword suggestion; not transcript-verified
hHbyh1qLw40,"Personal finance, retirement and financial resilience","The Fed Just Doubled Down - Savers Are Screwed (for the ""greater good"")",Savers,false,keyword suggestion; not transcript-verified
9MQzmTuJfdM,"Personal finance, retirement and financial resilience",The SECURE Act - Retirement Law Changes | Everything You Need To Know,Retirement,false,keyword suggestion; not transcript-verified
NotmxtjjYZU,"Personal finance, retirement and financial resilience",The Truth About Your Student Loans,Student Loans,false,keyword suggestion; not transcript-verified
3i72aX2WMrk,"Personal finance, retirement and financial resilience",The 3 Worst Financial Mistakes I've Ever Made,Financial Mistakes,false,keyword suggestion; not transcript-verified
Yh9vBJWSzbM,"Personal finance, retirement and financial resilience",Gamma Trap: Pension Funds Risk Blow-Up and Prop Up Stock Market,Pension,false,keyword suggestion; not transcript-verified
6eZzGnZn5Ds,"Personal finance, retirement and financial resilience",Are Savers Losers? | Why You Shouldn't Hold Cash for the Crash,Savers,false,keyword suggestion; not transcript-verified
2Ep9BFqozLw,"Personal finance, retirement and financial resilience","Learn, Control, Protect | The Foundation of Financial Success",Financial Success,false,keyword suggestion; not transcript-verified
7uXf9yMYbgY,"Personal finance, retirement and financial resilience",What Is A Liability? | Clip,What Is A Liability,false,keyword suggestion; not transcript-verified
ek_RodYzUCI,Monetary history and the nature of money,The History of Money - and What Comes Next,History of Money,true,keyword suggestion; not transcript-verified
OLyftR3-OsA,Monetary history and the nature of money,Money Cannot be Backed by Anything - and Never Has Been,Money Cannot be Backed,true,keyword suggestion; not transcript-verified
eX5I1RJfqlc,Monetary history and the nature of money,How Money is Created - and Destroyed,Money is Created,true,keyword suggestion; not transcript-verified
FWycTVZQWmQ,Monetary history and the nature of money,This is What Happens After Fiat Fails,Fiat,true,keyword suggestion; not transcript-verified
Vdb7NsKsOfc,Monetary history and the nature of money,Why Sound Money Discourages Investing,Sound Money,true,keyword suggestion; not transcript-verified
96HMQP8nbao,Monetary history and the nature of money,How Fiat Currency Caused the Global Energy Crisis,Fiat,true,keyword suggestion; not transcript-verified
ZPPUB3UUyjc,Monetary history and the nature of money,The Real Reason Why Counterfeiting is Illegal,Counterfeit,true,keyword suggestion; not transcript-verified
yiJ7VqA2e_c,Monetary history and the nature of money,Full Lecture on The History of Different Monetary Systems and How it Changes Economies,Monetary Systems,true,keyword suggestion; not transcript-verified
Iwz5QpBbPTk,Monetary history and the nature of money,Why Gold and Bitcoin BOTH Win in a Fiat Collapse,Fiat,true,keyword suggestion; not transcript-verified
DRE91mcQg_U,Monetary history and the nature of money,Trudeau’s Power Trip Exposes Danger of Fiat Money,Fiat,true,keyword suggestion; not transcript-verified
QOtrMgffC7I,Monetary history and the nature of money,Arizona's Bill to make Bitcoin Legal Tender is Unconstitutional,Legal Tender,true,keyword suggestion; not transcript-verified
upHoZJthxGc,Monetary history and the nature of money,How Sound Money Cripples Monopolies | Aleks Svetski Clip,Sound Money,true,keyword suggestion; not transcript-verified
uXNvhyp8knU,Monetary history and the nature of money,Sound Money is the Solution to Censorship | Aleks Svetski Full Interview,Sound Money,true,keyword suggestion; not transcript-verified
VLulrc235nY,Monetary history and the nature of money,"China Bans ALL Crypto, Gives Glimpse into Future Global Monetary System",Monetary System,false,keyword suggestion; not transcript-verified
apjFevwAT3w,Monetary history and the nature of money,"Mark Moss on Decentralization, Cycles of History and the Future of Money @1MarkMoss",Future of Money,false,keyword suggestion; not transcript-verified
wBBDuzBFM6s,Monetary history and the nature of money,"The Ancient Monetary Systems behind Fiat, Bitcoin, and Gold",Monetary Systems; Fiat,false,keyword suggestion; not transcript-verified
jaOb_LgQ2jA,Monetary history and the nature of money,The Origin of Modern Money - and its Dark Future,Origin of Modern Money,false,keyword suggestion; not transcript-verified
9pJm_hXazxM,Monetary history and the nature of money,Legal Tender Laws vs Gresham's Law,Legal Tender; Gresham,false,keyword suggestion; not transcript-verified
-FZeVZGzPu8,Monetary history and the nature of money,When Money Dies,Money Dies,false,keyword suggestion; not transcript-verified
9p08nAAgkUg,Monetary history and the nature of money,[CLIP] Brief History of Money: Credit to Commodity to Paper to Digital,History of Money,false,keyword suggestion; not transcript-verified
Qem3Y4deakU,Monetary history and the nature of money,Is History Repeating Itself with a Fiat Collapse? | John Law and the Mississippi Bubble,Fiat,false,keyword suggestion; not transcript-verified
kFuxyqFMJr0,Monetary history and the nature of money,What Is Money | Clip,What Is Money,false,keyword suggestion; not transcript-verified
wSGPDd5yTjs,"Economic reasoning, value and economic education",Why Everyone is Getting AI Economics Wrong,Economics,true,keyword suggestion; not transcript-verified
LZmRxlo-Rnk,"Economic reasoning, value and economic education",12 Economic Laws that will Make You More Money,Economic Laws,true,keyword suggestion; not transcript-verified
-6fIbHDjexI,"Economic reasoning, value and economic education",Why the Best Investors Study Economics,Economics,true,keyword suggestion; not transcript-verified
JUPi2-TtLIc,"Economic reasoning, value and economic education",I Read 482 Books About Money - These are the Only 12 You Need,Books About Money,true,keyword suggestion; not transcript-verified
tTcOUWF2gdg,"Economic reasoning, value and economic education",I Asked an AI to Explain Economics,Economics,true,keyword suggestion; not transcript-verified
RdTpfZC5K-E,"Economic reasoning, value and economic education",Regulations Vs Sovereignty to Maximize Wealth | Per Bylund,Per Bylund,true,keyword suggestion; not transcript-verified
DGQk-r-sf1Y,"Economic reasoning, value and economic education",The Missing Key Piece to Value Creation | Per Bylund,Value Creation; Per Bylund,true,keyword suggestion; not transcript-verified
siFTOYDTOF8,"Economic reasoning, value and economic education",How Value Is Ordinal and Subjective | Per Bylund,Ordinal and Subjective; Per Bylund,true,keyword suggestion; not transcript-verified
U6Wpf2xZb7M,"Economic reasoning, value and economic education",The Broken Window Fallacy | Per Bylund,Broken Window; Per Bylund,true,keyword suggestion; not transcript-verified
uf8yAjyR--4,"Economic reasoning, value and economic education","The Seen, The Unseen, and the Unrealized | Per Bylund","Seen, The Unseen; Per Bylund",true,keyword suggestion; not transcript-verified
TiEoAtqI-z0,"Economic reasoning, value and economic education","Animal Fries | A Story about Profit, Economics, and Decentralization",Economics,false,keyword suggestion; not transcript-verified
nrnmOl-hB_s,"Economic reasoning, value and economic education",The Clever Deception of Modern Economics,Economics,false,keyword suggestion; not transcript-verified
8fDLykfvcEo,"Economic reasoning, value and economic education",5 Great Books About Money and Economics,Books About Money; Economics,false,keyword suggestion; not transcript-verified
TyjZLgETSwM,"Economic reasoning, value and economic education",5 Movies that will Teach You More than a Degree in Economics,Economics,false,keyword suggestion; not transcript-verified
ixvzRoAnO5I,"Economic reasoning, value and economic education",Selling a Car will Teach You Better Economics than University,Economics,false,keyword suggestion; not transcript-verified
VS2usWWZcGM,"Economic reasoning, value and economic education",Famous Economist Thinks these Riots will Stimulate the Economy | The Broken Window Fallacy,Broken Window,false,keyword suggestion; not transcript-verified
p_q0XGQyR8g,"Economic reasoning, value and economic education","Giving Is Great | Money Books For Babies, Volume 2",Money Books,false,keyword suggestion; not transcript-verified
