seed,epsilon,episode,reward
0,0.0,1,1
0,0.0,2,-1
0,0.0,3,1
0,0.0,4,1
0,0.0,5,1
0,0.0,6,-1
0,0.0,7,-1
0,0.0,8,1
0,0.0,9,-1
0,0.0,10,1
0,0.0,11,1
0,0.0,12,1
0,0.0,13,1
0,0.0,14,-1
0,0.0,15,1
0,0.0,16,1
0,0.0,17,1
0,0.0,18,-1
0,0.0,19,1
0,0.0,20,-1
0,0.0,21,1
0,0.0,22,1
0,0.0,23,1
0,0.0,24,-1
0,0.0,25,-1
0,0.0,26,1
0,0.0,27,1
0,0.0,28,1
0,0.0,29,1
0,0.0,30,-1
0,0.0,31,1
0,0.0,32,-1
0,0.0,33,-1
0,0.0,34,-1
0,0.0,35,1
0,0.0,36,-1
0,0.0,37,1
0,0.0,38,1
0,0.0,39,-1
0,0.0,40,1
0,0.0,41,1
0,0.0,42,1
0,0.0,43,1
0,0.0,44,1
0,0.0,45,1
0,0.0,46,1
0,0.0,47,-1
0,0.0,48,1
0,0.0,49,1
0,0.0,50,-1
0,0.0,51,1
0,0.0,52,1
0,0.0,53,1
0,0.0,54,-1
0,0.0,55,-1
0,0.0,56,-1
0,0.0,57,-1
0,0.0,58,1
0,0.0,59,1
0,0.0,60,1
0,0.0,61,1
0,0.0,62,-1
0,0.0,63,-1
0,0.0,64,1
0,0.0,65,1
0,0.0,66,1
0,0.0,67,-1
0,0.0,68,1
0,0.0,69,1
0,0.0,70,1
0,0.0,71,-1
0,0.0,72,-1
0,0.0,73,1
0,0.0,74,-1
0,0.0,75,1
0,0.0,76,1
0,0.0,77,1
0,0.0,78,1
0,0.0,79,-1
0,0.0,80,1
0,0.0,81,1
0,0.0,82,1
0,0.0,83,1
0,0.0,84,1
0,0.0,85,1
0,0.0,86,-1
0,0.0,87,1
0,0.0,88,-1
0,0.0,89,-1
0,0.0,90,1
0,0.0,91,-1
0,0.0,92,-1
0,0.0,93,-1
0,0.0,94,-1
0,0.0,95,1
0,0.0,96,1
0,0.0,97,-1
0,0.0,98,1
0,0.0,99,1
0,0.0,100,-1
0,0.0,101,1
0,0.0,102,1
0,0.0,103,1
0,0.0,104,-1
0,0.0,105,1
0,0.0,106,1
0,0.0,107,1
0,0.0,108,1
0,0.0,109,1
0,0.0,110,-1
0,0.0,111,-1
0,0.0,112,1
0,0.0,113,1
0,0.0,114,1
0,0.0,115,1
0,0.0,116,-1
0,0.0,117,-1
0,0.0,118,1
0,0.0,119,1
0,0.0,120,-1
0,0.0,121,1
0,0.0,122,1
0,0.0,123,-1
0,0.0,124,1
0,0.0,125,-1
0,0.0,126,-1
0,0.0,127,1
0,0.0,128,-1
0,0.0,129,-1
0,0.0,130,1
0,0.0,131,1
0,0.0,132,-1
0,0.0,133,1
0,0.0,134,1
0,0.0,135,1
0,0.0,136,1
0,0.0,137,1
0,0.0,138,-1
0,0.0,139,-1
0,0.0,140,1
0,0.0,141,1
0,0.0,142,1
0,0.0,143,1
0,0.0,144,1
0,0.0,145,1
0,0.0,146,1
0,0.0,147,1
0,0.0,148,1
0,0.0,149,1
0,0.0,150,1
0,0.0,151,1
0,0.0,152,-1
0,0.0,153,1
0,0.0,154,1
0,0.0,155,1
0,0.0,156,1
0,0.0,157,1
0,0.0,158,1
0,0.0,159,1
0,0.0,160,1
0,0.0,161,1
0,0.0,162,1
0,0.0,163,1
0,0.0,164,1
0,0.0,165,-1
0,0.0,166,-1
0,0.0,167,1
0,0.0,168,1
0,0.0,169,1
0,0.0,170,1
0,0.0,171,1
0,0.0,172,1
0,0.0,173,1
0,0.0,174,1
0,0.0,175,1
0,0.0,176,1
0,0.0,177,1
0,0.0,178,1
0,0.0,179,1
0,0.0,180,1
0,0.0,181,1
0,0.0,182,1
0,0.0,183,1
0,0.0,184,1
0,0.0,185,1
0,0.0,186,1
0,0.0,187,-1
0,0.0,188,1
0,0.0,189,1
0,0.0,190,1
0,0.0,191,1
0,0.0,192,1
0,0.0,193,1
0,0.0,194,1
0,0.0,195,-1
0,0.0,196,1
0,0.0,197,1
0,0.0,198,1
0,0.0,199,1
0,0.0,200,1
0,0.0,201,1
0,0.0,202,1
0,0.0,203,1
0,0.0,204,1
0,0.0,205,1
0,0.0,206,-1
0,0.0,207,1
0,0.0,208,1
0,0.0,209,1
0,0.0,210,1
0,0.0,211,1
0,0.0,212,1
0,0.0,213,1
0,0.0,214,-1
0,0.0,215,1
0,0.0,216,1
0,0.0,217,1
0,0.0,218,1
0,0.0,219,1
0,0.0,220,1
0,0.0,221,1
0,0.0,222,1
0,0.0,223,1
0,0.0,224,-1
0,0.0,225,1
0,0.0,226,1
0,0.0,227,1
0,0.0,228,1
0,0.0,229,-1
0,0.0,230,1
0,0.0,231,1
0,0.0,232,1
0,0.0,233,-1
0,0.0,234,1
0,0.0,235,1
0,0.0,236,1
0,0.0,237,1
0,0.0,238,1
0,0.0,239,1
0,0.0,240,1
0,0.0,241,1
0,0.0,242,1
0,0.0,243,1
0,0.0,244,1
0,0.0,245,1
0,0.0,246,1
0,0.0,247,1
0,0.0,248,1
0,0.0,249,1
0,0.0,250,1
0,0.0,251,1
0,0.0,252,-1
0,0.0,253,1
0,0.0,254,1
0,0.0,255,1
0,0.0,256,1
0,0.0,257,1
0,0.0,258,1
0,0.0,259,1
0,0.0,260,1
0,0.0,261,1
0,0.0,262,1
0,0.0,263,1
0,0.0,264,1
0,0.0,265,1
0,0.0,266,1
0,0.0,267,1
0,0.0,268,1
0,0.0,269,1
0,0.0,270,1
0,0.0,271,1
0,0.0,272,1
0,0.0,273,1
0,0.0,274,-1
0,0.0,275,1
0,0.0,276,1
0,0.0,277,-1
0,0.0,278,1
0,0.0,279,1
0,0.0,280,1
0,0.0,281,1
0,0.0,282,-1
0,0.0,283,1
0,0.0,284,1
0,0.0,285,1
0,0.0,286,1
0,0.0,287,1
0,0.0,288,1
0,0.0,289,1
0,0.0,290,-1
0,0.0,291,1
0,0.0,292,1
0,0.0,293,1
0,0.0,294,1
0,0.0,295,1
0,0.0,296,1
0,0.0,297,1
0,0.0,298,1
0,0.0,299,1
0,0.0,300,1
0,0.0,301,1
0,0.0,302,1
0,0.0,303,1
0,0.0,304,1
0,0.0,305,1
0,0.0,306,1
0,0.0,307,1
0,0.0,308,1
0,0.0,309,-1
0,0.0,310,1
0,0.0,311,1
0,0.0,312,1
0,0.0,313,1
0,0.0,314,1
0,0.0,315,1
0,0.0,316,1
0,0.0,317,1
0,0.0,318,1
0,0.0,319,1
0,0.0,320,1
0,0.0,321,1
0,0.0,322,1
0,0.0,323,1
0,0.0,324,1
0,0.0,325,1
0,0.0,326,1
0,0.0,327,1
0,0.0,328,-1
0,0.0,329,1
0,0.0,330,1
0,0.0,331,1
0,0.0,332,1
0,0.0,333,1
0,0.0,334,1
0,0.0,335,1
0,0.0,336,1
0,0.0,337,1
0,0.0,338,1
0,0.0,339,1
0,0.0,340,1
0,0.0,341,1
0,0.0,342,1
0,0.0,343,1
0,0.0,344,1
0,0.0,345,1
0,0.0,346,1
0,0.0,347,1
0,0.0,348,1
0,0.0,349,1
0,0.0,350,1
0,0.0,351,1
0,0.0,352,1
0,0.0,353,1
0,0.0,354,1
0,0.0,355,1
0,0.0,356,1
0,0.0,357,1
0,0.0,358,1
0,0.0,359,1
0,0.0,360,1
0,0.0,361,1
0,0.0,362,1
0,0.0,363,1
0,0.0,364,1
0,0.0,365,1
0,0.0,366,1
0,0.0,367,1
0,0.0,368,1
0,0.0,369,1
0,0.0,370,1
0,0.0,371,1
0,0.0,372,1
0,0.0,373,1
0,0.0,374,-1
0,0.0,375,1
0,0.0,376,1
0,0.0,377,1
0,0.0,378,1
0,0.0,379,1
0,0.0,380,1
0,0.0,381,1
0,0.0,382,1
0,0.0,383,1
0,0.0,384,1
0,0.0,385,1
0,0.0,386,1
0,0.0,387,1
0,0.0,388,1
0,0.0,389,1
0,0.0,390,1
0,0.0,391,1
0,0.0,392,1
0,0.0,393,1
0,0.0,394,1
0,0.0,395,1
0,0.0,396,1
0,0.0,397,1
0,0.0,398,1
0,0.0,399,1
0,0.0,400,1
0,0.0,401,1
0,0.0,402,1
0,0.0,403,1
0,0.0,404,1
0,0.0,405,1
0,0.0,406,1
0,0.0,407,1
0,0.0,408,1
0,0.0,409,1
0,0.0,410,1
0,0.0,411,1
0,0.0,412,1
0,0.0,413,1
0,0.0,414,1
0,0.0,415,1
0,0.0,416,1
0,0.0,417,1
0,0.0,418,1
0,0.0,419,1
0,0.0,420,1
0,0.0,421,1
0,0.0,422,1
0,0.0,423,1
0,0.0,424,1
0,0.0,425,1
0,0.0,426,1
0,0.0,427,1
0,0.0,428,1
0,0.0,429,1
0,0.0,430,1
0,0.0,431,1
0,0.0,432,1
0,0.0,433,1
0,0.0,434,1
0,0.0,435,1
0,0.0,436,1
0,0.0,437,1
0,0.0,438,1
0,0.0,439,1
0,0.0,440,1
0,0.0,441,1
0,0.0,442,1
0,0.0,443,1
0,0.0,444,1
0,0.0,445,1
0,0.0,446,1
0,0.0,447,1
0,0.0,448,1
0,0.0,449,1
0,0.0,450,1
0,0.0,451,1
0,0.0,452,1
0,0.0,453,1
0,0.0,454,1
0,0.0,455,1
0,0.0,456,1
0,0.0,457,1
0,0.0,458,1
0,0.0,459,1
0,0.0,460,1
0,0.0,461,1
0,0.0,462,1
0,0.0,463,1
0,0.0,464,1
0,0.0,465,1
0,0.0,466,1
0,0.0,467,1
0,0.0,468,1
0,0.0,469,1
0,0.0,470,1
0,0.0,471,1
0,0.0,472,1
0,0.0,473,1
0,0.0,474,1
0,0.0,475,1
0,0.0,476,1
0,0.0,477,1
0,0.0,478,1
0,0.0,479,1
0,0.0,480,1
0,0.0,481,1
0,0.0,482,1
0,0.0,483,1
0,0.0,484,1
0,0.0,485,1
0,0.0,486,1
0,0.0,487,1
0,0.0,488,1
0,0.0,489,1
0,0.0,490,1
0,0.0,491,1
0,0.0,492,1
0,0.0,493,1
0,0.0,494,1
0,0.0,495,1
0,0.0,496,1
0,0.0,497,1
0,0.0,498,1
0,0.0,499,1
0,0.0,500,1
0,0.0,501,1
0,0.0,502,1
0,0.0,503,1
0,0.0,504,1
0,0.0,505,1
0,0.0,506,1
0,0.0,507,1
0,0.0,508,1
0,0.0,509,1
0,0.0,510,1
0,0.0,511,1
0,0.0,512,1
0,0.0,513,1
0,0.0,514,1
0,0.0,515,1
0,0.0,516,1
0,0.0,517,1
0,0.0,518,1
0,0.0,519,1
0,0.0,520,1
0,0.0,521,1
0,0.0,522,1
0,0.0,523,1
0,0.0,524,1
0,0.0,525,1
0,0.0,526,1
0,0.0,527,1
0,0.0,528,1
0,0.0,529,1
0,0.0,530,1
0,0.0,531,1
0,0.0,532,1
0,0.0,533,1
0,0.0,534,1
0,0.0,535,1
0,0.0,536,1
0,0.0,537,1
0,0.0,538,1
0,0.0,539,1
0,0.0,540,1
0,0.0,541,1
0,0.0,542,1
0,0.0,543,1
0,0.0,544,1
0,0.0,545,1
0,0.0,546,1
0,0.0,547,1
0,0.0,548,1
0,0.0,549,1
0,0.0,550,1
0,0.0,551,1
0,0.0,552,1
0,0.0,553,1
0,0.0,554,1
0,0.0,555,1
0,0.0,556,1
0,0.0,557,1
0,0.0,558,1
0,0.0,559,1
0,0.0,560,1
0,0.0,561,1
0,0.0,562,1
0,0.0,563,1
0,0.0,564,1
0,0.0,565,1
0,0.0,566,1
0,0.0,567,1
0,0.0,568,1
0,0.0,569,1
0,0.0,570,1
0,0.0,571,1
0,0.0,572,1
0,0.0,573,1
0,0.0,574,1
0,0.0,575,1
0,0.0,576,1
0,0.0,577,1
0,0.0,578,1
0,0.0,579,1
0,0.0,580,1
0,0.0,581,1
0,0.0,582,1
0,0.0,583,1
0,0.0,584,1
0,0.0,585,1
0,0.0,586,1
0,0.0,587,1
0,0.0,588,1
0,0.0,589,1
0,0.0,590,1
0,0.0,591,1
0,0.0,592,1
0,0.0,593,1
0,0.0,594,1
0,0.0,595,1
0,0.0,596,1
0,0.0,597,1
0,0.0,598,1
0,0.0,599,1
0,0.0,600,1
0,0.0,601,1
0,0.0,602,1
0,0.0,603,1
0,0.0,604,1
0,0.0,605,1
0,0.0,606,1
0,0.0,607,1
0,0.0,608,1
0,0.0,609,1
0,0.0,610,1
0,0.0,611,1
0,0.0,612,1
0,0.0,613,1
0,0.0,614,1
0,0.0,615,1
0,0.0,616,1
0,0.0,617,1
0,0.0,618,1
0,0.0,619,1
0,0.0,620,1
0,0.0,621,1
0,0.0,622,1
0,0.0,623,1
0,0.0,624,1
0,0.0,625,1
0,0.0,626,1
0,0.0,627,1
0,0.0,628,1
0,0.0,629,1
0,0.0,630,1
0,0.0,631,1
0,0.0,632,1
0,0.0,633,1
0,0.0,634,1
0,0.0,635,1
0,0.0,636,1
0,0.0,637,1
0,0.0,638,1
0,0.0,639,1
0,0.0,640,1
0,0.0,641,1
0,0.0,642,1
0,0.0,643,1
0,0.0,644,1
0,0.0,645,1
0,0.0,646,1
0,0.0,647,1
0,0.0,648,1
0,0.0,649,1
0,0.0,650,1
0,0.0,651,1
0,0.0,652,1
0,0.0,653,1
0,0.0,654,1
0,0.0,655,1
0,0.0,656,1
0,0.0,657,1
0,0.0,658,1
0,0.0,659,1
0,0.0,660,1
0,0.0,661,1
0,0.0,662,1
0,0.0,663,1
0,0.0,664,1
0,0.0,665,1
0,0.0,666,1
0,0.0,667,1
0,0.0,668,1
0,0.0,669,1
0,0.0,670,1
0,0.0,671,1
0,0.0,672,1
0,0.0,673,1
0,0.0,674,1
0,0.0,675,1
0,0.0,676,1
0,0.0,677,1
0,0.0,678,1
0,0.0,679,1
0,0.0,680,1
0,0.0,681,1
0,0.0,682,1
0,0.0,683,1
0,0.0,684,1
0,0.0,685,1
0,0.0,686,1
0,0.0,687,1
0,0.0,688,1
0,0.0,689,1
0,0.0,690,1
0,0.0,691,1
0,0.0,692,1
0,0.0,693,1
0,0.0,694,1
0,0.0,695,1
0,0.0,696,1
0,0.0,697,1
0,0.0,698,1
0,0.0,699,1
0,0.0,700,1
0,0.0,701,1
0,0.0,702,1
0,0.0,703,1
0,0.0,704,1
0,0.0,705,1
0,0.0,706,1
0,0.0,707,1
0,0.0,708,1
0,0.0,709,1
0,0.0,710,1
0,0.0,711,1
0,0.0,712,1
0,0.0,713,1
0,0.0,714,1
0,0.0,715,1
0,0.0,716,1
0,0.0,717,1
0,0.0,718,1
0,0.0,719,1
0,0.0,720,1
0,0.0,721,1
0,0.0,722,1
0,0.0,723,1
0,0.0,724,1
0,0.0,725,1
0,0.0,726,1
0,0.0,727,1
0,0.0,728,1
0,0.0,729,1
0,0.0,730,1
0,0.0,731,1
0,0.0,732,1
0,0.0,733,1
0,0.0,734,1
0,0.0,735,1
0,0.0,736,1
0,0.0,737,1
0,0.0,738,1
0,0.0,739,1
0,0.0,740,1
0,0.0,741,1
0,0.0,742,1
0,0.0,743,1
0,0.0,744,1
0,0.0,745,1
0,0.0,746,1
0,0.0,747,1
0,0.0,748,1
0,0.0,749,1
0,0.0,750,1
0,0.0,751,1
0,0.0,752,1
0,0.0,753,1
0,0.0,754,1
0,0.0,755,1
0,0.0,756,1
0,0.0,757,1
0,0.0,758,1
0,0.0,759,1
0,0.0,760,1
0,0.0,761,1
0,0.0,762,1
0,0.0,763,1
0,0.0,764,1
0,0.0,765,1
0,0.0,766,1
0,0.0,767,1
0,0.0,768,1
0,0.0,769,1
0,0.0,770,1
0,0.0,771,1
0,0.0,772,1
0,0.0,773,1
0,0.0,774,1
0,0.0,775,1
0,0.0,776,1
0,0.0,777,1
0,0.0,778,1
0,0.0,779,1
0,0.0,780,1
0,0.0,781,1
0,0.0,782,1
0,0.0,783,1
0,0.0,784,1
0,0.0,785,1
0,0.0,786,1
0,0.0,787,1
0,0.0,788,1
0,0.0,789,1
0,0.0,790,1
0,0.0,791,1
0,0.0,792,1
0,0.0,793,1
0,0.0,794,1
0,0.0,795,1
0,0.0,796,1
0,0.0,797,1
0,0.0,798,1
0,0.0,799,1
0,0.0,800,1
0,0.0,801,1
0,0.0,802,1
0,0.0,803,1
0,0.0,804,1
0,0.0,805,1
0,0.0,806,1
0,0.0,807,1
0,0.0,808,1
0,0.0,809,1
0,0.0,810,1
0,0.0,811,1
0,0.0,812,1
0,0.0,813,1
0,0.0,814,1
0,0.0,815,1
0,0.0,816,1
0,0.0,817,1
0,0.0,818,1
0,0.0,819,1
0,0.0,820,1
0,0.0,821,1
0,0.0,822,1
0,0.0,823,1
0,0.0,824,1
0,0.0,825,1
0,0.0,826,1
0,0.0,827,1
0,0.0,828,1
0,0.0,829,1
0,0.0,830,1
0,0.0,831,1
0,0.0,832,1
0,0.0,833,1
0,0.0,834,1
0,0.0,835,1
0,0.0,836,1
0,0.0,837,1
0,0.0,838,1
0,0.0,839,1
0,0.0,840,1
0,0.0,841,1
0,0.0,842,1
0,0.0,843,1
0,0.0,844,1
0,0.0,845,1
0,0.0,846,1
0,0.0,847,1
0,0.0,848,1
0,0.0,849,1
0,0.0,850,1
0,0.0,851,1
0,0.0,852,1
0,0.0,853,1
0,0.0,854,1
0,0.0,855,1
0,0.0,856,1
0,0.0,857,1
0,0.0,858,1
0,0.0,859,1
0,0.0,860,1
0,0.0,861,1
0,0.0,862,1
0,0.0,863,1
0,0.0,864,1
0,0.0,865,1
0,0.0,866,1
0,0.0,867,1
0,0.0,868,1
0,0.0,869,1
0,0.0,870,1
0,0.0,871,1
0,0.0,872,1
0,0.0,873,1
0,0.0,874,1
0,0.0,875,1
0,0.0,876,1
0,0.0,877,1
0,0.0,878,1
0,0.0,879,1
0,0.0,880,1
0,0.0,881,1
0,0.0,882,1
0,0.0,883,1
0,0.0,884,1
0,0.0,885,1
0,0.0,886,1
0,0.0,887,1
0,0.0,888,1
0,0.0,889,1
0,0.0,890,1
0,0.0,891,1
0,0.0,892,1
0,0.0,893,1
0,0.0,894,1
0,0.0,895,1
0,0.0,896,1
0,0.0,897,1
0,0.0,898,1
0,0.0,899,1
0,0.0,900,1
0,0.0,901,1
0,0.0,902,1
0,0.0,903,1
0,0.0,904,1
0,0.0,905,1
0,0.0,906,1
0,0.0,907,1
0,0.0,908,1
0,0.0,909,1
0,0.0,910,1
0,0.0,911,1
0,0.0,912,1
0,0.0,913,1
0,0.0,914,1
0,0.0,915,1
0,0.0,916,1
0,0.0,917,1
0,0.0,918,1
0,0.0,919,1
0,0.0,920,1
0,0.0,921,1
0,0.0,922,1
0,0.0,923,1
0,0.0,924,1
0,0.0,925,1
0,0.0,926,1
0,0.0,927,1
0,0.0,928,1
0,0.0,929,1
0,0.0,930,1
0,0.0,931,1
0,0.0,932,1
0,0.0,933,1
0,0.0,934,1
0,0.0,935,1
0,0.0,936,1
0,0.0,937,1
0,0.0,938,1
0,0.0,939,1
0,0.0,940,1
0,0.0,941,1
0,0.0,942,1
0,0.0,943,1
0,0.0,944,1
0,0.0,945,1
0,0.0,946,1
0,0.0,947,1
0,0.0,948,1
0,0.0,949,1
0,0.0,950,1
0,0.0,951,1
0,0.0,952,1
0,0.0,953,1
0,0.0,954,1
0,0.0,955,1
0,0.0,956,1
0,0.0,957,1
0,0.0,958,1
0,0.0,959,1
0,0.0,960,1
0,0.0,961,1
0,0.0,962,1
0,0.0,963,1
0,0.0,964,1
0,0.0,965,1
0,0.0,966,1
0,0.0,967,1
0,0.0,968,1
0,0.0,969,1
0,0.0,970,1
0,0.0,971,1
0,0.0,972,1
0,0.0,973,1
0,0.0,974,1
0,0.0,975,1
0,0.0,976,1
0,0.0,977,1
0,0.0,978,1
0,0.0,979,1
0,0.0,980,1
0,0.0,981,1
0,0.0,982,1
0,0.0,983,1
0,0.0,984,1
0,0.0,985,1
0,0.0,986,1
0,0.0,987,1
0,0.0,988,1
0,0.0,989,1
0,0.0,990,1
0,0.0,991,1
0,0.0,992,1
0,0.0,993,1
0,0.0,994,1
0,0.0,995,1
0,0.0,996,1
0,0.0,997,1
0,0.0,998,1
0,0.0,999,1
0,0.0,1000,1
0,0.0,1001,1
0,0.0,1002,1
0,0.0,1003,1
0,0.0,1004,1
0,0.0,1005,1
0,0.0,1006,1
0,0.0,1007,1
0,0.0,1008,1
0,0.0,1009,1
0,0.0,1010,1
0,0.0,1011,1
0,0.0,1012,1
0,0.0,1013,1
0,0.0,1014,1
0,0.0,1015,1
0,0.0,1016,1
0,0.0,1017,1
0,0.0,1018,1
0,0.0,1019,1
0,0.0,1020,1
0,0.0,1021,1
0,0.0,1022,1
0,0.0,1023,1
0,0.0,1024,1
0,0.0,1025,1
0,0.0,1026,1
0,0.0,1027,1
0,0.0,1028,1
0,0.0,1029,1
0,0.0,1030,1
0,0.0,1031,1
0,0.0,1032,1
0,0.0,1033,1
0,0.0,1034,1
0,0.0,1035,1
0,0.0,1036,1
0,0.0,1037,1
0,0.0,1038,1
0,0.0,1039,1
0,0.0,1040,1
0,0.0,1041,1
0,0.0,1042,1
0,0.0,1043,1
0,0.0,1044,1
0,0.0,1045,1
0,0.0,1046,1
0,0.0,1047,1
0,0.0,1048,1
0,0.0,1049,1
0,0.0,1050,1
0,0.0,1051,1
0,0.0,1052,1
0,0.0,1053,1
0,0.0,1054,1
0,0.0,1055,1
0,0.0,1056,1
0,0.0,1057,1
0,0.0,1058,1
0,0.0,1059,1
0,0.0,1060,1
0,0.0,1061,1
0,0.0,1062,1
0,0.0,1063,1
0,0.0,1064,1
0,0.0,1065,1
0,0.0,1066,1
0,0.0,1067,1
0,0.0,1068,1
0,0.0,1069,1
0,0.0,1070,1
0,0.0,1071,1
0,0.0,1072,1
0,0.0,1073,1
0,0.0,1074,1
0,0.0,1075,1
0,0.0,1076,1
0,0.0,1077,1
0,0.0,1078,1
0,0.0,1079,1
0,0.0,1080,1
0,0.0,1081,1
0,0.0,1082,1
0,0.0,1083,1
0,0.0,1084,1
0,0.0,1085,1
0,0.0,1086,1
0,0.0,1087,1
0,0.0,1088,1
0,0.0,1089,1
0,0.0,1090,1
0,0.0,1091,1
0,0.0,1092,1
0,0.0,1093,1
0,0.0,1094,1
0,0.0,1095,1
0,0.0,1096,1
0,0.0,1097,1
0,0.0,1098,1
0,0.0,1099,1
0,0.0,1100,1
0,0.0,1101,1
0,0.0,1102,1
0,0.0,1103,1
0,0.0,1104,1
0,0.0,1105,1
0,0.0,1106,1
0,0.0,1107,1
0,0.0,1108,1
0,0.0,1109,1
0,0.0,1110,1
0,0.0,1111,1
0,0.0,1112,1
0,0.0,1113,1
0,0.0,1114,1
0,0.0,1115,1
0,0.0,1116,1
0,0.0,1117,1
0,0.0,1118,1
0,0.0,1119,1
0,0.0,1120,1
0,0.0,1121,1
0,0.0,1122,1
0,0.0,1123,1
0,0.0,1124,1
0,0.0,1125,1
0,0.0,1126,1
0,0.0,1127,1
0,0.0,1128,1
0,0.0,1129,1
0,0.0,1130,1
0,0.0,1131,1
0,0.0,1132,1
0,0.0,1133,1
0,0.0,1134,1
0,0.0,1135,1
0,0.0,1136,1
0,0.0,1137,1
0,0.0,1138,1
0,0.0,1139,1
0,0.0,1140,1
0,0.0,1141,1
0,0.0,1142,1
0,0.0,1143,1
0,0.0,1144,1
0,0.0,1145,1
0,0.0,1146,1
0,0.0,1147,1
0,0.0,1148,1
0,0.0,1149,1
0,0.0,1150,1
0,0.0,1151,1
0,0.0,1152,1
0,0.0,1153,1
0,0.0,1154,1
0,0.0,1155,1
0,0.0,1156,1
0,0.0,1157,1
0,0.0,1158,1
0,0.0,1159,1
0,0.0,1160,1
0,0.0,1161,1
0,0.0,1162,1
0,0.0,1163,1
0,0.0,1164,1
0,0.0,1165,1
0,0.0,1166,1
0,0.0,1167,1
0,0.0,1168,1
0,0.0,1169,1
0,0.0,1170,1
0,0.0,1171,1
0,0.0,1172,1
0,0.0,1173,1
0,0.0,1174,1
0,0.0,1175,1
0,0.0,1176,1
0,0.0,1177,1
0,0.0,1178,1
0,0.0,1179,1
0,0.0,1180,1
0,0.0,1181,1
0,0.0,1182,1
0,0.0,1183,1
0,0.0,1184,1
0,0.0,1185,1
0,0.0,1186,1
0,0.0,1187,1
0,0.0,1188,1
0,0.0,1189,1
0,0.0,1190,1
0,0.0,1191,1
0,0.0,1192,1
0,0.0,1193,1
0,0.0,1194,1
0,0.0,1195,1
0,0.0,1196,1
0,0.0,1197,1
0,0.0,1198,1
0,0.0,1199,1
0,0.0,1200,1
0,0.0,1201,1
0,0.0,1202,1
0,0.0,1203,1
0,0.0,1204,1
0,0.0,1205,1
0,0.0,1206,1
0,0.0,1207,1
0,0.0,1208,1
0,0.0,1209,1
0,0.0,1210,1
0,0.0,1211,1
0,0.0,1212,1
0,0.0,1213,1
0,0.0,1214,1
0,0.0,1215,1
0,0.0,1216,1
0,0.0,1217,1
0,0.0,1218,1
0,0.0,1219,1
0,0.0,1220,1
0,0.0,1221,1
0,0.0,1222,1
0,0.0,1223,1
0,0.0,1224,1
0,0.0,1225,1
0,0.0,1226,1
0,0.0,1227,1
0,0.0,1228,1
0,0.0,1229,1
0,0.0,1230,1
0,0.0,1231,1
0,0.0,1232,1
0,0.0,1233,1
0,0.0,1234,1
0,0.0,1235,1
0,0.0,1236,1
0,0.0,1237,1
0,0.0,1238,1
0,0.0,1239,1
0,0.0,1240,1
0,0.0,1241,1
0,0.0,1242,1
0,0.0,1243,1
0,0.0,1244,1
0,0.0,1245,1
0,0.0,1246,1
0,0.0,1247,1
0,0.0,1248,1
0,0.0,1249,1
0,0.0,1250,1
0,0.0,1251,1
0,0.0,1252,1
0,0.0,1253,1
0,0.0,1254,1
0,0.0,1255,1
0,0.0,1256,1
0,0.0,1257,1
0,0.0,1258,1
0,0.0,1259,1
0,0.0,1260,1
0,0.0,1261,1
0,0.0,1262,1
0,0.0,1263,1
0,0.0,1264,1
0,0.0,1265,1
0,0.0,1266,1
0,0.0,1267,1
0,0.0,1268,1
0,0.0,1269,1
0,0.0,1270,1
0,0.0,1271,1
0,0.0,1272,1
0,0.0,1273,1
0,0.0,1274,1
0,0.0,1275,1
0,0.0,1276,1
0,0.0,1277,1
0,0.0,1278,1
0,0.0,1279,1
0,0.0,1280,1
0,0.0,1281,1
0,0.0,1282,1
0,0.0,1283,1
0,0.0,1284,1
0,0.0,1285,1
0,0.0,1286,1
0,0.0,1287,1
0,0.0,1288,1
0,0.0,1289,1
0,0.0,1290,1
0,0.0,1291,1
0,0.0,1292,1
0,0.0,1293,1
0,0.0,1294,1
0,0.0,1295,1
0,0.0,1296,1
0,0.0,1297,1
0,0.0,1298,1
0,0.0,1299,1
0,0.0,1300,1
0,0.0,1301,1
0,0.0,1302,1
0,0.0,1303,1
0,0.0,1304,1
0,0.0,1305,1
0,0.0,1306,1
0,0.0,1307,1
0,0.0,1308,1
0,0.0,1309,1
0,0.0,1310,1
0,0.0,1311,1
0,0.0,1312,1
0,0.0,1313,1
0,0.0,1314,1
0,0.0,1315,1
0,0.0,1316,1
0,0.0,1317,1
0,0.0,1318,1
0,0.0,1319,1
0,0.0,1320,1
0,0.0,1321,1
0,0.0,1322,1
0,0.0,1323,1
0,0.0,1324,1
0,0.0,1325,1
0,0.0,1326,1
0,0.0,1327,1
0,0.0,1328,1
0,0.0,1329,1
0,0.0,1330,1
0,0.0,1331,1
0,0.0,1332,1
0,0.0,1333,1
0,0.0,1334,1
0,0.0,1335,1
0,0.0,1336,1
0,0.0,1337,1
0,0.0,1338,1
0,0.0,1339,1
0,0.0,1340,1
0,0.0,1341,1
0,0.0,1342,1
0,0.0,1343,1
0,0.0,1344,1
0,0.0,1345,1
0,0.0,1346,1
0,0.0,1347,1
0,0.0,1348,1
0,0.0,1349,1
0,0.0,1350,1
0,0.0,1351,1
0,0.0,1352,1
0,0.0,1353,1
0,0.0,1354,1
0,0.0,1355,1
0,0.0,1356,1
0,0.0,1357,1
0,0.0,1358,1
0,0.0,1359,1
0,0.0,1360,1
0,0.0,1361,1
0,0.0,1362,1
0,0.0,1363,1
0,0.0,1364,1
0,0.0,1365,1
0,0.0,1366,1
0,0.0,1367,1
0,0.0,1368,1
0,0.0,1369,1
0,0.0,1370,1
0,0.0,1371,1
0,0.0,1372,1
0,0.0,1373,1
0,0.0,1374,1
0,0.0,1375,1
0,0.0,1376,1
0,0.0,1377,1
0,0.0,1378,1
0,0.0,1379,1
0,0.0,1380,1
0,0.0,1381,1
0,0.0,1382,1
0,0.0,1383,1
0,0.0,1384,1
0,0.0,1385,1
0,0.0,1386,1
0,0.0,1387,1
0,0.0,1388,1
0,0.0,1389,1
0,0.0,1390,1
0,0.0,1391,1
0,0.0,1392,1
0,0.0,1393,1
0,0.0,1394,1
0,0.0,1395,1
0,0.0,1396,1
0,0.0,1397,1
0,0.0,1398,1
0,0.0,1399,1
0,0.0,1400,1
0,0.0,1401,1
0,0.0,1402,1
0,0.0,1403,1
0,0.0,1404,1
0,0.0,1405,1
0,0.0,1406,1
0,0.0,1407,1
0,0.0,1408,1
0,0.0,1409,1
0,0.0,1410,1
0,0.0,1411,1
0,0.0,1412,1
0,0.0,1413,1
0,0.0,1414,1
0,0.0,1415,1
0,0.0,1416,1
0,0.0,1417,1
0,0.0,1418,1
0,0.0,1419,1
0,0.0,1420,1
0,0.0,1421,1
0,0.0,1422,1
0,0.0,1423,1
0,0.0,1424,1
0,0.0,1425,1
0,0.0,1426,1
0,0.0,1427,1
0,0.0,1428,1
0,0.0,1429,1
0,0.0,1430,1
0,0.0,1431,1
0,0.0,1432,1
0,0.0,1433,1
0,0.0,1434,1
0,0.0,1435,1
0,0.0,1436,1
0,0.0,1437,1
0,0.0,1438,1
0,0.0,1439,1
0,0.0,1440,1
0,0.0,1441,1
0,0.0,1442,1
0,0.0,1443,1
0,0.0,1444,1
0,0.0,1445,1
0,0.0,1446,1
0,0.0,1447,1
0,0.0,1448,1
0,0.0,1449,1
0,0.0,1450,1
0,0.0,1451,1
0,0.0,1452,1
0,0.0,1453,1
0,0.0,1454,1
0,0.0,1455,1
0,0.0,1456,1
0,0.0,1457,1
0,0.0,1458,1
0,0.0,1459,1
0,0.0,1460,1
0,0.0,1461,1
0,0.0,1462,1
0,0.0,1463,1
0,0.0,1464,1
0,0.0,1465,1
0,0.0,1466,1
0,0.0,1467,1
0,0.0,1468,1
0,0.0,1469,1
0,0.0,1470,1
0,0.0,1471,1
0,0.0,1472,1
0,0.0,1473,1
0,0.0,1474,1
0,0.0,1475,1
0,0.0,1476,1
0,0.0,1477,1
0,0.0,1478,1
0,0.0,1479,1
0,0.0,1480,1
0,0.0,1481,1
0,0.0,1482,1
0,0.0,1483,1
0,0.0,1484,1
0,0.0,1485,1
0,0.0,1486,1
0,0.0,1487,1
0,0.0,1488,1
0,0.0,1489,1
0,0.0,1490,1
0,0.0,1491,1
0,0.0,1492,1
0,0.0,1493,1
0,0.0,1494,1
0,0.0,1495,1
0,0.0,1496,1
0,0.0,1497,1
0,0.0,1498,1
0,0.0,1499,1
0,0.0,1500,1
0,0.0,1501,1
0,0.0,1502,1
0,0.0,1503,1
0,0.0,1504,1
0,0.0,1505,1
0,0.0,1506,1
0,0.0,1507,1
0,0.0,1508,1
0,0.0,1509,1
0,0.0,1510,1
0,0.0,1511,1
0,0.0,1512,1
0,0.0,1513,1
0,0.0,1514,1
0,0.0,1515,1
0,0.0,1516,1
0,0.0,1517,1
0,0.0,1518,1
0,0.0,1519,1
0,0.0,1520,1
0,0.0,1521,1
0,0.0,1522,1
0,0.0,1523,1
0,0.0,1524,1
0,0.0,1525,1
0,0.0,1526,1
0,0.0,1527,1
0,0.0,1528,1
0,0.0,1529,1
0,0.0,1530,1
0,0.0,1531,1
0,0.0,1532,1
0,0.0,1533,1
0,0.0,1534,1
0,0.0,1535,1
0,0.0,1536,1
0,0.0,1537,1
0,0.0,1538,1
0,0.0,1539,1
0,0.0,1540,1
0,0.0,1541,1
0,0.0,1542,1
0,0.0,1543,1
0,0.0,1544,1
0,0.0,1545,1
0,0.0,1546,1
0,0.0,1547,1
0,0.0,1548,1
0,0.0,1549,1
0,0.0,1550,1
0,0.0,1551,1
0,0.0,1552,1
0,0.0,1553,1
0,0.0,1554,1
0,0.0,1555,1
0,0.0,1556,1
0,0.0,1557,1
0,0.0,1558,1
0,0.0,1559,1
0,0.0,1560,1
0,0.0,1561,1
0,0.0,1562,1
0,0.0,1563,1
0,0.0,1564,1
0,0.0,1565,1
0,0.0,1566,1
0,0.0,1567,1
0,0.0,1568,1
0,0.0,1569,1
0,0.0,1570,1
0,0.0,1571,1
0,0.0,1572,1
0,0.0,1573,1
0,0.0,1574,1
0,0.0,1575,1
0,0.0,1576,1
0,0.0,1577,1
0,0.0,1578,1
0,0.0,1579,1
0,0.0,1580,1
0,0.0,1581,1
0,0.0,1582,1
0,0.0,1583,1
0,0.0,1584,1
0,0.0,1585,1
0,0.0,1586,1
0,0.0,1587,1
0,0.0,1588,1
0,0.0,1589,1
0,0.0,1590,1
0,0.0,1591,1
0,0.0,1592,1
0,0.0,1593,1
0,0.0,1594,1
0,0.0,1595,1
0,0.0,1596,1
0,0.0,1597,1
0,0.0,1598,1
0,0.0,1599,1
0,0.0,1600,1
0,0.0,1601,1
0,0.0,1602,1
0,0.0,1603,1
0,0.0,1604,1
0,0.0,1605,1
0,0.0,1606,1
0,0.0,1607,1
0,0.0,1608,1
0,0.0,1609,1
0,0.0,1610,1
0,0.0,1611,1
0,0.0,1612,1
0,0.0,1613,1
0,0.0,1614,1
0,0.0,1615,1
0,0.0,1616,1
0,0.0,1617,1
0,0.0,1618,1
0,0.0,1619,1
0,0.0,1620,1
0,0.0,1621,1
0,0.0,1622,1
0,0.0,1623,1
0,0.0,1624,1
0,0.0,1625,1
0,0.0,1626,1
0,0.0,1627,1
0,0.0,1628,1
0,0.0,1629,1
0,0.0,1630,1
0,0.0,1631,1
0,0.0,1632,1
0,0.0,1633,1
0,0.0,1634,1
0,0.0,1635,1
0,0.0,1636,1
0,0.0,1637,1
0,0.0,1638,1
0,0.0,1639,1
0,0.0,1640,1
0,0.0,1641,1
0,0.0,1642,1
0,0.0,1643,1
0,0.0,1644,1
0,0.0,1645,1
0,0.0,1646,1
0,0.0,1647,1
0,0.0,1648,1
0,0.0,1649,1
0,0.0,1650,1
0,0.0,1651,1
0,0.0,1652,1
0,0.0,1653,1
0,0.0,1654,1
0,0.0,1655,1
0,0.0,1656,1
0,0.0,1657,1
0,0.0,1658,1
0,0.0,1659,1
0,0.0,1660,1
0,0.0,1661,1
0,0.0,1662,1
0,0.0,1663,1
0,0.0,1664,1
0,0.0,1665,1
0,0.0,1666,1
0,0.0,1667,1
0,0.0,1668,1
0,0.0,1669,1
0,0.0,1670,1
0,0.0,1671,1
0,0.0,1672,1
0,0.0,1673,1
0,0.0,1674,1
0,0.0,1675,1
0,0.0,1676,1
0,0.0,1677,1
0,0.0,1678,1
0,0.0,1679,1
0,0.0,1680,1
0,0.0,1681,1
0,0.0,1682,1
0,0.0,1683,1
0,0.0,1684,1
0,0.0,1685,1
0,0.0,1686,1
0,0.0,1687,1
0,0.0,1688,1
0,0.0,1689,1
0,0.0,1690,1
0,0.0,1691,1
0,0.0,1692,1
0,0.0,1693,1
0,0.0,1694,1
0,0.0,1695,1
0,0.0,1696,1
0,0.0,1697,1
0,0.0,1698,1
0,0.0,1699,1
0,0.0,1700,1
0,0.0,1701,1
0,0.0,1702,1
0,0.0,1703,1
0,0.0,1704,1
0,0.0,1705,1
0,0.0,1706,1
0,0.0,1707,1
0,0.0,1708,1
0,0.0,1709,1
0,0.0,1710,1
0,0.0,1711,1
0,0.0,1712,1
0,0.0,1713,1
0,0.0,1714,1
0,0.0,1715,1
0,0.0,1716,1
0,0.0,1717,1
0,0.0,1718,1
0,0.0,1719,1
0,0.0,1720,1
0,0.0,1721,1
0,0.0,1722,1
0,0.0,1723,1
0,0.0,1724,1
0,0.0,1725,1
0,0.0,1726,1
0,0.0,1727,1
0,0.0,1728,1
0,0.0,1729,1
0,0.0,1730,1
0,0.0,1731,1
0,0.0,1732,1
0,0.0,1733,1
0,0.0,1734,1
0,0.0,1735,1
0,0.0,1736,1
0,0.0,1737,1
0,0.0,1738,1
0,0.0,1739,1
0,0.0,1740,1
0,0.0,1741,1
0,0.0,1742,1
0,0.0,1743,1
0,0.0,1744,1
0,0.0,1745,1
0,0.0,1746,1
0,0.0,1747,1
0,0.0,1748,1
0,0.0,1749,1
0,0.0,1750,1
0,0.0,1751,1
0,0.0,1752,1
0,0.0,1753,1
0,0.0,1754,1
0,0.0,1755,1
0,0.0,1756,1
0,0.0,1757,1
0,0.0,1758,1
0,0.0,1759,1
0,0.0,1760,1
0,0.0,1761,1
0,0.0,1762,1
0,0.0,1763,1
0,0.0,1764,1
0,0.0,1765,1
0,0.0,1766,1
0,0.0,1767,1
0,0.0,1768,1
0,0.0,1769,1
0,0.0,1770,1
0,0.0,1771,1
0,0.0,1772,1
0,0.0,1773,1
0,0.0,1774,1
0,0.0,1775,1
0,0.0,1776,1
0,0.0,1777,1
0,0.0,1778,1
0,0.0,1779,1
0,0.0,1780,1
0,0.0,1781,1
0,0.0,1782,1
0,0.0,1783,1
0,0.0,1784,1
0,0.0,1785,1
0,0.0,1786,1
0,0.0,1787,1
0,0.0,1788,1
0,0.0,1789,1
0,0.0,1790,1
0,0.0,1791,1
0,0.0,1792,1
0,0.0,1793,1
0,0.0,1794,1
0,0.0,1795,1
0,0.0,1796,1
0,0.0,1797,1
0,0.0,1798,1
0,0.0,1799,1
0,0.0,1800,1
0,0.0,1801,1
0,0.0,1802,1
0,0.0,1803,1
0,0.0,1804,1
0,0.0,1805,1
0,0.0,1806,1
0,0.0,1807,1
0,0.0,1808,1
0,0.0,1809,1
0,0.0,1810,1
0,0.0,1811,1
0,0.0,1812,1
0,0.0,1813,1
0,0.0,1814,1
0,0.0,1815,1
0,0.0,1816,1
0,0.0,1817,1
0,0.0,1818,1
0,0.0,1819,1
0,0.0,1820,1
0,0.0,1821,1
0,0.0,1822,1
0,0.0,1823,1
0,0.0,1824,1
0,0.0,1825,1
0,0.0,1826,1
0,0.0,1827,1
0,0.0,1828,1
0,0.0,1829,1
0,0.0,1830,1
0,0.0,1831,1
0,0.0,1832,1
0,0.0,1833,1
0,0.0,1834,1
0,0.0,1835,1
0,0.0,1836,1
0,0.0,1837,1
0,0.0,1838,1
0,0.0,1839,1
0,0.0,1840,1
0,0.0,1841,1
0,0.0,1842,1
0,0.0,1843,1
0,0.0,1844,1
0,0.0,1845,1
0,0.0,1846,1
0,0.0,1847,1
0,0.0,1848,1
0,0.0,1849,1
0,0.0,1850,1
0,0.0,1851,1
0,0.0,1852,1
0,0.0,1853,1
0,0.0,1854,1
0,0.0,1855,1
0,0.0,1856,1
0,0.0,1857,1
0,0.0,1858,1
0,0.0,1859,1
0,0.0,1860,1
0,0.0,1861,1
0,0.0,1862,1
0,0.0,1863,1
0,0.0,1864,1
0,0.0,1865,1
0,0.0,1866,1
0,0.0,1867,1
0,0.0,1868,1
0,0.0,1869,1
0,0.0,1870,1
0,0.0,1871,1
0,0.0,1872,1
0,0.0,1873,1
0,0.0,1874,1
0,0.0,1875,1
0,0.0,1876,1
0,0.0,1877,1
0,0.0,1878,1
0,0.0,1879,1
0,0.0,1880,1
0,0.0,1881,1
0,0.0,1882,1
0,0.0,1883,1
0,0.0,1884,1
0,0.0,1885,1
0,0.0,1886,1
0,0.0,1887,1
0,0.0,1888,1
0,0.0,1889,1
0,0.0,1890,1
0,0.0,1891,1
0,0.0,1892,1
0,0.0,1893,1
0,0.0,1894,1
0,0.0,1895,1
0,0.0,1896,1
0,0.0,1897,1
0,0.0,1898,1
0,0.0,1899,1
0,0.0,1900,1
0,0.0,1901,1
0,0.0,1902,1
0,0.0,1903,1
0,0.0,1904,1
0,0.0,1905,1
0,0.0,1906,1
0,0.0,1907,1
0,0.0,1908,1
0,0.0,1909,1
0,0.0,1910,1
0,0.0,1911,1
0,0.0,1912,1
0,0.0,1913,1
0,0.0,1914,1
0,0.0,1915,1
0,0.0,1916,1
0,0.0,1917,1
0,0.0,1918,1
0,0.0,1919,1
0,0.0,1920,1
0,0.0,1921,1
0,0.0,1922,1
0,0.0,1923,1
0,0.0,1924,1
0,0.0,1925,1
0,0.0,1926,1
0,0.0,1927,1
0,0.0,1928,1
0,0.0,1929,1
0,0.0,1930,1
0,0.0,1931,1
0,0.0,1932,1
0,0.0,1933,1
0,0.0,1934,1
0,0.0,1935,1
0,0.0,1936,1
0,0.0,1937,1
0,0.0,1938,1
0,0.0,1939,1
0,0.0,1940,1
0,0.0,1941,1
0,0.0,1942,1
0,0.0,1943,1
0,0.0,1944,1
0,0.0,1945,1
0,0.0,1946,1
0,0.0,1947,1
0,0.0,1948,1
0,0.0,1949,1
0,0.0,1950,1
0,0.0,1951,1
0,0.0,1952,1
0,0.0,1953,1
0,0.0,1954,1
0,0.0,1955,1
0,0.0,1956,1
0,0.0,1957,1
0,0.0,1958,1
0,0.0,1959,1
0,0.0,1960,1
0,0.0,1961,1
0,0.0,1962,1
0,0.0,1963,1
0,0.0,1964,1
0,0.0,1965,1
0,0.0,1966,1
0,0.0,1967,1
0,0.0,1968,1
0,0.0,1969,1
0,0.0,1970,1
0,0.0,1971,1
0,0.0,1972,1
0,0.0,1973,1
0,0.0,1974,1
0,0.0,1975,1
0,0.0,1976,1
0,0.0,1977,1
0,0.0,1978,1
0,0.0,1979,1
0,0.0,1980,1
0,0.0,1981,1
0,0.0,1982,1
0,0.0,1983,1
0,0.0,1984,1
0,0.0,1985,1
0,0.0,1986,1
0,0.0,1987,1
0,0.0,1988,1
0,0.0,1989,1
0,0.0,1990,1
0,0.0,1991,1
0,0.0,1992,1
0,0.0,1993,1
0,0.0,1994,1
0,0.0,1995,1
0,0.0,1996,1
0,0.0,1997,1
0,0.0,1998,1
0,0.0,1999,1
0,0.0,2000,1
0,0.0,2001,1
0,0.0,2002,1
0,0.0,2003,1
0,0.0,2004,1
0,0.0,2005,1
0,0.0,2006,1
0,0.0,2007,1
0,0.0,2008,1
0,0.0,2009,1
0,0.0,2010,1
0,0.0,2011,1
0,0.0,2012,1
0,0.0,2013,1
0,0.0,2014,1
0,0.0,2015,1
0,0.0,2016,1
0,0.0,2017,1
0,0.0,2018,1
0,0.0,2019,1
0,0.0,2020,1
0,0.0,2021,1
0,0.0,2022,1
0,0.0,2023,1
0,0.0,2024,1
0,0.0,2025,1
0,0.0,2026,1
0,0.0,2027,1
0,0.0,2028,1
0,0.0,2029,1
0,0.0,2030,1
0,0.0,2031,1
0,0.0,2032,1
0,0.0,2033,1
0,0.0,2034,1
0,0.0,2035,1
0,0.0,2036,1
0,0.0,2037,1
0,0.0,2038,1
0,0.0,2039,1
0,0.0,2040,1
0,0.0,2041,1
0,0.0,2042,1
0,0.0,2043,1
0,0.0,2044,1
0,0.0,2045,1
0,0.0,2046,1
0,0.0,2047,1
0,0.0,2048,1
0,0.0,2049,1
0,0.0,2050,1
0,0.0,2051,1
0,0.0,2052,1
0,0.0,2053,1
0,0.0,2054,1
0,0.0,2055,1
0,0.0,2056,1
0,0.0,2057,1
0,0.0,2058,1
0,0.0,2059,1
0,0.0,2060,1
0,0.0,2061,1
0,0.0,2062,1
0,0.0,2063,1
0,0.0,2064,1
0,0.0,2065,1
0,0.0,2066,1
0,0.0,2067,1
0,0.0,2068,1
0,0.0,2069,1
0,0.0,2070,1
0,0.0,2071,1
0,0.0,2072,1
0,0.0,2073,1
0,0.0,2074,1
0,0.0,2075,1
0,0.0,2076,1
0,0.0,2077,1
0,0.0,2078,1
0,0.0,2079,1
0,0.0,2080,1
0,0.0,2081,1
0,0.0,2082,1
0,0.0,2083,1
0,0.0,2084,1
0,0.0,2085,1
0,0.0,2086,1
0,0.0,2087,1
0,0.0,2088,1
0,0.0,2089,1
0,0.0,2090,1
0,0.0,2091,1
0,0.0,2092,1
0,0.0,2093,1
0,0.0,2094,1
0,0.0,2095,1
0,0.0,2096,1
0,0.0,2097,1
0,0.0,2098,1
0,0.0,2099,1
0,0.0,2100,1
0,0.0,2101,1
0,0.0,2102,1
0,0.0,2103,1
0,0.0,2104,1
0,0.0,2105,1
0,0.0,2106,1
0,0.0,2107,1
0,0.0,2108,1
0,0.0,2109,1
0,0.0,2110,1
0,0.0,2111,1
0,0.0,2112,1
0,0.0,2113,1
0,0.0,2114,1
0,0.0,2115,1
0,0.0,2116,1
0,0.0,2117,1
0,0.0,2118,1
0,0.0,2119,1
0,0.0,2120,1
0,0.0,2121,1
0,0.0,2122,1
0,0.0,2123,1
0,0.0,2124,1
0,0.0,2125,1
0,0.0,2126,1
0,0.0,2127,1
0,0.0,2128,1
0,0.0,2129,1
0,0.0,2130,1
0,0.0,2131,1
0,0.0,2132,1
0,0.0,2133,1
0,0.0,2134,1
0,0.0,2135,1
0,0.0,2136,1
0,0.0,2137,1
0,0.0,2138,1
0,0.0,2139,1
0,0.0,2140,1
0,0.0,2141,1
0,0.0,2142,1
0,0.0,2143,1
0,0.0,2144,1
0,0.0,2145,1
0,0.0,2146,1
0,0.0,2147,1
0,0.0,2148,1
0,0.0,2149,1
0,0.0,2150,1
0,0.0,2151,1
0,0.0,2152,1
0,0.0,2153,1
0,0.0,2154,1
0,0.0,2155,1
0,0.0,2156,1
0,0.0,2157,1
0,0.0,2158,1
0,0.0,2159,1
0,0.0,2160,1
0,0.0,2161,1
0,0.0,2162,1
0,0.0,2163,1
0,0.0,2164,1
0,0.0,2165,1
0,0.0,2166,1
0,0.0,2167,1
0,0.0,2168,1
0,0.0,2169,1
0,0.0,2170,1
0,0.0,2171,1
0,0.0,2172,1
0,0.0,2173,1
0,0.0,2174,1
0,0.0,2175,1
0,0.0,2176,1
0,0.0,2177,1
0,0.0,2178,1
0,0.0,2179,1
0,0.0,2180,1
0,0.0,2181,1
0,0.0,2182,1
0,0.0,2183,1
0,0.0,2184,1
0,0.0,2185,1
0,0.0,2186,1
0,0.0,2187,1
0,0.0,2188,1
0,0.0,2189,1
0,0.0,2190,1
0,0.0,2191,1
0,0.0,2192,1
0,0.0,2193,1
0,0.0,2194,1
0,0.0,2195,1
0,0.0,2196,1
0,0.0,2197,1
0,0.0,2198,1
0,0.0,2199,1
0,0.0,2200,1
0,0.0,2201,1
0,0.0,2202,1
0,0.0,2203,1
0,0.0,2204,1
0,0.0,2205,1
0,0.0,2206,1
0,0.0,2207,1
0,0.0,2208,1
0,0.0,2209,1
0,0.0,2210,1
0,0.0,2211,1
0,0.0,2212,1
0,0.0,2213,1
0,0.0,2214,1
0,0.0,2215,1
0,0.0,2216,1
0,0.0,2217,1
0,0.0,2218,1
0,0.0,2219,1
0,0.0,2220,1
0,0.0,2221,1
0,0.0,2222,1
0,0.0,2223,1
0,0.0,2224,1
0,0.0,2225,1
0,0.0,2226,1
0,0.0,2227,1
0,0.0,2228,1
0,0.0,2229,1
0,0.0,2230,1
0,0.0,2231,1
0,0.0,2232,1
0,0.0,2233,1
0,0.0,2234,1
0,0.0,2235,1
0,0.0,2236,1
0,0.0,2237,1
0,0.0,2238,1
0,0.0,2239,1
0,0.0,2240,1
0,0.0,2241,1
0,0.0,2242,1
0,0.0,2243,1
0,0.0,2244,1
0,0.0,2245,1
0,0.0,2246,1
0,0.0,2247,1
0,0.0,2248,1
0,0.0,2249,1
0,0.0,2250,1
0,0.0,2251,1
0,0.0,2252,1
0,0.0,2253,1
0,0.0,2254,1
0,0.0,2255,1
0,0.0,2256,1
0,0.0,2257,1
0,0.0,2258,1
0,0.0,2259,1
0,0.0,2260,1
0,0.0,2261,1
0,0.0,2262,1
0,0.0,2263,1
0,0.0,2264,1
0,0.0,2265,1
0,0.0,2266,1
0,0.0,2267,1
0,0.0,2268,1
0,0.0,2269,1
0,0.0,2270,1
0,0.0,2271,1
0,0.0,2272,1
0,0.0,2273,1
0,0.0,2274,1
0,0.0,2275,1
0,0.0,2276,1
0,0.0,2277,1
0,0.0,2278,1
0,0.0,2279,1
0,0.0,2280,1
0,0.0,2281,1
0,0.0,2282,1
0,0.0,2283,1
0,0.0,2284,1
0,0.0,2285,1
0,0.0,2286,1
0,0.0,2287,1
0,0.0,2288,1
0,0.0,2289,1
0,0.0,2290,1
0,0.0,2291,1
0,0.0,2292,1
0,0.0,2293,1
0,0.0,2294,1
0,0.0,2295,1
0,0.0,2296,1
0,0.0,2297,1
0,0.0,2298,1
0,0.0,2299,1
0,0.0,2300,1
0,0.0,2301,1
0,0.0,2302,1
0,0.0,2303,1
0,0.0,2304,1
0,0.0,2305,1
0,0.0,2306,1
0,0.0,2307,1
0,0.0,2308,1
0,0.0,2309,1
0,0.0,2310,1
0,0.0,2311,1
0,0.0,2312,1
0,0.0,2313,1
0,0.0,2314,1
0,0.0,2315,1
0,0.0,2316,1
0,0.0,2317,1
0,0.0,2318,1
0,0.0,2319,1
0,0.0,2320,1
0,0.0,2321,1
0,0.0,2322,1
0,0.0,2323,1
0,0.0,2324,1
0,0.0,2325,1
0,0.0,2326,1
0,0.0,2327,1
0,0.0,2328,1
0,0.0,2329,1
0,0.0,2330,1
0,0.0,2331,1
0,0.0,2332,1
0,0.0,2333,1
0,0.0,2334,1
0,0.0,2335,1
0,0.0,2336,1
0,0.0,2337,1
0,0.0,2338,1
0,0.0,2339,1
0,0.0,2340,1
0,0.0,2341,1
0,0.0,2342,1
0,0.0,2343,1
0,0.0,2344,1
0,0.0,2345,1
0,0.0,2346,1
0,0.0,2347,1
0,0.0,2348,1
0,0.0,2349,1
0,0.0,2350,1
0,0.0,2351,1
0,0.0,2352,1
0,0.0,2353,1
0,0.0,2354,1
0,0.0,2355,1
0,0.0,2356,1
0,0.0,2357,1
0,0.0,2358,1
0,0.0,2359,1
0,0.0,2360,1
0,0.0,2361,1
0,0.0,2362,1
0,0.0,2363,1
0,0.0,2364,1
0,0.0,2365,1
0,0.0,2366,1
0,0.0,2367,1
0,0.0,2368,1
0,0.0,2369,1
0,0.0,2370,1
0,0.0,2371,1
0,0.0,2372,1
0,0.0,2373,1
0,0.0,2374,1
0,0.0,2375,1
0,0.0,2376,1
0,0.0,2377,1
0,0.0,2378,1
0,0.0,2379,1
0,0.0,2380,1
0,0.0,2381,1
0,0.0,2382,1
0,0.0,2383,1
0,0.0,2384,1
0,0.0,2385,1
0,0.0,2386,1
0,0.0,2387,1
0,0.0,2388,1
0,0.0,2389,1
0,0.0,2390,1
0,0.0,2391,1
0,0.0,2392,1
0,0.0,2393,1
0,0.0,2394,1
0,0.0,2395,1
0,0.0,2396,1
0,0.0,2397,1
0,0.0,2398,1
0,0.0,2399,1
0,0.0,2400,1
0,0.0,2401,1
0,0.0,2402,1
0,0.0,2403,1
0,0.0,2404,1
0,0.0,2405,1
0,0.0,2406,1
0,0.0,2407,1
0,0.0,2408,1
0,0.0,2409,1
0,0.0,2410,1
0,0.0,2411,1
0,0.0,2412,1
0,0.0,2413,1
0,0.0,2414,1
0,0.0,2415,1
0,0.0,2416,1
0,0.0,2417,1
0,0.0,2418,1
0,0.0,2419,1
0,0.0,2420,1
0,0.0,2421,1
0,0.0,2422,1
0,0.0,2423,1
0,0.0,2424,1
0,0.0,2425,1
0,0.0,2426,1
0,0.0,2427,1
0,0.0,2428,1
0,0.0,2429,1
0,0.0,2430,1
0,0.0,2431,1
0,0.0,2432,1
0,0.0,2433,1
0,0.0,2434,1
0,0.0,2435,1
0,0.0,2436,1
0,0.0,2437,1
0,0.0,2438,1
0,0.0,2439,1
0,0.0,2440,1
0,0.0,2441,1
0,0.0,2442,1
0,0.0,2443,1
0,0.0,2444,1
0,0.0,2445,1
0,0.0,2446,1
0,0.0,2447,1
0,0.0,2448,1
0,0.0,2449,1
0,0.0,2450,1
0,0.0,2451,1
0,0.0,2452,1
0,0.0,2453,1
0,0.0,2454,1
0,0.0,2455,1
0,0.0,2456,1
0,0.0,2457,1
0,0.0,2458,1
0,0.0,2459,1
0,0.0,2460,1
0,0.0,2461,1
0,0.0,2462,1
0,0.0,2463,1
0,0.0,2464,1
0,0.0,2465,1
0,0.0,2466,1
0,0.0,2467,1
0,0.0,2468,1
0,0.0,2469,1
0,0.0,2470,1
0,0.0,2471,1
0,0.0,2472,1
0,0.0,2473,1
0,0.0,2474,1
0,0.0,2475,1
0,0.0,2476,1
0,0.0,2477,1
0,0.0,2478,1
0,0.0,2479,1
0,0.0,2480,1
0,0.0,2481,1
0,0.0,2482,1
0,0.0,2483,1
0,0.0,2484,1
0,0.0,2485,1
0,0.0,2486,1
0,0.0,2487,1
0,0.0,2488,1
0,0.0,2489,1
0,0.0,2490,1
0,0.0,2491,1
0,0.0,2492,1
0,0.0,2493,1
0,0.0,2494,1
0,0.0,2495,1
0,0.0,2496,1
0,0.0,2497,1
0,0.0,2498,1
0,0.0,2499,1
0,0.0,2500,1
0,0.2,1,1
0,0.2,2,-1
0,0.2,3,1
0,0.2,4,1
0,0.2,5,1
0,0.2,6,-1
0,0.2,7,-1
0,0.2,8,1
0,0.2,9,-1
0,0.2,10,1
0,0.2,11,1
0,0.2,12,1
0,0.2,13,1
0,0.2,14,-1
0,0.2,15,1
0,0.2,16,1
0,0.2,17,1
0,0.2,18,-1
0,0.2,19,1
0,0.2,20,-1
0,0.2,21,1
0,0.2,22,1
0,0.2,23,1
0,0.2,24,-1
0,0.2,25,-1
0,0.2,26,1
0,0.2,27,1
0,0.2,28,1
0,0.2,29,1
0,0.2,30,-1
0,0.2,31,1
0,0.2,32,-1
0,0.2,33,-1
0,0.2,34,-1
0,0.2,35,1
0,0.2,36,-1
0,0.2,37,1
0,0.2,38,-1
0,0.2,39,1
0,0.2,40,1
0,0.2,41,1
0,0.2,42,1
0,0.2,43,1
0,0.2,44,1
0,0.2,45,1
0,0.2,46,1
0,0.2,47,-1
0,0.2,48,1
0,0.2,49,1
0,0.2,50,-1
0,0.2,51,1
0,0.2,52,-1
0,0.2,53,1
0,0.2,54,1
0,0.2,55,1
0,0.2,56,1
0,0.2,57,1
0,0.2,58,-1
0,0.2,59,-1
0,0.2,60,-1
0,0.2,61,1
0,0.2,62,-1
0,0.2,63,-1
0,0.2,64,-1
0,0.2,65,-1
0,0.2,66,1
0,0.2,67,1
0,0.2,68,1
0,0.2,69,-1
0,0.2,70,1
0,0.2,71,1
0,0.2,72,1
0,0.2,73,1
0,0.2,74,1
0,0.2,75,1
0,0.2,76,-1
0,0.2,77,1
0,0.2,78,1
0,0.2,79,1
0,0.2,80,1
0,0.2,81,1
0,0.2,82,1
0,0.2,83,1
0,0.2,84,1
0,0.2,85,-1
0,0.2,86,-1
0,0.2,87,1
0,0.2,88,1
0,0.2,89,-1
0,0.2,90,-1
0,0.2,91,1
0,0.2,92,-1
0,0.2,93,-1
0,0.2,94,-1
0,0.2,95,1
0,0.2,96,1
0,0.2,97,1
0,0.2,98,1
0,0.2,99,1
0,0.2,100,1
0,0.2,101,1
0,0.2,102,1
0,0.2,103,-1
0,0.2,104,1
0,0.2,105,1
0,0.2,106,1
0,0.2,107,-1
0,0.2,108,1
0,0.2,109,1
0,0.2,110,-1
0,0.2,111,-1
0,0.2,112,1
0,0.2,113,-1
0,0.2,114,1
0,0.2,115,1
0,0.2,116,-1
0,0.2,117,1
0,0.2,118,-1
0,0.2,119,1
0,0.2,120,1
0,0.2,121,1
0,0.2,122,1
0,0.2,123,-1
0,0.2,124,1
0,0.2,125,1
0,0.2,126,1
0,0.2,127,1
0,0.2,128,1
0,0.2,129,-1
0,0.2,130,-1
0,0.2,131,1
0,0.2,132,1
0,0.2,133,1
0,0.2,134,1
0,0.2,135,1
0,0.2,136,1
0,0.2,137,1
0,0.2,138,1
0,0.2,139,-1
0,0.2,140,1
0,0.2,141,1
0,0.2,142,1
0,0.2,143,-1
0,0.2,144,-1
0,0.2,145,1
0,0.2,146,1
0,0.2,147,1
0,0.2,148,1
0,0.2,149,1
0,0.2,150,1
0,0.2,151,-1
0,0.2,152,1
0,0.2,153,1
0,0.2,154,1
0,0.2,155,1
0,0.2,156,1
0,0.2,157,1
0,0.2,158,-1
0,0.2,159,1
0,0.2,160,1
0,0.2,161,1
0,0.2,162,-1
0,0.2,163,1
0,0.2,164,1
0,0.2,165,1
0,0.2,166,1
0,0.2,167,1
0,0.2,168,-1
0,0.2,169,1
0,0.2,170,1
0,0.2,171,1
0,0.2,172,1
0,0.2,173,-1
0,0.2,174,-1
0,0.2,175,1
0,0.2,176,-1
0,0.2,177,-1
0,0.2,178,1
0,0.2,179,1
0,0.2,180,1
0,0.2,181,-1
0,0.2,182,1
0,0.2,183,1
0,0.2,184,1
0,0.2,185,1
0,0.2,186,1
0,0.2,187,1
0,0.2,188,1
0,0.2,189,-1
0,0.2,190,1
0,0.2,191,1
0,0.2,192,1
0,0.2,193,1
0,0.2,194,1
0,0.2,195,1
0,0.2,196,1
0,0.2,197,1
0,0.2,198,1
0,0.2,199,-1
0,0.2,200,1
0,0.2,201,1
0,0.2,202,1
0,0.2,203,1
0,0.2,204,1
0,0.2,205,1
0,0.2,206,-1
0,0.2,207,1
0,0.2,208,-1
0,0.2,209,1
0,0.2,210,1
0,0.2,211,1
0,0.2,212,1
0,0.2,213,1
0,0.2,214,1
0,0.2,215,1
0,0.2,216,1
0,0.2,217,-1
0,0.2,218,1
0,0.2,219,1
0,0.2,220,1
0,0.2,221,1
0,0.2,222,1
0,0.2,223,1
0,0.2,224,1
0,0.2,225,-1
0,0.2,226,-1
0,0.2,227,1
0,0.2,228,1
0,0.2,229,1
0,0.2,230,1
0,0.2,231,1
0,0.2,232,1
0,0.2,233,1
0,0.2,234,1
0,0.2,235,1
0,0.2,236,-1
0,0.2,237,1
0,0.2,238,1
0,0.2,239,-1
0,0.2,240,1
0,0.2,241,1
0,0.2,242,-1
0,0.2,243,1
0,0.2,244,1
0,0.2,245,1
0,0.2,246,1
0,0.2,247,1
0,0.2,248,1
0,0.2,249,-1
0,0.2,250,1
0,0.2,251,1
0,0.2,252,1
0,0.2,253,1
0,0.2,254,1
0,0.2,255,-1
0,0.2,256,1
0,0.2,257,1
0,0.2,258,1
0,0.2,259,1
0,0.2,260,1
0,0.2,261,1
0,0.2,262,-1
0,0.2,263,-1
0,0.2,264,1
0,0.2,265,1
0,0.2,266,1
0,0.2,267,1
0,0.2,268,1
0,0.2,269,1
0,0.2,270,1
0,0.2,271,1
0,0.2,272,1
0,0.2,273,-1
0,0.2,274,1
0,0.2,275,1
0,0.2,276,1
0,0.2,277,1
0,0.2,278,1
0,0.2,279,1
0,0.2,280,1
0,0.2,281,-1
0,0.2,282,1
0,0.2,283,1
0,0.2,284,-1
0,0.2,285,1
0,0.2,286,1
0,0.2,287,1
0,0.2,288,1
0,0.2,289,1
0,0.2,290,1
0,0.2,291,1
0,0.2,292,1
0,0.2,293,1
0,0.2,294,1
0,0.2,295,1
0,0.2,296,1
0,0.2,297,-1
0,0.2,298,1
0,0.2,299,1
0,0.2,300,1
0,0.2,301,1
0,0.2,302,1
0,0.2,303,1
0,0.2,304,1
0,0.2,305,1
0,0.2,306,1
0,0.2,307,1
0,0.2,308,1
0,0.2,309,-1
0,0.2,310,1
0,0.2,311,1
0,0.2,312,-1
0,0.2,313,1
0,0.2,314,1
0,0.2,315,1
0,0.2,316,1
0,0.2,317,1
0,0.2,318,1
0,0.2,319,1
0,0.2,320,-1
0,0.2,321,-1
0,0.2,322,1
0,0.2,323,1
0,0.2,324,1
0,0.2,325,1
0,0.2,326,1
0,0.2,327,1
0,0.2,328,1
0,0.2,329,1
0,0.2,330,1
0,0.2,331,1
0,0.2,332,1
0,0.2,333,1
0,0.2,334,1
0,0.2,335,-1
0,0.2,336,1
0,0.2,337,-1
0,0.2,338,1
0,0.2,339,1
0,0.2,340,1
0,0.2,341,1
0,0.2,342,1
0,0.2,343,1
0,0.2,344,1
0,0.2,345,1
0,0.2,346,1
0,0.2,347,1
0,0.2,348,1
0,0.2,349,1
0,0.2,350,1
0,0.2,351,1
0,0.2,352,1
0,0.2,353,1
0,0.2,354,1
0,0.2,355,1
0,0.2,356,1
0,0.2,357,1
0,0.2,358,1
0,0.2,359,1
0,0.2,360,1
0,0.2,361,1
0,0.2,362,1
0,0.2,363,1
0,0.2,364,1
0,0.2,365,1
0,0.2,366,-1
0,0.2,367,-1
0,0.2,368,1
0,0.2,369,1
0,0.2,370,1
0,0.2,371,-1
0,0.2,372,1
0,0.2,373,-1
0,0.2,374,-1
0,0.2,375,1
0,0.2,376,1
0,0.2,377,1
0,0.2,378,-1
0,0.2,379,1
0,0.2,380,1
0,0.2,381,1
0,0.2,382,1
0,0.2,383,1
0,0.2,384,-1
0,0.2,385,-1
0,0.2,386,1
0,0.2,387,1
0,0.2,388,1
0,0.2,389,1
0,0.2,390,1
0,0.2,391,1
0,0.2,392,1
0,0.2,393,1
0,0.2,394,1
0,0.2,395,1
0,0.2,396,1
0,0.2,397,1
0,0.2,398,1
0,0.2,399,1
0,0.2,400,1
0,0.2,401,1
0,0.2,402,1
0,0.2,403,1
0,0.2,404,1
0,0.2,405,-1
0,0.2,406,1
0,0.2,407,1
0,0.2,408,1
0,0.2,409,1
0,0.2,410,-1
0,0.2,411,1
0,0.2,412,1
0,0.2,413,1
0,0.2,414,1
0,0.2,415,-1
0,0.2,416,1
0,0.2,417,1
0,0.2,418,1
0,0.2,419,1
0,0.2,420,1
0,0.2,421,1
0,0.2,422,-1
0,0.2,423,1
0,0.2,424,-1
0,0.2,425,1
0,0.2,426,1
0,0.2,427,1
0,0.2,428,1
0,0.2,429,1
0,0.2,430,1
0,0.2,431,-1
0,0.2,432,1
0,0.2,433,-1
0,0.2,434,1
0,0.2,435,1
0,0.2,436,1
0,0.2,437,1
0,0.2,438,1
0,0.2,439,1
0,0.2,440,1
0,0.2,441,-1
0,0.2,442,-1
0,0.2,443,1
0,0.2,444,1
0,0.2,445,1
0,0.2,446,-1
0,0.2,447,1
0,0.2,448,1
0,0.2,449,1
0,0.2,450,1
0,0.2,451,1
0,0.2,452,1
0,0.2,453,1
0,0.2,454,1
0,0.2,455,1
0,0.2,456,-1
0,0.2,457,1
0,0.2,458,1
0,0.2,459,1
0,0.2,460,1
0,0.2,461,1
0,0.2,462,1
0,0.2,463,1
0,0.2,464,1
0,0.2,465,1
0,0.2,466,-1
0,0.2,467,1
0,0.2,468,1
0,0.2,469,1
0,0.2,470,1
0,0.2,471,1
0,0.2,472,1
0,0.2,473,1
0,0.2,474,1
0,0.2,475,-1
0,0.2,476,1
0,0.2,477,1
0,0.2,478,1
0,0.2,479,1
0,0.2,480,1
0,0.2,481,1
0,0.2,482,1
0,0.2,483,1
0,0.2,484,-1
0,0.2,485,1
0,0.2,486,1
0,0.2,487,1
0,0.2,488,1
0,0.2,489,1
0,0.2,490,-1
0,0.2,491,1
0,0.2,492,1
0,0.2,493,1
0,0.2,494,1
0,0.2,495,1
0,0.2,496,1
0,0.2,497,1
0,0.2,498,1
0,0.2,499,1
0,0.2,500,1
0,0.2,501,1
0,0.2,502,-1
0,0.2,503,1
0,0.2,504,1
0,0.2,505,1
0,0.2,506,1
0,0.2,507,1
0,0.2,508,-1
0,0.2,509,1
0,0.2,510,1
0,0.2,511,1
0,0.2,512,1
0,0.2,513,1
0,0.2,514,1
0,0.2,515,1
0,0.2,516,-1
0,0.2,517,-1
0,0.2,518,1
0,0.2,519,1
0,0.2,520,1
0,0.2,521,1
0,0.2,522,1
0,0.2,523,1
0,0.2,524,1
0,0.2,525,1
0,0.2,526,1
0,0.2,527,1
0,0.2,528,1
0,0.2,529,1
0,0.2,530,1
0,0.2,531,-1
0,0.2,532,-1
0,0.2,533,1
0,0.2,534,1
0,0.2,535,1
0,0.2,536,1
0,0.2,537,1
0,0.2,538,-1
0,0.2,539,1
0,0.2,540,1
0,0.2,541,1
0,0.2,542,1
0,0.2,543,1
0,0.2,544,1
0,0.2,545,1
0,0.2,546,1
0,0.2,547,-1
0,0.2,548,1
0,0.2,549,1
0,0.2,550,1
0,0.2,551,1
0,0.2,552,1
0,0.2,553,1
0,0.2,554,1
0,0.2,555,1
0,0.2,556,1
0,0.2,557,1
0,0.2,558,1
0,0.2,559,-1
0,0.2,560,1
0,0.2,561,1
0,0.2,562,1
0,0.2,563,1
0,0.2,564,1
0,0.2,565,1
0,0.2,566,-1
0,0.2,567,1
0,0.2,568,-1
0,0.2,569,1
0,0.2,570,1
0,0.2,571,1
0,0.2,572,1
0,0.2,573,1
0,0.2,574,1
0,0.2,575,1
0,0.2,576,1
0,0.2,577,1
0,0.2,578,1
0,0.2,579,-1
0,0.2,580,1
0,0.2,581,1
0,0.2,582,1
0,0.2,583,1
0,0.2,584,1
0,0.2,585,1
0,0.2,586,-1
0,0.2,587,1
0,0.2,588,1
0,0.2,589,1
0,0.2,590,1
0,0.2,591,1
0,0.2,592,1
0,0.2,593,1
0,0.2,594,1
0,0.2,595,-1
0,0.2,596,1
0,0.2,597,1
0,0.2,598,1
0,0.2,599,1
0,0.2,600,1
0,0.2,601,1
0,0.2,602,1
0,0.2,603,1
0,0.2,604,-1
0,0.2,605,1
0,0.2,606,1
0,0.2,607,-1
0,0.2,608,1
0,0.2,609,1
0,0.2,610,1
0,0.2,611,1
0,0.2,612,1
0,0.2,613,1
0,0.2,614,1
0,0.2,615,1
0,0.2,616,1
0,0.2,617,1
0,0.2,618,1
0,0.2,619,1
0,0.2,620,1
0,0.2,621,1
0,0.2,622,1
0,0.2,623,1
0,0.2,624,1
0,0.2,625,1
0,0.2,626,1
0,0.2,627,-1
0,0.2,628,1
0,0.2,629,1
0,0.2,630,1
0,0.2,631,1
0,0.2,632,-1
0,0.2,633,1
0,0.2,634,1
0,0.2,635,1
0,0.2,636,1
0,0.2,637,1
0,0.2,638,1
0,0.2,639,-1
0,0.2,640,-1
0,0.2,641,1
0,0.2,642,1
0,0.2,643,1
0,0.2,644,1
0,0.2,645,1
0,0.2,646,1
0,0.2,647,1
0,0.2,648,1
0,0.2,649,1
0,0.2,650,1
0,0.2,651,1
0,0.2,652,1
0,0.2,653,1
0,0.2,654,-1
0,0.2,655,1
0,0.2,656,1
0,0.2,657,1
0,0.2,658,1
0,0.2,659,-1
0,0.2,660,1
0,0.2,661,1
0,0.2,662,1
0,0.2,663,-1
0,0.2,664,1
0,0.2,665,1
0,0.2,666,1
0,0.2,667,1
0,0.2,668,1
0,0.2,669,1
0,0.2,670,1
0,0.2,671,-1
0,0.2,672,-1
0,0.2,673,-1
0,0.2,674,1
0,0.2,675,1
0,0.2,676,1
0,0.2,677,1
0,0.2,678,1
0,0.2,679,1
0,0.2,680,1
0,0.2,681,1
0,0.2,682,1
0,0.2,683,1
0,0.2,684,1
0,0.2,685,-1
0,0.2,686,1
0,0.2,687,1
0,0.2,688,-1
0,0.2,689,1
0,0.2,690,1
0,0.2,691,-1
0,0.2,692,1
0,0.2,693,1
0,0.2,694,1
0,0.2,695,1
0,0.2,696,1
0,0.2,697,1
0,0.2,698,1
0,0.2,699,1
0,0.2,700,-1
0,0.2,701,-1
0,0.2,702,1
0,0.2,703,1
0,0.2,704,1
0,0.2,705,1
0,0.2,706,1
0,0.2,707,1
0,0.2,708,1
0,0.2,709,1
0,0.2,710,1
0,0.2,711,1
0,0.2,712,1
0,0.2,713,1
0,0.2,714,-1
0,0.2,715,1
0,0.2,716,1
0,0.2,717,1
0,0.2,718,1
0,0.2,719,1
0,0.2,720,1
0,0.2,721,1
0,0.2,722,1
0,0.2,723,1
0,0.2,724,1
0,0.2,725,1
0,0.2,726,1
0,0.2,727,1
0,0.2,728,1
0,0.2,729,1
0,0.2,730,1
0,0.2,731,1
0,0.2,732,1
0,0.2,733,1
0,0.2,734,1
0,0.2,735,1
0,0.2,736,1
0,0.2,737,1
0,0.2,738,1
0,0.2,739,1
0,0.2,740,1
0,0.2,741,1
0,0.2,742,1
0,0.2,743,1
0,0.2,744,1
0,0.2,745,1
0,0.2,746,1
0,0.2,747,1
0,0.2,748,1
0,0.2,749,1
0,0.2,750,-1
0,0.2,751,1
0,0.2,752,1
0,0.2,753,1
0,0.2,754,1
0,0.2,755,1
0,0.2,756,1
0,0.2,757,1
0,0.2,758,1
0,0.2,759,1
0,0.2,760,-1
0,0.2,761,1
0,0.2,762,1
0,0.2,763,-1
0,0.2,764,1
0,0.2,765,1
0,0.2,766,1
0,0.2,767,1
0,0.2,768,1
0,0.2,769,1
0,0.2,770,1
0,0.2,771,1
0,0.2,772,1
0,0.2,773,-1
0,0.2,774,1
0,0.2,775,1
0,0.2,776,-1
0,0.2,777,1
0,0.2,778,-1
0,0.2,779,1
0,0.2,780,1
0,0.2,781,-1
0,0.2,782,1
0,0.2,783,1
0,0.2,784,1
0,0.2,785,1
0,0.2,786,1
0,0.2,787,-1
0,0.2,788,1
0,0.2,789,1
0,0.2,790,1
0,0.2,791,1
0,0.2,792,1
0,0.2,793,1
0,0.2,794,-1
0,0.2,795,1
0,0.2,796,1
0,0.2,797,1
0,0.2,798,1
0,0.2,799,1
0,0.2,800,1
0,0.2,801,1
0,0.2,802,-1
0,0.2,803,1
0,0.2,804,1
0,0.2,805,1
0,0.2,806,1
0,0.2,807,1
0,0.2,808,1
0,0.2,809,1
0,0.2,810,1
0,0.2,811,1
0,0.2,812,1
0,0.2,813,1
0,0.2,814,1
0,0.2,815,1
0,0.2,816,1
0,0.2,817,1
0,0.2,818,1
0,0.2,819,-1
0,0.2,820,1
0,0.2,821,1
0,0.2,822,1
0,0.2,823,1
0,0.2,824,1
0,0.2,825,1
0,0.2,826,1
0,0.2,827,1
0,0.2,828,1
0,0.2,829,1
0,0.2,830,1
0,0.2,831,1
0,0.2,832,1
0,0.2,833,1
0,0.2,834,-1
0,0.2,835,-1
0,0.2,836,1
0,0.2,837,-1
0,0.2,838,-1
0,0.2,839,1
0,0.2,840,1
0,0.2,841,1
0,0.2,842,1
0,0.2,843,1
0,0.2,844,1
0,0.2,845,1
0,0.2,846,1
0,0.2,847,-1
0,0.2,848,1
0,0.2,849,1
0,0.2,850,1
0,0.2,851,1
0,0.2,852,1
0,0.2,853,1
0,0.2,854,1
0,0.2,855,1
0,0.2,856,1
0,0.2,857,1
0,0.2,858,-1
0,0.2,859,1
0,0.2,860,1
0,0.2,861,1
0,0.2,862,-1
0,0.2,863,-1
0,0.2,864,1
0,0.2,865,1
0,0.2,866,1
0,0.2,867,-1
0,0.2,868,1
0,0.2,869,1
0,0.2,870,-1
0,0.2,871,1
0,0.2,872,1
0,0.2,873,1
0,0.2,874,1
0,0.2,875,1
0,0.2,876,1
0,0.2,877,1
0,0.2,878,1
0,0.2,879,1
0,0.2,880,1
0,0.2,881,1
0,0.2,882,1
0,0.2,883,1
0,0.2,884,1
0,0.2,885,-1
0,0.2,886,1
0,0.2,887,-1
0,0.2,888,1
0,0.2,889,1
0,0.2,890,1
0,0.2,891,1
0,0.2,892,1
0,0.2,893,1
0,0.2,894,1
0,0.2,895,1
0,0.2,896,1
0,0.2,897,1
0,0.2,898,1
0,0.2,899,1
0,0.2,900,1
0,0.2,901,1
0,0.2,902,1
0,0.2,903,1
0,0.2,904,-1
0,0.2,905,1
0,0.2,906,1
0,0.2,907,1
0,0.2,908,1
0,0.2,909,1
0,0.2,910,-1
0,0.2,911,1
0,0.2,912,1
0,0.2,913,1
0,0.2,914,1
0,0.2,915,1
0,0.2,916,1
0,0.2,917,-1
0,0.2,918,1
0,0.2,919,1
0,0.2,920,1
0,0.2,921,1
0,0.2,922,-1
0,0.2,923,1
0,0.2,924,-1
0,0.2,925,1
0,0.2,926,1
0,0.2,927,1
0,0.2,928,1
0,0.2,929,1
0,0.2,930,1
0,0.2,931,1
0,0.2,932,1
0,0.2,933,1
0,0.2,934,1
0,0.2,935,1
0,0.2,936,-1
0,0.2,937,1
0,0.2,938,-1
0,0.2,939,1
0,0.2,940,1
0,0.2,941,-1
0,0.2,942,1
0,0.2,943,-1
0,0.2,944,-1
0,0.2,945,1
0,0.2,946,1
0,0.2,947,1
0,0.2,948,1
0,0.2,949,1
0,0.2,950,1
0,0.2,951,1
0,0.2,952,1
0,0.2,953,1
0,0.2,954,1
0,0.2,955,1
0,0.2,956,1
0,0.2,957,1
0,0.2,958,1
0,0.2,959,1
0,0.2,960,1
0,0.2,961,1
0,0.2,962,1
0,0.2,963,1
0,0.2,964,1
0,0.2,965,1
0,0.2,966,-1
0,0.2,967,1
0,0.2,968,1
0,0.2,969,1
0,0.2,970,-1
0,0.2,971,1
0,0.2,972,1
0,0.2,973,1
0,0.2,974,1
0,0.2,975,1
0,0.2,976,1
0,0.2,977,1
0,0.2,978,1
0,0.2,979,1
0,0.2,980,1
0,0.2,981,1
0,0.2,982,1
0,0.2,983,1
0,0.2,984,1
0,0.2,985,1
0,0.2,986,1
0,0.2,987,1
0,0.2,988,1
0,0.2,989,-1
0,0.2,990,1
0,0.2,991,1
0,0.2,992,1
0,0.2,993,1
0,0.2,994,1
0,0.2,995,1
0,0.2,996,-1
0,0.2,997,1
0,0.2,998,1
0,0.2,999,1
0,0.2,1000,1
0,0.2,1001,-1
0,0.2,1002,1
0,0.2,1003,1
0,0.2,1004,1
0,0.2,1005,1
0,0.2,1006,1
0,0.2,1007,-1
0,0.2,1008,1
0,0.2,1009,-1
0,0.2,1010,1
0,0.2,1011,1
0,0.2,1012,1
0,0.2,1013,1
0,0.2,1014,1
0,0.2,1015,1
0,0.2,1016,1
0,0.2,1017,1
0,0.2,1018,1
0,0.2,1019,1
0,0.2,1020,1
0,0.2,1021,1
0,0.2,1022,1
0,0.2,1023,1
0,0.2,1024,1
0,0.2,1025,1
0,0.2,1026,1
0,0.2,1027,1
0,0.2,1028,1
0,0.2,1029,1
0,0.2,1030,1
0,0.2,1031,1
0,0.2,1032,-1
0,0.2,1033,1
0,0.2,1034,1
0,0.2,1035,1
0,0.2,1036,1
0,0.2,1037,1
0,0.2,1038,1
0,0.2,1039,1
0,0.2,1040,1
0,0.2,1041,1
0,0.2,1042,1
0,0.2,1043,1
0,0.2,1044,1
0,0.2,1045,1
0,0.2,1046,1
0,0.2,1047,1
0,0.2,1048,1
0,0.2,1049,1
0,0.2,1050,1
0,0.2,1051,1
0,0.2,1052,1
0,0.2,1053,1
0,0.2,1054,1
0,0.2,1055,1
0,0.2,1056,1
0,0.2,1057,-1
0,0.2,1058,-1
0,0.2,1059,1
0,0.2,1060,1
0,0.2,1061,-1
0,0.2,1062,1
0,0.2,1063,1
0,0.2,1064,1
0,0.2,1065,1
0,0.2,1066,1
0,0.2,1067,1
0,0.2,1068,1
0,0.2,1069,1
0,0.2,1070,1
0,0.2,1071,1
0,0.2,1072,1
0,0.2,1073,1
0,0.2,1074,1
0,0.2,1075,-1
0,0.2,1076,1
0,0.2,1077,1
0,0.2,1078,1
0,0.2,1079,1
0,0.2,1080,1
0,0.2,1081,1
0,0.2,1082,1
0,0.2,1083,-1
0,0.2,1084,1
0,0.2,1085,1
0,0.2,1086,-1
0,0.2,1087,1
0,0.2,1088,1
0,0.2,1089,1
0,0.2,1090,1
0,0.2,1091,1
0,0.2,1092,1
0,0.2,1093,1
0,0.2,1094,-1
0,0.2,1095,1
0,0.2,1096,1
0,0.2,1097,1
0,0.2,1098,1
0,0.2,1099,-1
0,0.2,1100,1
0,0.2,1101,1
0,0.2,1102,-1
0,0.2,1103,1
0,0.2,1104,1
0,0.2,1105,1
0,0.2,1106,-1
0,0.2,1107,1
0,0.2,1108,1
0,0.2,1109,-1
0,0.2,1110,-1
0,0.2,1111,-1
0,0.2,1112,1
0,0.2,1113,1
0,0.2,1114,1
0,0.2,1115,1
0,0.2,1116,1
0,0.2,1117,1
0,0.2,1118,1
0,0.2,1119,1
0,0.2,1120,1
0,0.2,1121,1
0,0.2,1122,1
0,0.2,1123,-1
0,0.2,1124,-1
0,0.2,1125,1
0,0.2,1126,-1
0,0.2,1127,-1
0,0.2,1128,1
0,0.2,1129,1
0,0.2,1130,1
0,0.2,1131,1
0,0.2,1132,1
0,0.2,1133,1
0,0.2,1134,1
0,0.2,1135,-1
0,0.2,1136,1
0,0.2,1137,1
0,0.2,1138,1
0,0.2,1139,1
0,0.2,1140,1
0,0.2,1141,1
0,0.2,1142,1
0,0.2,1143,1
0,0.2,1144,1
0,0.2,1145,-1
0,0.2,1146,1
0,0.2,1147,1
0,0.2,1148,1
0,0.2,1149,1
0,0.2,1150,1
0,0.2,1151,1
0,0.2,1152,1
0,0.2,1153,1
0,0.2,1154,1
0,0.2,1155,1
0,0.2,1156,1
0,0.2,1157,1
0,0.2,1158,1
0,0.2,1159,-1
0,0.2,1160,1
0,0.2,1161,1
0,0.2,1162,1
0,0.2,1163,1
0,0.2,1164,1
0,0.2,1165,-1
0,0.2,1166,1
0,0.2,1167,1
0,0.2,1168,1
0,0.2,1169,1
0,0.2,1170,-1
0,0.2,1171,1
0,0.2,1172,1
0,0.2,1173,1
0,0.2,1174,1
0,0.2,1175,1
0,0.2,1176,1
0,0.2,1177,1
0,0.2,1178,-1
0,0.2,1179,1
0,0.2,1180,1
0,0.2,1181,1
0,0.2,1182,1
0,0.2,1183,1
0,0.2,1184,1
0,0.2,1185,1
0,0.2,1186,-1
0,0.2,1187,1
0,0.2,1188,1
0,0.2,1189,1
0,0.2,1190,1
0,0.2,1191,1
0,0.2,1192,1
0,0.2,1193,-1
0,0.2,1194,1
0,0.2,1195,1
0,0.2,1196,1
0,0.2,1197,1
0,0.2,1198,1
0,0.2,1199,1
0,0.2,1200,1
0,0.2,1201,1
0,0.2,1202,-1
0,0.2,1203,1
0,0.2,1204,1
0,0.2,1205,1
0,0.2,1206,1
0,0.2,1207,1
0,0.2,1208,1
0,0.2,1209,1
0,0.2,1210,1
0,0.2,1211,1
0,0.2,1212,1
0,0.2,1213,1
0,0.2,1214,1
0,0.2,1215,1
0,0.2,1216,1
0,0.2,1217,1
0,0.2,1218,1
0,0.2,1219,1
0,0.2,1220,1
0,0.2,1221,-1
0,0.2,1222,1
0,0.2,1223,1
0,0.2,1224,1
0,0.2,1225,1
0,0.2,1226,1
0,0.2,1227,1
0,0.2,1228,1
0,0.2,1229,1
0,0.2,1230,1
0,0.2,1231,1
0,0.2,1232,1
0,0.2,1233,1
0,0.2,1234,1
0,0.2,1235,1
0,0.2,1236,1
0,0.2,1237,1
0,0.2,1238,1
0,0.2,1239,1
0,0.2,1240,1
0,0.2,1241,1
0,0.2,1242,1
0,0.2,1243,1
0,0.2,1244,1
0,0.2,1245,1
0,0.2,1246,1
0,0.2,1247,1
0,0.2,1248,1
0,0.2,1249,1
0,0.2,1250,1
0,0.2,1251,1
0,0.2,1252,1
0,0.2,1253,1
0,0.2,1254,1
0,0.2,1255,1
0,0.2,1256,1
0,0.2,1257,1
0,0.2,1258,1
0,0.2,1259,1
0,0.2,1260,1
0,0.2,1261,1
0,0.2,1262,-1
0,0.2,1263,1
0,0.2,1264,1
0,0.2,1265,1
0,0.2,1266,1
0,0.2,1267,1
0,0.2,1268,1
0,0.2,1269,1
0,0.2,1270,1
0,0.2,1271,1
0,0.2,1272,1
0,0.2,1273,-1
0,0.2,1274,1
0,0.2,1275,-1
0,0.2,1276,1
0,0.2,1277,-1
0,0.2,1278,1
0,0.2,1279,1
0,0.2,1280,1
0,0.2,1281,1
0,0.2,1282,-1
0,0.2,1283,1
0,0.2,1284,1
0,0.2,1285,1
0,0.2,1286,1
0,0.2,1287,1
0,0.2,1288,1
0,0.2,1289,1
0,0.2,1290,1
0,0.2,1291,1
0,0.2,1292,1
0,0.2,1293,1
0,0.2,1294,1
0,0.2,1295,1
0,0.2,1296,-1
0,0.2,1297,1
0,0.2,1298,1
0,0.2,1299,1
0,0.2,1300,-1
0,0.2,1301,1
0,0.2,1302,1
0,0.2,1303,1
0,0.2,1304,1
0,0.2,1305,1
0,0.2,1306,1
0,0.2,1307,1
0,0.2,1308,1
0,0.2,1309,-1
0,0.2,1310,1
0,0.2,1311,1
0,0.2,1312,1
0,0.2,1313,1
0,0.2,1314,1
0,0.2,1315,1
0,0.2,1316,1
0,0.2,1317,1
0,0.2,1318,1
0,0.2,1319,1
0,0.2,1320,1
0,0.2,1321,1
0,0.2,1322,1
0,0.2,1323,1
0,0.2,1324,1
0,0.2,1325,1
0,0.2,1326,1
0,0.2,1327,1
0,0.2,1328,1
0,0.2,1329,1
0,0.2,1330,1
0,0.2,1331,1
0,0.2,1332,1
0,0.2,1333,1
0,0.2,1334,1
0,0.2,1335,1
0,0.2,1336,1
0,0.2,1337,1
0,0.2,1338,-1
0,0.2,1339,1
0,0.2,1340,1
0,0.2,1341,1
0,0.2,1342,1
0,0.2,1343,1
0,0.2,1344,1
0,0.2,1345,1
0,0.2,1346,1
0,0.2,1347,1
0,0.2,1348,1
0,0.2,1349,1
0,0.2,1350,1
0,0.2,1351,1
0,0.2,1352,-1
0,0.2,1353,1
0,0.2,1354,1
0,0.2,1355,1
0,0.2,1356,1
0,0.2,1357,1
0,0.2,1358,1
0,0.2,1359,1
0,0.2,1360,1
0,0.2,1361,1
0,0.2,1362,1
0,0.2,1363,1
0,0.2,1364,1
0,0.2,1365,-1
0,0.2,1366,1
0,0.2,1367,1
0,0.2,1368,-1
0,0.2,1369,1
0,0.2,1370,1
0,0.2,1371,-1
0,0.2,1372,1
0,0.2,1373,1
0,0.2,1374,-1
0,0.2,1375,1
0,0.2,1376,1
0,0.2,1377,1
0,0.2,1378,1
0,0.2,1379,1
0,0.2,1380,1
0,0.2,1381,1
0,0.2,1382,1
0,0.2,1383,1
0,0.2,1384,1
0,0.2,1385,1
0,0.2,1386,-1
0,0.2,1387,1
0,0.2,1388,1
0,0.2,1389,1
0,0.2,1390,1
0,0.2,1391,-1
0,0.2,1392,1
0,0.2,1393,1
0,0.2,1394,1
0,0.2,1395,1
0,0.2,1396,1
0,0.2,1397,1
0,0.2,1398,1
0,0.2,1399,1
0,0.2,1400,1
0,0.2,1401,1
0,0.2,1402,1
0,0.2,1403,1
0,0.2,1404,1
0,0.2,1405,1
0,0.2,1406,1
0,0.2,1407,1
0,0.2,1408,1
0,0.2,1409,1
0,0.2,1410,1
0,0.2,1411,1
0,0.2,1412,-1
0,0.2,1413,1
0,0.2,1414,1
0,0.2,1415,1
0,0.2,1416,1
0,0.2,1417,1
0,0.2,1418,1
0,0.2,1419,1
0,0.2,1420,1
0,0.2,1421,1
0,0.2,1422,1
0,0.2,1423,-1
0,0.2,1424,1
0,0.2,1425,1
0,0.2,1426,1
0,0.2,1427,1
0,0.2,1428,1
0,0.2,1429,1
0,0.2,1430,1
0,0.2,1431,1
0,0.2,1432,1
0,0.2,1433,1
0,0.2,1434,1
0,0.2,1435,-1
0,0.2,1436,1
0,0.2,1437,-1
0,0.2,1438,1
0,0.2,1439,1
0,0.2,1440,1
0,0.2,1441,1
0,0.2,1442,1
0,0.2,1443,1
0,0.2,1444,1
0,0.2,1445,-1
0,0.2,1446,1
0,0.2,1447,1
0,0.2,1448,1
0,0.2,1449,-1
0,0.2,1450,1
0,0.2,1451,1
0,0.2,1452,-1
0,0.2,1453,1
0,0.2,1454,1
0,0.2,1455,-1
0,0.2,1456,1
0,0.2,1457,1
0,0.2,1458,1
0,0.2,1459,1
0,0.2,1460,1
0,0.2,1461,1
0,0.2,1462,1
0,0.2,1463,-1
0,0.2,1464,1
0,0.2,1465,-1
0,0.2,1466,1
0,0.2,1467,1
0,0.2,1468,1
0,0.2,1469,1
0,0.2,1470,1
0,0.2,1471,1
0,0.2,1472,1
0,0.2,1473,1
0,0.2,1474,1
0,0.2,1475,1
0,0.2,1476,1
0,0.2,1477,1
0,0.2,1478,1
0,0.2,1479,-1
0,0.2,1480,-1
0,0.2,1481,1
0,0.2,1482,1
0,0.2,1483,1
0,0.2,1484,1
0,0.2,1485,1
0,0.2,1486,1
0,0.2,1487,1
0,0.2,1488,1
0,0.2,1489,1
0,0.2,1490,1
0,0.2,1491,1
0,0.2,1492,1
0,0.2,1493,-1
0,0.2,1494,1
0,0.2,1495,1
0,0.2,1496,1
0,0.2,1497,1
0,0.2,1498,-1
0,0.2,1499,-1
0,0.2,1500,1
0,0.2,1501,1
0,0.2,1502,1
0,0.2,1503,-1
0,0.2,1504,1
0,0.2,1505,1
0,0.2,1506,1
0,0.2,1507,1
0,0.2,1508,1
0,0.2,1509,1
0,0.2,1510,1
0,0.2,1511,1
0,0.2,1512,1
0,0.2,1513,1
0,0.2,1514,1
0,0.2,1515,1
0,0.2,1516,-1
0,0.2,1517,1
0,0.2,1518,1
0,0.2,1519,1
0,0.2,1520,1
0,0.2,1521,1
0,0.2,1522,1
0,0.2,1523,1
0,0.2,1524,1
0,0.2,1525,1
0,0.2,1526,1
0,0.2,1527,1
0,0.2,1528,1
0,0.2,1529,1
0,0.2,1530,1
0,0.2,1531,1
0,0.2,1532,1
0,0.2,1533,1
0,0.2,1534,1
0,0.2,1535,1
0,0.2,1536,-1
0,0.2,1537,-1
0,0.2,1538,1
0,0.2,1539,1
0,0.2,1540,1
0,0.2,1541,1
0,0.2,1542,-1
0,0.2,1543,1
0,0.2,1544,1
0,0.2,1545,1
0,0.2,1546,1
0,0.2,1547,1
0,0.2,1548,1
0,0.2,1549,1
0,0.2,1550,1
0,0.2,1551,1
0,0.2,1552,1
0,0.2,1553,1
0,0.2,1554,-1
0,0.2,1555,1
0,0.2,1556,-1
0,0.2,1557,1
0,0.2,1558,1
0,0.2,1559,1
0,0.2,1560,1
0,0.2,1561,1
0,0.2,1562,-1
0,0.2,1563,-1
0,0.2,1564,1
0,0.2,1565,1
0,0.2,1566,1
0,0.2,1567,1
0,0.2,1568,-1
0,0.2,1569,1
0,0.2,1570,-1
0,0.2,1571,1
0,0.2,1572,1
0,0.2,1573,1
0,0.2,1574,1
0,0.2,1575,1
0,0.2,1576,1
0,0.2,1577,1
0,0.2,1578,1
0,0.2,1579,1
0,0.2,1580,1
0,0.2,1581,1
0,0.2,1582,1
0,0.2,1583,1
0,0.2,1584,1
0,0.2,1585,-1
0,0.2,1586,1
0,0.2,1587,1
0,0.2,1588,1
0,0.2,1589,1
0,0.2,1590,1
0,0.2,1591,1
0,0.2,1592,1
0,0.2,1593,1
0,0.2,1594,1
0,0.2,1595,1
0,0.2,1596,1
0,0.2,1597,1
0,0.2,1598,1
0,0.2,1599,1
0,0.2,1600,1
0,0.2,1601,1
0,0.2,1602,1
0,0.2,1603,-1
0,0.2,1604,1
0,0.2,1605,1
0,0.2,1606,1
0,0.2,1607,1
0,0.2,1608,1
0,0.2,1609,1
0,0.2,1610,-1
0,0.2,1611,1
0,0.2,1612,1
0,0.2,1613,1
0,0.2,1614,1
0,0.2,1615,1
0,0.2,1616,1
0,0.2,1617,1
0,0.2,1618,1
0,0.2,1619,1
0,0.2,1620,1
0,0.2,1621,1
0,0.2,1622,1
0,0.2,1623,1
0,0.2,1624,1
0,0.2,1625,-1
0,0.2,1626,1
0,0.2,1627,1
0,0.2,1628,1
0,0.2,1629,1
0,0.2,1630,1
0,0.2,1631,1
0,0.2,1632,1
0,0.2,1633,1
0,0.2,1634,1
0,0.2,1635,1
0,0.2,1636,1
0,0.2,1637,1
0,0.2,1638,1
0,0.2,1639,1
0,0.2,1640,1
0,0.2,1641,1
0,0.2,1642,1
0,0.2,1643,1
0,0.2,1644,1
0,0.2,1645,1
0,0.2,1646,1
0,0.2,1647,1
0,0.2,1648,1
0,0.2,1649,1
0,0.2,1650,1
0,0.2,1651,1
0,0.2,1652,1
0,0.2,1653,1
0,0.2,1654,1
0,0.2,1655,1
0,0.2,1656,1
0,0.2,1657,1
0,0.2,1658,1
0,0.2,1659,1
0,0.2,1660,1
0,0.2,1661,1
0,0.2,1662,1
0,0.2,1663,1
0,0.2,1664,1
0,0.2,1665,-1
0,0.2,1666,1
0,0.2,1667,1
0,0.2,1668,1
0,0.2,1669,1
0,0.2,1670,1
0,0.2,1671,1
0,0.2,1672,1
0,0.2,1673,-1
0,0.2,1674,1
0,0.2,1675,1
0,0.2,1676,1
0,0.2,1677,1
0,0.2,1678,1
0,0.2,1679,1
0,0.2,1680,1
0,0.2,1681,1
0,0.2,1682,1
0,0.2,1683,1
0,0.2,1684,1
0,0.2,1685,1
0,0.2,1686,1
0,0.2,1687,1
0,0.2,1688,1
0,0.2,1689,1
0,0.2,1690,1
0,0.2,1691,1
0,0.2,1692,1
0,0.2,1693,1
0,0.2,1694,1
0,0.2,1695,1
0,0.2,1696,1
0,0.2,1697,1
0,0.2,1698,1
0,0.2,1699,1
0,0.2,1700,1
0,0.2,1701,1
0,0.2,1702,1
0,0.2,1703,1
0,0.2,1704,1
0,0.2,1705,1
0,0.2,1706,1
0,0.2,1707,1
0,0.2,1708,1
0,0.2,1709,-1
0,0.2,1710,1
0,0.2,1711,1
0,0.2,1712,1
0,0.2,1713,1
0,0.2,1714,1
0,0.2,1715,-1
0,0.2,1716,1
0,0.2,1717,1
0,0.2,1718,1
0,0.2,1719,1
0,0.2,1720,1
0,0.2,1721,1
0,0.2,1722,1
0,0.2,1723,1
0,0.2,1724,1
0,0.2,1725,1
0,0.2,1726,1
0,0.2,1727,1
0,0.2,1728,-1
0,0.2,1729,1
0,0.2,1730,1
0,0.2,1731,1
0,0.2,1732,1
0,0.2,1733,1
0,0.2,1734,1
0,0.2,1735,1
0,0.2,1736,1
0,0.2,1737,1
0,0.2,1738,1
0,0.2,1739,-1
0,0.2,1740,-1
0,0.2,1741,-1
0,0.2,1742,1
0,0.2,1743,1
0,0.2,1744,1
0,0.2,1745,1
0,0.2,1746,1
0,0.2,1747,1
0,0.2,1748,1
0,0.2,1749,1
0,0.2,1750,1
0,0.2,1751,1
0,0.2,1752,1
0,0.2,1753,1
0,0.2,1754,-1
0,0.2,1755,1
0,0.2,1756,1
0,0.2,1757,1
0,0.2,1758,1
0,0.2,1759,1
0,0.2,1760,1
0,0.2,1761,1
0,0.2,1762,1
0,0.2,1763,1
0,0.2,1764,1
0,0.2,1765,1
0,0.2,1766,1
0,0.2,1767,1
0,0.2,1768,1
0,0.2,1769,1
0,0.2,1770,1
0,0.2,1771,1
0,0.2,1772,1
0,0.2,1773,1
0,0.2,1774,1
0,0.2,1775,1
0,0.2,1776,1
0,0.2,1777,1
0,0.2,1778,1
0,0.2,1779,1
0,0.2,1780,1
0,0.2,1781,1
0,0.2,1782,1
0,0.2,1783,1
0,0.2,1784,1
0,0.2,1785,1
0,0.2,1786,-1
0,0.2,1787,1
0,0.2,1788,1
0,0.2,1789,1
0,0.2,1790,1
0,0.2,1791,1
0,0.2,1792,1
0,0.2,1793,1
0,0.2,1794,1
0,0.2,1795,1
0,0.2,1796,1
0,0.2,1797,1
0,0.2,1798,1
0,0.2,1799,1
0,0.2,1800,1
0,0.2,1801,1
0,0.2,1802,1
0,0.2,1803,1
0,0.2,1804,1
0,0.2,1805,1
0,0.2,1806,1
0,0.2,1807,1
0,0.2,1808,1
0,0.2,1809,1
0,0.2,1810,1
0,0.2,1811,-1
0,0.2,1812,1
0,0.2,1813,1
0,0.2,1814,1
0,0.2,1815,1
0,0.2,1816,1
0,0.2,1817,1
0,0.2,1818,1
0,0.2,1819,1
0,0.2,1820,-1
0,0.2,1821,1
0,0.2,1822,1
0,0.2,1823,1
0,0.2,1824,-1
0,0.2,1825,1
0,0.2,1826,1
0,0.2,1827,1
0,0.2,1828,1
0,0.2,1829,1
0,0.2,1830,1
0,0.2,1831,1
0,0.2,1832,1
0,0.2,1833,1
0,0.2,1834,1
0,0.2,1835,1
0,0.2,1836,1
0,0.2,1837,1
0,0.2,1838,1
0,0.2,1839,1
0,0.2,1840,1
0,0.2,1841,1
0,0.2,1842,1
0,0.2,1843,1
0,0.2,1844,1
0,0.2,1845,-1
0,0.2,1846,1
0,0.2,1847,1
0,0.2,1848,1
0,0.2,1849,1
0,0.2,1850,1
0,0.2,1851,1
0,0.2,1852,1
0,0.2,1853,1
0,0.2,1854,1
0,0.2,1855,1
0,0.2,1856,1
0,0.2,1857,1
0,0.2,1858,1
0,0.2,1859,1
0,0.2,1860,1
0,0.2,1861,1
0,0.2,1862,1
0,0.2,1863,1
0,0.2,1864,1
0,0.2,1865,1
0,0.2,1866,1
0,0.2,1867,1
0,0.2,1868,1
0,0.2,1869,1
0,0.2,1870,1
0,0.2,1871,1
0,0.2,1872,1
0,0.2,1873,1
0,0.2,1874,1
0,0.2,1875,1
0,0.2,1876,1
0,0.2,1877,1
0,0.2,1878,1
0,0.2,1879,1
0,0.2,1880,1
0,0.2,1881,1
0,0.2,1882,1
0,0.2,1883,1
0,0.2,1884,1
0,0.2,1885,1
0,0.2,1886,1
0,0.2,1887,1
0,0.2,1888,1
0,0.2,1889,1
0,0.2,1890,1
0,0.2,1891,1
0,0.2,1892,1
0,0.2,1893,1
0,0.2,1894,1
0,0.2,1895,1
0,0.2,1896,1
0,0.2,1897,1
0,0.2,1898,1
0,0.2,1899,1
0,0.2,1900,1
0,0.2,1901,1
0,0.2,1902,-1
0,0.2,1903,1
0,0.2,1904,1
0,0.2,1905,1
0,0.2,1906,1
0,0.2,1907,-1
0,0.2,1908,-1
0,0.2,1909,1
0,0.2,1910,1
0,0.2,1911,1
0,0.2,1912,1
0,0.2,1913,1
0,0.2,1914,1
0,0.2,1915,1
0,0.2,1916,1
0,0.2,1917,1
0,0.2,1918,1
0,0.2,1919,1
0,0.2,1920,1
0,0.2,1921,1
0,0.2,1922,-1
0,0.2,1923,1
0,0.2,1924,1
0,0.2,1925,1
0,0.2,1926,1
0,0.2,1927,1
0,0.2,1928,-1
0,0.2,1929,-1
0,0.2,1930,1
0,0.2,1931,1
0,0.2,1932,1
0,0.2,1933,1
0,0.2,1934,1
0,0.2,1935,1
0,0.2,1936,1
0,0.2,1937,1
0,0.2,1938,1
0,0.2,1939,1
0,0.2,1940,1
0,0.2,1941,-1
0,0.2,1942,1
0,0.2,1943,1
0,0.2,1944,-1
0,0.2,1945,1
0,0.2,1946,1
0,0.2,1947,1
0,0.2,1948,1
0,0.2,1949,1
0,0.2,1950,1
0,0.2,1951,1
0,0.2,1952,1
0,0.2,1953,1
0,0.2,1954,-1
0,0.2,1955,1
0,0.2,1956,1
0,0.2,1957,1
0,0.2,1958,1
0,0.2,1959,-1
0,0.2,1960,1
0,0.2,1961,1
0,0.2,1962,1
0,0.2,1963,1
0,0.2,1964,1
0,0.2,1965,1
0,0.2,1966,1
0,0.2,1967,1
0,0.2,1968,1
0,0.2,1969,1
0,0.2,1970,1
0,0.2,1971,1
0,0.2,1972,1
0,0.2,1973,1
0,0.2,1974,1
0,0.2,1975,1
0,0.2,1976,1
0,0.2,1977,1
0,0.2,1978,1
0,0.2,1979,1
0,0.2,1980,1
0,0.2,1981,1
0,0.2,1982,1
0,0.2,1983,1
0,0.2,1984,-1
0,0.2,1985,1
0,0.2,1986,1
0,0.2,1987,-1
0,0.2,1988,1
0,0.2,1989,1
0,0.2,1990,1
0,0.2,1991,1
0,0.2,1992,1
0,0.2,1993,1
0,0.2,1994,1
0,0.2,1995,1
0,0.2,1996,-1
0,0.2,1997,1
0,0.2,1998,-1
0,0.2,1999,1
0,0.2,2000,1
0,0.2,2001,-1
0,0.2,2002,1
0,0.2,2003,-1
0,0.2,2004,1
0,0.2,2005,1
0,0.2,2006,1
0,0.2,2007,1
0,0.2,2008,1
0,0.2,2009,1
0,0.2,2010,1
0,0.2,2011,1
0,0.2,2012,1
0,0.2,2013,1
0,0.2,2014,1
0,0.2,2015,1
0,0.2,2016,1
0,0.2,2017,-1
0,0.2,2018,-1
0,0.2,2019,1
0,0.2,2020,1
0,0.2,2021,1
0,0.2,2022,1
0,0.2,2023,1
0,0.2,2024,-1
0,0.2,2025,-1
0,0.2,2026,1
0,0.2,2027,1
0,0.2,2028,1
0,0.2,2029,1
0,0.2,2030,1
0,0.2,2031,-1
0,0.2,2032,1
0,0.2,2033,1
0,0.2,2034,1
0,0.2,2035,1
0,0.2,2036,1
0,0.2,2037,1
0,0.2,2038,1
0,0.2,2039,1
0,0.2,2040,-1
0,0.2,2041,1
0,0.2,2042,1
0,0.2,2043,1
0,0.2,2044,1
0,0.2,2045,-1
0,0.2,2046,1
0,0.2,2047,-1
0,0.2,2048,1
0,0.2,2049,1
0,0.2,2050,-1
0,0.2,2051,1
0,0.2,2052,1
0,0.2,2053,1
0,0.2,2054,1
0,0.2,2055,1
0,0.2,2056,1
0,0.2,2057,1
0,0.2,2058,1
0,0.2,2059,1
0,0.2,2060,1
0,0.2,2061,1
0,0.2,2062,1
0,0.2,2063,1
0,0.2,2064,1
0,0.2,2065,1
0,0.2,2066,1
0,0.2,2067,1
0,0.2,2068,1
0,0.2,2069,1
0,0.2,2070,1
0,0.2,2071,1
0,0.2,2072,1
0,0.2,2073,1
0,0.2,2074,1
0,0.2,2075,1
0,0.2,2076,1
0,0.2,2077,1
0,0.2,2078,1
0,0.2,2079,1
0,0.2,2080,1
0,0.2,2081,1
0,0.2,2082,1
0,0.2,2083,1
0,0.2,2084,1
0,0.2,2085,1
0,0.2,2086,1
0,0.2,2087,1
0,0.2,2088,1
0,0.2,2089,1
0,0.2,2090,1
0,0.2,2091,1
0,0.2,2092,1
0,0.2,2093,1
0,0.2,2094,1
0,0.2,2095,1
0,0.2,2096,-1
0,0.2,2097,1
0,0.2,2098,1
0,0.2,2099,1
0,0.2,2100,1
0,0.2,2101,1
0,0.2,2102,1
0,0.2,2103,1
0,0.2,2104,1
0,0.2,2105,1
0,0.2,2106,1
0,0.2,2107,-1
0,0.2,2108,1
0,0.2,2109,1
0,0.2,2110,1
0,0.2,2111,1
0,0.2,2112,1
0,0.2,2113,1
0,0.2,2114,1
0,0.2,2115,1
0,0.2,2116,1
0,0.2,2117,1
0,0.2,2118,1
0,0.2,2119,1
0,0.2,2120,1
0,0.2,2121,-1
0,0.2,2122,1
0,0.2,2123,1
0,0.2,2124,1
0,0.2,2125,1
0,0.2,2126,1
0,0.2,2127,1
0,0.2,2128,1
0,0.2,2129,1
0,0.2,2130,1
0,0.2,2131,1
0,0.2,2132,-1
0,0.2,2133,1
0,0.2,2134,1
0,0.2,2135,1
0,0.2,2136,1
0,0.2,2137,1
0,0.2,2138,1
0,0.2,2139,1
0,0.2,2140,1
0,0.2,2141,1
0,0.2,2142,1
0,0.2,2143,1
0,0.2,2144,1
0,0.2,2145,1
0,0.2,2146,-1
0,0.2,2147,1
0,0.2,2148,1
0,0.2,2149,-1
0,0.2,2150,1
0,0.2,2151,1
0,0.2,2152,1
0,0.2,2153,1
0,0.2,2154,1
0,0.2,2155,1
0,0.2,2156,1
0,0.2,2157,1
0,0.2,2158,1
0,0.2,2159,-1
0,0.2,2160,1
0,0.2,2161,1
0,0.2,2162,1
0,0.2,2163,1
0,0.2,2164,-1
0,0.2,2165,-1
0,0.2,2166,-1
0,0.2,2167,1
0,0.2,2168,1
0,0.2,2169,-1
0,0.2,2170,1
0,0.2,2171,1
0,0.2,2172,1
0,0.2,2173,1
0,0.2,2174,1
0,0.2,2175,-1
0,0.2,2176,1
0,0.2,2177,1
0,0.2,2178,1
0,0.2,2179,1
0,0.2,2180,1
0,0.2,2181,1
0,0.2,2182,1
0,0.2,2183,1
0,0.2,2184,1
0,0.2,2185,1
0,0.2,2186,-1
0,0.2,2187,1
0,0.2,2188,1
0,0.2,2189,1
0,0.2,2190,1
0,0.2,2191,1
0,0.2,2192,1
0,0.2,2193,1
0,0.2,2194,1
0,0.2,2195,1
0,0.2,2196,1
0,0.2,2197,1
0,0.2,2198,1
0,0.2,2199,1
0,0.2,2200,1
0,0.2,2201,1
0,0.2,2202,1
0,0.2,2203,1
0,0.2,2204,1
0,0.2,2205,1
0,0.2,2206,-1
0,0.2,2207,1
0,0.2,2208,1
0,0.2,2209,1
0,0.2,2210,1
0,0.2,2211,1
0,0.2,2212,1
0,0.2,2213,1
0,0.2,2214,1
0,0.2,2215,-1
0,0.2,2216,-1
0,0.2,2217,1
0,0.2,2218,1
0,0.2,2219,1
0,0.2,2220,1
0,0.2,2221,1
0,0.2,2222,1
0,0.2,2223,1
0,0.2,2224,1
0,0.2,2225,1
0,0.2,2226,1
0,0.2,2227,1
0,0.2,2228,1
0,0.2,2229,1
0,0.2,2230,1
0,0.2,2231,1
0,0.2,2232,1
0,0.2,2233,1
0,0.2,2234,1
0,0.2,2235,1
0,0.2,2236,1
0,0.2,2237,1
0,0.2,2238,1
0,0.2,2239,1
0,0.2,2240,1
0,0.2,2241,1
0,0.2,2242,1
0,0.2,2243,1
0,0.2,2244,1
0,0.2,2245,1
0,0.2,2246,1
0,0.2,2247,1
0,0.2,2248,1
0,0.2,2249,-1
0,0.2,2250,1
0,0.2,2251,1
0,0.2,2252,1
0,0.2,2253,1
0,0.2,2254,1
0,0.2,2255,-1
0,0.2,2256,1
0,0.2,2257,1
0,0.2,2258,1
0,0.2,2259,1
0,0.2,2260,1
0,0.2,2261,-1
0,0.2,2262,1
0,0.2,2263,1
0,0.2,2264,1
0,0.2,2265,1
0,0.2,2266,1
0,0.2,2267,1
0,0.2,2268,1
0,0.2,2269,1
0,0.2,2270,1
0,0.2,2271,-1
0,0.2,2272,1
0,0.2,2273,1
0,0.2,2274,1
0,0.2,2275,1
0,0.2,2276,1
0,0.2,2277,1
0,0.2,2278,1
0,0.2,2279,1
0,0.2,2280,1
0,0.2,2281,1
0,0.2,2282,1
0,0.2,2283,1
0,0.2,2284,1
0,0.2,2285,1
0,0.2,2286,1
0,0.2,2287,1
0,0.2,2288,1
0,0.2,2289,1
0,0.2,2290,-1
0,0.2,2291,1
0,0.2,2292,1
0,0.2,2293,1
0,0.2,2294,1
0,0.2,2295,1
0,0.2,2296,1
0,0.2,2297,1
0,0.2,2298,1
0,0.2,2299,1
0,0.2,2300,1
0,0.2,2301,1
0,0.2,2302,1
0,0.2,2303,-1
0,0.2,2304,1
0,0.2,2305,1
0,0.2,2306,1
0,0.2,2307,1
0,0.2,2308,1
0,0.2,2309,-1
0,0.2,2310,1
0,0.2,2311,1
0,0.2,2312,1
0,0.2,2313,1
0,0.2,2314,1
0,0.2,2315,1
0,0.2,2316,-1
0,0.2,2317,1
0,0.2,2318,1
0,0.2,2319,1
0,0.2,2320,1
0,0.2,2321,1
0,0.2,2322,-1
0,0.2,2323,1
0,0.2,2324,1
0,0.2,2325,1
0,0.2,2326,1
0,0.2,2327,1
0,0.2,2328,1
0,0.2,2329,1
0,0.2,2330,1
0,0.2,2331,1
0,0.2,2332,1
0,0.2,2333,1
0,0.2,2334,1
0,0.2,2335,1
0,0.2,2336,1
0,0.2,2337,1
0,0.2,2338,-1
0,0.2,2339,1
0,0.2,2340,1
0,0.2,2341,1
0,0.2,2342,1
0,0.2,2343,-1
0,0.2,2344,1
0,0.2,2345,1
0,0.2,2346,1
0,0.2,2347,1
0,0.2,2348,1
0,0.2,2349,1
0,0.2,2350,1
0,0.2,2351,1
0,0.2,2352,1
0,0.2,2353,1
0,0.2,2354,1
0,0.2,2355,1
0,0.2,2356,1
0,0.2,2357,-1
0,0.2,2358,1
0,0.2,2359,1
0,0.2,2360,1
0,0.2,2361,1
0,0.2,2362,1
0,0.2,2363,1
0,0.2,2364,-1
0,0.2,2365,1
0,0.2,2366,-1
0,0.2,2367,1
0,0.2,2368,1
0,0.2,2369,1
0,0.2,2370,1
0,0.2,2371,1
0,0.2,2372,1
0,0.2,2373,1
0,0.2,2374,1
0,0.2,2375,1
0,0.2,2376,1
0,0.2,2377,1
0,0.2,2378,1
0,0.2,2379,1
0,0.2,2380,1
0,0.2,2381,-1
0,0.2,2382,-1
0,0.2,2383,1
0,0.2,2384,1
0,0.2,2385,1
0,0.2,2386,1
0,0.2,2387,1
0,0.2,2388,1
0,0.2,2389,1
0,0.2,2390,-1
0,0.2,2391,1
0,0.2,2392,1
0,0.2,2393,1
0,0.2,2394,1
0,0.2,2395,1
0,0.2,2396,-1
0,0.2,2397,1
0,0.2,2398,1
0,0.2,2399,1
0,0.2,2400,1
0,0.2,2401,1
0,0.2,2402,-1
0,0.2,2403,-1
0,0.2,2404,1
0,0.2,2405,1
0,0.2,2406,1
0,0.2,2407,1
0,0.2,2408,1
0,0.2,2409,1
0,0.2,2410,1
0,0.2,2411,1
0,0.2,2412,1
0,0.2,2413,1
0,0.2,2414,1
0,0.2,2415,1
0,0.2,2416,1
0,0.2,2417,1
0,0.2,2418,1
0,0.2,2419,1
0,0.2,2420,1
0,0.2,2421,1
0,0.2,2422,1
0,0.2,2423,1
0,0.2,2424,1
0,0.2,2425,-1
0,0.2,2426,1
0,0.2,2427,1
0,0.2,2428,1
0,0.2,2429,1
0,0.2,2430,1
0,0.2,2431,-1
0,0.2,2432,1
0,0.2,2433,1
0,0.2,2434,-1
0,0.2,2435,1
0,0.2,2436,1
0,0.2,2437,1
0,0.2,2438,1
0,0.2,2439,1
0,0.2,2440,1
0,0.2,2441,1
0,0.2,2442,1
0,0.2,2443,-1
0,0.2,2444,1
0,0.2,2445,1
0,0.2,2446,-1
0,0.2,2447,1
0,0.2,2448,1
0,0.2,2449,-1
0,0.2,2450,1
0,0.2,2451,1
0,0.2,2452,1
0,0.2,2453,1
0,0.2,2454,1
0,0.2,2455,1
0,0.2,2456,1
0,0.2,2457,1
0,0.2,2458,1
0,0.2,2459,1
0,0.2,2460,1
0,0.2,2461,-1
0,0.2,2462,1
0,0.2,2463,1
0,0.2,2464,1
0,0.2,2465,1
0,0.2,2466,1
0,0.2,2467,1
0,0.2,2468,1
0,0.2,2469,-1
0,0.2,2470,1
0,0.2,2471,1
0,0.2,2472,1
0,0.2,2473,1
0,0.2,2474,1
0,0.2,2475,1
0,0.2,2476,1
0,0.2,2477,1
0,0.2,2478,1
0,0.2,2479,1
0,0.2,2480,1
0,0.2,2481,1
0,0.2,2482,1
0,0.2,2483,1
0,0.2,2484,1
0,0.2,2485,1
0,0.2,2486,1
0,0.2,2487,1
0,0.2,2488,1
0,0.2,2489,1
0,0.2,2490,1
0,0.2,2491,-1
0,0.2,2492,-1
0,0.2,2493,1
0,0.2,2494,1
0,0.2,2495,1
0,0.2,2496,1
0,0.2,2497,1
0,0.2,2498,1
0,0.2,2499,1
0,0.2,2500,1
1,0.0,1,1
1,0.0,2,-1
1,0.0,3,-1
1,0.0,4,-1
1,0.0,5,1
1,0.0,6,1
1,0.0,7,-1
1,0.0,8,1
1,0.0,9,-1
1,0.0,10,-1
1,0.0,11,1
1,0.0,12,1
1,0.0,13,1
1,0.0,14,1
1,0.0,15,-1
1,0.0,16,-1
1,0.0,17,1
1,0.0,18,1
1,0.0,19,-1
1,0.0,20,1
1,0.0,21,-1
1,0.0,22,1
1,0.0,23,1
1,0.0,24,-1
1,0.0,25,1
1,0.0,26,-1
1,0.0,27,-1
1,0.0,28,-1
1,0.0,29,1
1,0.0,30,-1
1,0.0,31,1
1,0.0,32,1
1,0.0,33,1
1,0.0,34,-1
1,0.0,35,1
1,0.0,36,1
1,0.0,37,1
1,0.0,38,1
1,0.0,39,1
1,0.0,40,-1
1,0.0,41,1
1,0.0,42,1
1,0.0,43,-1
1,0.0,44,-1
1,0.0,45,-1
1,0.0,46,-1
1,0.0,47,1
1,0.0,48,-1
1,0.0,49,1
1,0.0,50,-1
1,0.0,51,-1
1,0.0,52,1
1,0.0,53,1
1,0.0,54,-1
1,0.0,55,1
1,0.0,56,-1
1,0.0,57,1
1,0.0,58,1
1,0.0,59,1
1,0.0,60,-1
1,0.0,61,1
1,0.0,62,1
1,0.0,63,1
1,0.0,64,-1
1,0.0,65,1
1,0.0,66,1
1,0.0,67,1
1,0.0,68,1
1,0.0,69,1
1,0.0,70,1
1,0.0,71,1
1,0.0,72,1
1,0.0,73,1
1,0.0,74,1
1,0.0,75,-1
1,0.0,76,1
1,0.0,77,1
1,0.0,78,-1
1,0.0,79,-1
1,0.0,80,1
1,0.0,81,1
1,0.0,82,-1
1,0.0,83,1
1,0.0,84,1
1,0.0,85,-1
1,0.0,86,-1
1,0.0,87,-1
1,0.0,88,-1
1,0.0,89,1
1,0.0,90,-1
1,0.0,91,-1
1,0.0,92,-1
1,0.0,93,1
1,0.0,94,1
1,0.0,95,-1
1,0.0,96,1
1,0.0,97,1
1,0.0,98,-1
1,0.0,99,1
1,0.0,100,-1
1,0.0,101,1
1,0.0,102,1
1,0.0,103,1
1,0.0,104,1
1,0.0,105,1
1,0.0,106,1
1,0.0,107,-1
1,0.0,108,1
1,0.0,109,1
1,0.0,110,-1
1,0.0,111,1
1,0.0,112,-1
1,0.0,113,-1
1,0.0,114,-1
1,0.0,115,1
1,0.0,116,1
1,0.0,117,1
1,0.0,118,1
1,0.0,119,1
1,0.0,120,1
1,0.0,121,1
1,0.0,122,-1
1,0.0,123,1
1,0.0,124,1
1,0.0,125,1
1,0.0,126,-1
1,0.0,127,1
1,0.0,128,-1
1,0.0,129,1
1,0.0,130,1
1,0.0,131,1
1,0.0,132,1
1,0.0,133,1
1,0.0,134,1
1,0.0,135,1
1,0.0,136,1
1,0.0,137,1
1,0.0,138,1
1,0.0,139,-1
1,0.0,140,1
1,0.0,141,1
1,0.0,142,-1
1,0.0,143,1
1,0.0,144,1
1,0.0,145,-1
1,0.0,146,-1
1,0.0,147,1
1,0.0,148,1
1,0.0,149,1
1,0.0,150,1
1,0.0,151,1
1,0.0,152,-1
1,0.0,153,1
1,0.0,154,1
1,0.0,155,1
1,0.0,156,1
1,0.0,157,1
1,0.0,158,-1
1,0.0,159,1
1,0.0,160,1
1,0.0,161,1
1,0.0,162,1
1,0.0,163,1
1,0.0,164,1
1,0.0,165,1
1,0.0,166,1
1,0.0,167,1
1,0.0,168,1
1,0.0,169,1
1,0.0,170,1
1,0.0,171,1
1,0.0,172,1
1,0.0,173,1
1,0.0,174,1
1,0.0,175,1
1,0.0,176,1
1,0.0,177,1
1,0.0,178,1
1,0.0,179,1
1,0.0,180,1
1,0.0,181,1
1,0.0,182,1
1,0.0,183,1
1,0.0,184,1
1,0.0,185,1
1,0.0,186,1
1,0.0,187,1
1,0.0,188,-1
1,0.0,189,1
1,0.0,190,1
1,0.0,191,1
1,0.0,192,1
1,0.0,193,1
1,0.0,194,1
1,0.0,195,1
1,0.0,196,1
1,0.0,197,-1
1,0.0,198,1
1,0.0,199,1
1,0.0,200,1
1,0.0,201,1
1,0.0,202,1
1,0.0,203,1
1,0.0,204,1
1,0.0,205,1
1,0.0,206,1
1,0.0,207,1
1,0.0,208,1
1,0.0,209,1
1,0.0,210,1
1,0.0,211,-1
1,0.0,212,1
1,0.0,213,1
1,0.0,214,1
1,0.0,215,1
1,0.0,216,1
1,0.0,217,1
1,0.0,218,1
1,0.0,219,1
1,0.0,220,1
1,0.0,221,1
1,0.0,222,1
1,0.0,223,1
1,0.0,224,1
1,0.0,225,1
1,0.0,226,1
1,0.0,227,1
1,0.0,228,1
1,0.0,229,1
1,0.0,230,1
1,0.0,231,1
1,0.0,232,-1
1,0.0,233,1
1,0.0,234,1
1,0.0,235,1
1,0.0,236,1
1,0.0,237,1
1,0.0,238,1
1,0.0,239,1
1,0.0,240,1
1,0.0,241,1
1,0.0,242,1
1,0.0,243,-1
1,0.0,244,1
1,0.0,245,1
1,0.0,246,1
1,0.0,247,1
1,0.0,248,1
1,0.0,249,1
1,0.0,250,1
1,0.0,251,1
1,0.0,252,1
1,0.0,253,1
1,0.0,254,1
1,0.0,255,1
1,0.0,256,1
1,0.0,257,1
1,0.0,258,1
1,0.0,259,1
1,0.0,260,1
1,0.0,261,-1
1,0.0,262,1
1,0.0,263,-1
1,0.0,264,1
1,0.0,265,1
1,0.0,266,1
1,0.0,267,1
1,0.0,268,1
1,0.0,269,1
1,0.0,270,1
1,0.0,271,1
1,0.0,272,1
1,0.0,273,-1
1,0.0,274,1
1,0.0,275,1
1,0.0,276,-1
1,0.0,277,1
1,0.0,278,1
1,0.0,279,1
1,0.0,280,1
1,0.0,281,1
1,0.0,282,1
1,0.0,283,-1
1,0.0,284,1
1,0.0,285,1
1,0.0,286,1
1,0.0,287,1
1,0.0,288,1
1,0.0,289,1
1,0.0,290,1
1,0.0,291,1
1,0.0,292,1
1,0.0,293,1
1,0.0,294,1
1,0.0,295,1
1,0.0,296,1
1,0.0,297,1
1,0.0,298,1
1,0.0,299,1
1,0.0,300,1
1,0.0,301,1
1,0.0,302,1
1,0.0,303,-1
1,0.0,304,1
1,0.0,305,1
1,0.0,306,1
1,0.0,307,-1
1,0.0,308,1
1,0.0,309,1
1,0.0,310,1
1,0.0,311,1
1,0.0,312,1
1,0.0,313,1
1,0.0,314,1
1,0.0,315,1
1,0.0,316,1
1,0.0,317,1
1,0.0,318,1
1,0.0,319,1
1,0.0,320,1
1,0.0,321,1
1,0.0,322,1
1,0.0,323,1
1,0.0,324,1
1,0.0,325,-1
1,0.0,326,-1
1,0.0,327,1
1,0.0,328,1
1,0.0,329,1
1,0.0,330,1
1,0.0,331,1
1,0.0,332,1
1,0.0,333,1
1,0.0,334,1
1,0.0,335,-1
1,0.0,336,1
1,0.0,337,1
1,0.0,338,1
1,0.0,339,1
1,0.0,340,1
1,0.0,341,1
1,0.0,342,1
1,0.0,343,1
1,0.0,344,1
1,0.0,345,1
1,0.0,346,1
1,0.0,347,-1
1,0.0,348,-1
1,0.0,349,1
1,0.0,350,-1
1,0.0,351,-1
1,0.0,352,1
1,0.0,353,1
1,0.0,354,1
1,0.0,355,1
1,0.0,356,1
1,0.0,357,1
1,0.0,358,1
1,0.0,359,1
1,0.0,360,1
1,0.0,361,1
1,0.0,362,1
1,0.0,363,1
1,0.0,364,1
1,0.0,365,1
1,0.0,366,1
1,0.0,367,1
1,0.0,368,1
1,0.0,369,1
1,0.0,370,1
1,0.0,371,1
1,0.0,372,1
1,0.0,373,1
1,0.0,374,-1
1,0.0,375,1
1,0.0,376,-1
1,0.0,377,1
1,0.0,378,1
1,0.0,379,1
1,0.0,380,1
1,0.0,381,1
1,0.0,382,1
1,0.0,383,1
1,0.0,384,1
1,0.0,385,1
1,0.0,386,1
1,0.0,387,1
1,0.0,388,1
1,0.0,389,1
1,0.0,390,1
1,0.0,391,1
1,0.0,392,1
1,0.0,393,1
1,0.0,394,1
1,0.0,395,1
1,0.0,396,1
1,0.0,397,1
1,0.0,398,1
1,0.0,399,-1
1,0.0,400,1
1,0.0,401,1
1,0.0,402,1
1,0.0,403,1
1,0.0,404,1
1,0.0,405,1
1,0.0,406,1
1,0.0,407,1
1,0.0,408,1
1,0.0,409,1
1,0.0,410,1
1,0.0,411,1
1,0.0,412,1
1,0.0,413,1
1,0.0,414,1
1,0.0,415,1
1,0.0,416,1
1,0.0,417,1
1,0.0,418,1
1,0.0,419,1
1,0.0,420,1
1,0.0,421,1
1,0.0,422,1
1,0.0,423,1
1,0.0,424,1
1,0.0,425,1
1,0.0,426,1
1,0.0,427,1
1,0.0,428,1
1,0.0,429,-1
1,0.0,430,1
1,0.0,431,1
1,0.0,432,1
1,0.0,433,1
1,0.0,434,1
1,0.0,435,1
1,0.0,436,1
1,0.0,437,1
1,0.0,438,1
1,0.0,439,1
1,0.0,440,1
1,0.0,441,1
1,0.0,442,1
1,0.0,443,1
1,0.0,444,1
1,0.0,445,1
1,0.0,446,1
1,0.0,447,1
1,0.0,448,1
1,0.0,449,-1
1,0.0,450,1
1,0.0,451,1
1,0.0,452,1
1,0.0,453,1
1,0.0,454,1
1,0.0,455,1
1,0.0,456,1
1,0.0,457,1
1,0.0,458,1
1,0.0,459,1
1,0.0,460,1
1,0.0,461,1
1,0.0,462,1
1,0.0,463,1
1,0.0,464,1
1,0.0,465,1
1,0.0,466,1
1,0.0,467,1
1,0.0,468,1
1,0.0,469,-1
1,0.0,470,1
1,0.0,471,1
1,0.0,472,1
1,0.0,473,1
1,0.0,474,1
1,0.0,475,1
1,0.0,476,1
1,0.0,477,1
1,0.0,478,1
1,0.0,479,1
1,0.0,480,1
1,0.0,481,1
1,0.0,482,1
1,0.0,483,1
1,0.0,484,1
1,0.0,485,1
1,0.0,486,-1
1,0.0,487,1
1,0.0,488,1
1,0.0,489,1
1,0.0,490,1
1,0.0,491,1
1,0.0,492,1
1,0.0,493,1
1,0.0,494,1
1,0.0,495,1
1,0.0,496,1
1,0.0,497,1
1,0.0,498,1
1,0.0,499,1
1,0.0,500,1
1,0.0,501,1
1,0.0,502,1
1,0.0,503,1
1,0.0,504,1
1,0.0,505,1
1,0.0,506,1
1,0.0,507,1
1,0.0,508,1
1,0.0,509,1
1,0.0,510,1
1,0.0,511,1
1,0.0,512,1
1,0.0,513,-1
1,0.0,514,1
1,0.0,515,1
1,0.0,516,1
1,0.0,517,1
1,0.0,518,1
1,0.0,519,1
1,0.0,520,1
1,0.0,521,1
1,0.0,522,1
1,0.0,523,1
1,0.0,524,1
1,0.0,525,1
1,0.0,526,1
1,0.0,527,1
1,0.0,528,1
1,0.0,529,1
1,0.0,530,1
1,0.0,531,1
1,0.0,532,1
1,0.0,533,1
1,0.0,534,1
1,0.0,535,1
1,0.0,536,1
1,0.0,537,1
1,0.0,538,1
1,0.0,539,1
1,0.0,540,1
1,0.0,541,1
1,0.0,542,1
1,0.0,543,1
1,0.0,544,1
1,0.0,545,1
1,0.0,546,1
1,0.0,547,1
1,0.0,548,1
1,0.0,549,1
1,0.0,550,1
1,0.0,551,1
1,0.0,552,1
1,0.0,553,1
1,0.0,554,1
1,0.0,555,1
1,0.0,556,1
1,0.0,557,1
1,0.0,558,1
1,0.0,559,1
1,0.0,560,1
1,0.0,561,1
1,0.0,562,1
1,0.0,563,1
1,0.0,564,1
1,0.0,565,1
1,0.0,566,1
1,0.0,567,1
1,0.0,568,1
1,0.0,569,1
1,0.0,570,1
1,0.0,571,1
1,0.0,572,1
1,0.0,573,1
1,0.0,574,1
1,0.0,575,1
1,0.0,576,1
1,0.0,577,1
1,0.0,578,1
1,0.0,579,1
1,0.0,580,1
1,0.0,581,1
1,0.0,582,1
1,0.0,583,1
1,0.0,584,1
1,0.0,585,1
1,0.0,586,1
1,0.0,587,1
1,0.0,588,1
1,0.0,589,1
1,0.0,590,1
1,0.0,591,1
1,0.0,592,1
1,0.0,593,1
1,0.0,594,1
1,0.0,595,1
1,0.0,596,1
1,0.0,597,1
1,0.0,598,1
1,0.0,599,1
1,0.0,600,1
1,0.0,601,1
1,0.0,602,1
1,0.0,603,-1
1,0.0,604,1
1,0.0,605,1
1,0.0,606,1
1,0.0,607,1
1,0.0,608,1
1,0.0,609,1
1,0.0,610,1
1,0.0,611,1
1,0.0,612,1
1,0.0,613,1
1,0.0,614,1
1,0.0,615,1
1,0.0,616,1
1,0.0,617,1
1,0.0,618,1
1,0.0,619,1
1,0.0,620,1
1,0.0,621,1
1,0.0,622,1
1,0.0,623,1
1,0.0,624,1
1,0.0,625,1
1,0.0,626,1
1,0.0,627,1
1,0.0,628,1
1,0.0,629,1
1,0.0,630,1
1,0.0,631,1
1,0.0,632,1
1,0.0,633,1
1,0.0,634,1
1,0.0,635,1
1,0.0,636,1
1,0.0,637,1
1,0.0,638,1
1,0.0,639,1
1,0.0,640,1
1,0.0,641,1
1,0.0,642,1
1,0.0,643,1
1,0.0,644,1
1,0.0,645,1
1,0.0,646,1
1,0.0,647,1
1,0.0,648,1
1,0.0,649,1
1,0.0,650,1
1,0.0,651,1
1,0.0,652,1
1,0.0,653,1
1,0.0,654,1
1,0.0,655,1
1,0.0,656,1
1,0.0,657,1
1,0.0,658,1
1,0.0,659,1
1,0.0,660,1
1,0.0,661,1
1,0.0,662,1
1,0.0,663,1
1,0.0,664,1
1,0.0,665,1
1,0.0,666,1
1,0.0,667,1
1,0.0,668,1
1,0.0,669,1
1,0.0,670,1
1,0.0,671,1
1,0.0,672,1
1,0.0,673,1
1,0.0,674,1
1,0.0,675,1
1,0.0,676,1
1,0.0,677,1
1,0.0,678,1
1,0.0,679,1
1,0.0,680,1
1,0.0,681,1
1,0.0,682,1
1,0.0,683,1
1,0.0,684,1
1,0.0,685,1
1,0.0,686,1
1,0.0,687,1
1,0.0,688,1
1,0.0,689,1
1,0.0,690,1
1,0.0,691,1
1,0.0,692,1
1,0.0,693,1
1,0.0,694,1
1,0.0,695,1
1,0.0,696,1
1,0.0,697,1
1,0.0,698,1
1,0.0,699,1
1,0.0,700,1
1,0.0,701,1
1,0.0,702,1
1,0.0,703,1
1,0.0,704,1
1,0.0,705,1
1,0.0,706,1
1,0.0,707,1
1,0.0,708,1
1,0.0,709,1
1,0.0,710,1
1,0.0,711,1
1,0.0,712,1
1,0.0,713,1
1,0.0,714,1
1,0.0,715,1
1,0.0,716,1
1,0.0,717,1
1,0.0,718,1
1,0.0,719,1
1,0.0,720,1
1,0.0,721,1
1,0.0,722,1
1,0.0,723,1
1,0.0,724,1
1,0.0,725,1
1,0.0,726,1
1,0.0,727,1
1,0.0,728,1
1,0.0,729,1
1,0.0,730,1
1,0.0,731,1
1,0.0,732,1
1,0.0,733,1
1,0.0,734,1
1,0.0,735,1
1,0.0,736,1
1,0.0,737,1
1,0.0,738,1
1,0.0,739,1
1,0.0,740,1
1,0.0,741,1
1,0.0,742,1
1,0.0,743,1
1,0.0,744,1
1,0.0,745,1
1,0.0,746,1
1,0.0,747,1
1,0.0,748,1
1,0.0,749,1
1,0.0,750,1
1,0.0,751,1
1,0.0,752,1
1,0.0,753,1
1,0.0,754,1
1,0.0,755,1
1,0.0,756,1
1,0.0,757,1
1,0.0,758,1
1,0.0,759,1
1,0.0,760,1
1,0.0,761,1
1,0.0,762,1
1,0.0,763,1
1,0.0,764,1
1,0.0,765,1
1,0.0,766,1
1,0.0,767,1
1,0.0,768,1
1,0.0,769,1
1,0.0,770,1
1,0.0,771,1
1,0.0,772,1
1,0.0,773,1
1,0.0,774,1
1,0.0,775,1
1,0.0,776,1
1,0.0,777,1
1,0.0,778,1
1,0.0,779,1
1,0.0,780,1
1,0.0,781,1
1,0.0,782,1
1,0.0,783,1
1,0.0,784,1
1,0.0,785,1
1,0.0,786,1
1,0.0,787,1
1,0.0,788,1
1,0.0,789,1
1,0.0,790,1
1,0.0,791,1
1,0.0,792,1
1,0.0,793,1
1,0.0,794,1
1,0.0,795,1
1,0.0,796,1
1,0.0,797,1
1,0.0,798,1
1,0.0,799,1
1,0.0,800,1
1,0.0,801,1
1,0.0,802,1
1,0.0,803,1
1,0.0,804,1
1,0.0,805,1
1,0.0,806,1
1,0.0,807,1
1,0.0,808,1
1,0.0,809,1
1,0.0,810,1
1,0.0,811,1
1,0.0,812,1
1,0.0,813,1
1,0.0,814,1
1,0.0,815,1
1,0.0,816,1
1,0.0,817,1
1,0.0,818,1
1,0.0,819,1
1,0.0,820,1
1,0.0,821,1
1,0.0,822,1
1,0.0,823,1
1,0.0,824,1
1,0.0,825,1
1,0.0,826,1
1,0.0,827,1
1,0.0,828,1
1,0.0,829,1
1,0.0,830,1
1,0.0,831,1
1,0.0,832,1
1,0.0,833,1
1,0.0,834,1
1,0.0,835,1
1,0.0,836,1
1,0.0,837,1
1,0.0,838,1
1,0.0,839,1
1,0.0,840,1
1,0.0,841,1
1,0.0,842,1
1,0.0,843,1
1,0.0,844,1
1,0.0,845,1
1,0.0,846,1
1,0.0,847,1
1,0.0,848,1
1,0.0,849,1
1,0.0,850,1
1,0.0,851,1
1,0.0,852,1
1,0.0,853,1
1,0.0,854,1
1,0.0,855,1
1,0.0,856,1
1,0.0,857,1
1,0.0,858,1
1,0.0,859,1
1,0.0,860,1
1,0.0,861,1
1,0.0,862,1
1,0.0,863,1
1,0.0,864,1
1,0.0,865,1
1,0.0,866,1
1,0.0,867,1
1,0.0,868,1
1,0.0,869,1
1,0.0,870,1
1,0.0,871,1
1,0.0,872,1
1,0.0,873,1
1,0.0,874,1
1,0.0,875,1
1,0.0,876,1
1,0.0,877,1
1,0.0,878,1
1,0.0,879,1
1,0.0,880,1
1,0.0,881,1
1,0.0,882,1
1,0.0,883,1
1,0.0,884,1
1,0.0,885,1
1,0.0,886,1
1,0.0,887,1
1,0.0,888,1
1,0.0,889,1
1,0.0,890,1
1,0.0,891,1
1,0.0,892,1
1,0.0,893,1
1,0.0,894,1
1,0.0,895,1
1,0.0,896,1
1,0.0,897,1
1,0.0,898,1
1,0.0,899,1
1,0.0,900,1
1,0.0,901,1
1,0.0,902,1
1,0.0,903,1
1,0.0,904,1
1,0.0,905,1
1,0.0,906,1
1,0.0,907,1
1,0.0,908,1
1,0.0,909,1
1,0.0,910,1
1,0.0,911,1
1,0.0,912,1
1,0.0,913,1
1,0.0,914,1
1,0.0,915,1
1,0.0,916,1
1,0.0,917,1
1,0.0,918,1
1,0.0,919,1
1,0.0,920,1
1,0.0,921,1
1,0.0,922,1
1,0.0,923,1
1,0.0,924,1
1,0.0,925,1
1,0.0,926,1
1,0.0,927,1
1,0.0,928,1
1,0.0,929,1
1,0.0,930,1
1,0.0,931,1
1,0.0,932,1
1,0.0,933,1
1,0.0,934,1
1,0.0,935,1
1,0.0,936,1
1,0.0,937,1
1,0.0,938,1
1,0.0,939,1
1,0.0,940,1
1,0.0,941,1
1,0.0,942,1
1,0.0,943,1
1,0.0,944,1
1,0.0,945,1
1,0.0,946,1
1,0.0,947,1
1,0.0,948,1
1,0.0,949,1
1,0.0,950,1
1,0.0,951,1
1,0.0,952,1
1,0.0,953,1
1,0.0,954,1
1,0.0,955,1
1,0.0,956,1
1,0.0,957,1
1,0.0,958,1
1,0.0,959,1
1,0.0,960,1
1,0.0,961,1
1,0.0,962,1
1,0.0,963,1
1,0.0,964,1
1,0.0,965,1
1,0.0,966,1
1,0.0,967,1
1,0.0,968,1
1,0.0,969,1
1,0.0,970,1
1,0.0,971,1
1,0.0,972,1
1,0.0,973,1
1,0.0,974,1
1,0.0,975,1
1,0.0,976,1
1,0.0,977,1
1,0.0,978,1
1,0.0,979,1
1,0.0,980,1
1,0.0,981,1
1,0.0,982,1
1,0.0,983,1
1,0.0,984,1
1,0.0,985,1
1,0.0,986,1
1,0.0,987,1
1,0.0,988,1
1,0.0,989,1
1,0.0,990,1
1,0.0,991,1
1,0.0,992,1
1,0.0,993,1
1,0.0,994,1
1,0.0,995,1
1,0.0,996,1
1,0.0,997,1
1,0.0,998,1
1,0.0,999,1
1,0.0,1000,1
1,0.0,1001,1
1,0.0,1002,1
1,0.0,1003,1
1,0.0,1004,1
1,0.0,1005,1
1,0.0,1006,1
1,0.0,1007,1
1,0.0,1008,1
1,0.0,1009,1
1,0.0,1010,1
1,0.0,1011,1
1,0.0,1012,1
1,0.0,1013,1
1,0.0,1014,1
1,0.0,1015,1
1,0.0,1016,1
1,0.0,1017,1
1,0.0,1018,1
1,0.0,1019,1
1,0.0,1020,1
1,0.0,1021,1
1,0.0,1022,1
1,0.0,1023,1
1,0.0,1024,1
1,0.0,1025,1
1,0.0,1026,1
1,0.0,1027,1
1,0.0,1028,1
1,0.0,1029,1
1,0.0,1030,1
1,0.0,1031,1
1,0.0,1032,1
1,0.0,1033,1
1,0.0,1034,1
1,0.0,1035,1
1,0.0,1036,1
1,0.0,1037,1
1,0.0,1038,1
1,0.0,1039,1
1,0.0,1040,1
1,0.0,1041,1
1,0.0,1042,1
1,0.0,1043,1
1,0.0,1044,1
1,0.0,1045,1
1,0.0,1046,1
1,0.0,1047,1
1,0.0,1048,1
1,0.0,1049,1
1,0.0,1050,1
1,0.0,1051,1
1,0.0,1052,1
1,0.0,1053,1
1,0.0,1054,1
1,0.0,1055,1
1,0.0,1056,1
1,0.0,1057,1
1,0.0,1058,1
1,0.0,1059,1
1,0.0,1060,1
1,0.0,1061,1
1,0.0,1062,1
1,0.0,1063,1
1,0.0,1064,1
1,0.0,1065,1
1,0.0,1066,1
1,0.0,1067,1
1,0.0,1068,1
1,0.0,1069,1
1,0.0,1070,1
1,0.0,1071,1
1,0.0,1072,1
1,0.0,1073,1
1,0.0,1074,1
1,0.0,1075,1
1,0.0,1076,1
1,0.0,1077,1
1,0.0,1078,1
1,0.0,1079,1
1,0.0,1080,1
1,0.0,1081,1
1,0.0,1082,1
1,0.0,1083,1
1,0.0,1084,1
1,0.0,1085,1
1,0.0,1086,1
1,0.0,1087,1
1,0.0,1088,1
1,0.0,1089,1
1,0.0,1090,1
1,0.0,1091,1
1,0.0,1092,1
1,0.0,1093,1
1,0.0,1094,1
1,0.0,1095,1
1,0.0,1096,1
1,0.0,1097,1
1,0.0,1098,1
1,0.0,1099,1
1,0.0,1100,1
1,0.0,1101,1
1,0.0,1102,1
1,0.0,1103,1
1,0.0,1104,1
1,0.0,1105,1
1,0.0,1106,1
1,0.0,1107,1
1,0.0,1108,1
1,0.0,1109,1
1,0.0,1110,1
1,0.0,1111,1
1,0.0,1112,1
1,0.0,1113,1
1,0.0,1114,1
1,0.0,1115,1
1,0.0,1116,1
1,0.0,1117,1
1,0.0,1118,1
1,0.0,1119,1
1,0.0,1120,1
1,0.0,1121,1
1,0.0,1122,1
1,0.0,1123,1
1,0.0,1124,1
1,0.0,1125,1
1,0.0,1126,1
1,0.0,1127,1
1,0.0,1128,1
1,0.0,1129,1
1,0.0,1130,1
1,0.0,1131,1
1,0.0,1132,1
1,0.0,1133,1
1,0.0,1134,1
1,0.0,1135,1
1,0.0,1136,1
1,0.0,1137,1
1,0.0,1138,1
1,0.0,1139,1
1,0.0,1140,1
1,0.0,1141,1
1,0.0,1142,1
1,0.0,1143,1
1,0.0,1144,1
1,0.0,1145,1
1,0.0,1146,1
1,0.0,1147,1
1,0.0,1148,1
1,0.0,1149,1
1,0.0,1150,1
1,0.0,1151,1
1,0.0,1152,1
1,0.0,1153,1
1,0.0,1154,1
1,0.0,1155,1
1,0.0,1156,1
1,0.0,1157,1
1,0.0,1158,1
1,0.0,1159,1
1,0.0,1160,1
1,0.0,1161,1
1,0.0,1162,1
1,0.0,1163,1
1,0.0,1164,1
1,0.0,1165,1
1,0.0,1166,1
1,0.0,1167,1
1,0.0,1168,1
1,0.0,1169,1
1,0.0,1170,1
1,0.0,1171,1
1,0.0,1172,1
1,0.0,1173,1
1,0.0,1174,1
1,0.0,1175,1
1,0.0,1176,1
1,0.0,1177,1
1,0.0,1178,1
1,0.0,1179,1
1,0.0,1180,1
1,0.0,1181,1
1,0.0,1182,1
1,0.0,1183,1
1,0.0,1184,1
1,0.0,1185,1
1,0.0,1186,1
1,0.0,1187,1
1,0.0,1188,1
1,0.0,1189,1
1,0.0,1190,1
1,0.0,1191,1
1,0.0,1192,1
1,0.0,1193,1
1,0.0,1194,1
1,0.0,1195,1
1,0.0,1196,1
1,0.0,1197,1
1,0.0,1198,1
1,0.0,1199,1
1,0.0,1200,1
1,0.0,1201,1
1,0.0,1202,1
1,0.0,1203,1
1,0.0,1204,1
1,0.0,1205,1
1,0.0,1206,1
1,0.0,1207,1
1,0.0,1208,1
1,0.0,1209,1
1,0.0,1210,1
1,0.0,1211,1
1,0.0,1212,1
1,0.0,1213,1
1,0.0,1214,1
1,0.0,1215,1
1,0.0,1216,1
1,0.0,1217,1
1,0.0,1218,1
1,0.0,1219,1
1,0.0,1220,1
1,0.0,1221,1
1,0.0,1222,1
1,0.0,1223,1
1,0.0,1224,1
1,0.0,1225,1
1,0.0,1226,1
1,0.0,1227,1
1,0.0,1228,1
1,0.0,1229,1
1,0.0,1230,1
1,0.0,1231,1
1,0.0,1232,1
1,0.0,1233,1
1,0.0,1234,1
1,0.0,1235,1
1,0.0,1236,1
1,0.0,1237,1
1,0.0,1238,1
1,0.0,1239,1
1,0.0,1240,1
1,0.0,1241,1
1,0.0,1242,1
1,0.0,1243,1
1,0.0,1244,1
1,0.0,1245,1
1,0.0,1246,1
1,0.0,1247,1
1,0.0,1248,1
1,0.0,1249,1
1,0.0,1250,1
1,0.0,1251,1
1,0.0,1252,1
1,0.0,1253,1
1,0.0,1254,1
1,0.0,1255,1
1,0.0,1256,1
1,0.0,1257,1
1,0.0,1258,1
1,0.0,1259,1
1,0.0,1260,1
1,0.0,1261,1
1,0.0,1262,1
1,0.0,1263,1
1,0.0,1264,1
1,0.0,1265,1
1,0.0,1266,1
1,0.0,1267,1
1,0.0,1268,1
1,0.0,1269,1
1,0.0,1270,1
1,0.0,1271,1
1,0.0,1272,1
1,0.0,1273,1
1,0.0,1274,1
1,0.0,1275,1
1,0.0,1276,1
1,0.0,1277,1
1,0.0,1278,1
1,0.0,1279,1
1,0.0,1280,1
1,0.0,1281,1
1,0.0,1282,1
1,0.0,1283,1
1,0.0,1284,1
1,0.0,1285,1
1,0.0,1286,1
1,0.0,1287,1
1,0.0,1288,1
1,0.0,1289,1
1,0.0,1290,1
1,0.0,1291,1
1,0.0,1292,1
1,0.0,1293,1
1,0.0,1294,1
1,0.0,1295,1
1,0.0,1296,1
1,0.0,1297,1
1,0.0,1298,1
1,0.0,1299,1
1,0.0,1300,1
1,0.0,1301,1
1,0.0,1302,1
1,0.0,1303,1
1,0.0,1304,1
1,0.0,1305,1
1,0.0,1306,1
1,0.0,1307,1
1,0.0,1308,1
1,0.0,1309,1
1,0.0,1310,1
1,0.0,1311,1
1,0.0,1312,1
1,0.0,1313,1
1,0.0,1314,1
1,0.0,1315,1
1,0.0,1316,1
1,0.0,1317,1
1,0.0,1318,1
1,0.0,1319,1
1,0.0,1320,1
1,0.0,1321,1
1,0.0,1322,1
1,0.0,1323,1
1,0.0,1324,1
1,0.0,1325,1
1,0.0,1326,1
1,0.0,1327,1
1,0.0,1328,1
1,0.0,1329,1
1,0.0,1330,1
1,0.0,1331,1
1,0.0,1332,1
1,0.0,1333,1
1,0.0,1334,1
1,0.0,1335,1
1,0.0,1336,1
1,0.0,1337,1
1,0.0,1338,1
1,0.0,1339,1
1,0.0,1340,1
1,0.0,1341,1
1,0.0,1342,1
1,0.0,1343,1
1,0.0,1344,1
1,0.0,1345,1
1,0.0,1346,1
1,0.0,1347,1
1,0.0,1348,1
1,0.0,1349,1
1,0.0,1350,1
1,0.0,1351,1
1,0.0,1352,1
1,0.0,1353,1
1,0.0,1354,1
1,0.0,1355,1
1,0.0,1356,1
1,0.0,1357,1
1,0.0,1358,1
1,0.0,1359,1
1,0.0,1360,1
1,0.0,1361,1
1,0.0,1362,1
1,0.0,1363,1
1,0.0,1364,1
1,0.0,1365,1
1,0.0,1366,1
1,0.0,1367,1
1,0.0,1368,1
1,0.0,1369,1
1,0.0,1370,1
1,0.0,1371,1
1,0.0,1372,1
1,0.0,1373,1
1,0.0,1374,1
1,0.0,1375,1
1,0.0,1376,1
1,0.0,1377,1
1,0.0,1378,1
1,0.0,1379,1
1,0.0,1380,1
1,0.0,1381,1
1,0.0,1382,1
1,0.0,1383,1
1,0.0,1384,1
1,0.0,1385,1
1,0.0,1386,1
1,0.0,1387,1
1,0.0,1388,1
1,0.0,1389,1
1,0.0,1390,1
1,0.0,1391,1
1,0.0,1392,1
1,0.0,1393,1
1,0.0,1394,1
1,0.0,1395,1
1,0.0,1396,1
1,0.0,1397,1
1,0.0,1398,1
1,0.0,1399,1
1,0.0,1400,1
1,0.0,1401,1
1,0.0,1402,1
1,0.0,1403,1
1,0.0,1404,1
1,0.0,1405,1
1,0.0,1406,1
1,0.0,1407,1
1,0.0,1408,1
1,0.0,1409,1
1,0.0,1410,1
1,0.0,1411,1
1,0.0,1412,1
1,0.0,1413,1
1,0.0,1414,1
1,0.0,1415,1
1,0.0,1416,1
1,0.0,1417,1
1,0.0,1418,1
1,0.0,1419,1
1,0.0,1420,1
1,0.0,1421,1
1,0.0,1422,1
1,0.0,1423,1
1,0.0,1424,1
1,0.0,1425,1
1,0.0,1426,1
1,0.0,1427,1
1,0.0,1428,1
1,0.0,1429,1
1,0.0,1430,1
1,0.0,1431,1
1,0.0,1432,1
1,0.0,1433,1
1,0.0,1434,1
1,0.0,1435,1
1,0.0,1436,1
1,0.0,1437,1
1,0.0,1438,1
1,0.0,1439,1
1,0.0,1440,1
1,0.0,1441,1
1,0.0,1442,1
1,0.0,1443,1
1,0.0,1444,1
1,0.0,1445,1
1,0.0,1446,1
1,0.0,1447,1
1,0.0,1448,1
1,0.0,1449,1
1,0.0,1450,1
1,0.0,1451,1
1,0.0,1452,1
1,0.0,1453,1
1,0.0,1454,1
1,0.0,1455,1
1,0.0,1456,1
1,0.0,1457,1
1,0.0,1458,1
1,0.0,1459,1
1,0.0,1460,1
1,0.0,1461,1
1,0.0,1462,1
1,0.0,1463,1
1,0.0,1464,1
1,0.0,1465,1
1,0.0,1466,1
1,0.0,1467,1
1,0.0,1468,1
1,0.0,1469,1
1,0.0,1470,1
1,0.0,1471,1
1,0.0,1472,1
1,0.0,1473,1
1,0.0,1474,1
1,0.0,1475,1
1,0.0,1476,1
1,0.0,1477,1
1,0.0,1478,1
1,0.0,1479,1
1,0.0,1480,1
1,0.0,1481,1
1,0.0,1482,1
1,0.0,1483,1
1,0.0,1484,1
1,0.0,1485,1
1,0.0,1486,1
1,0.0,1487,1
1,0.0,1488,1
1,0.0,1489,1
1,0.0,1490,1
1,0.0,1491,1
1,0.0,1492,1
1,0.0,1493,1
1,0.0,1494,1
1,0.0,1495,1
1,0.0,1496,1
1,0.0,1497,1
1,0.0,1498,1
1,0.0,1499,1
1,0.0,1500,1
1,0.0,1501,1
1,0.0,1502,1
1,0.0,1503,1
1,0.0,1504,1
1,0.0,1505,1
1,0.0,1506,1
1,0.0,1507,1
1,0.0,1508,1
1,0.0,1509,1
1,0.0,1510,1
1,0.0,1511,1
1,0.0,1512,1
1,0.0,1513,1
1,0.0,1514,1
1,0.0,1515,1
1,0.0,1516,1
1,0.0,1517,1
1,0.0,1518,1
1,0.0,1519,1
1,0.0,1520,1
1,0.0,1521,1
1,0.0,1522,1
1,0.0,1523,1
1,0.0,1524,1
1,0.0,1525,1
1,0.0,1526,1
1,0.0,1527,1
1,0.0,1528,1
1,0.0,1529,1
1,0.0,1530,1
1,0.0,1531,1
1,0.0,1532,1
1,0.0,1533,1
1,0.0,1534,1
1,0.0,1535,1
1,0.0,1536,1
1,0.0,1537,1
1,0.0,1538,1
1,0.0,1539,1
1,0.0,1540,1
1,0.0,1541,1
1,0.0,1542,1
1,0.0,1543,1
1,0.0,1544,1
1,0.0,1545,1
1,0.0,1546,1
1,0.0,1547,1
1,0.0,1548,1
1,0.0,1549,1
1,0.0,1550,1
1,0.0,1551,1
1,0.0,1552,1
1,0.0,1553,1
1,0.0,1554,1
1,0.0,1555,1
1,0.0,1556,1
1,0.0,1557,1
1,0.0,1558,1
1,0.0,1559,1
1,0.0,1560,1
1,0.0,1561,1
1,0.0,1562,1
1,0.0,1563,1
1,0.0,1564,1
1,0.0,1565,1
1,0.0,1566,1
1,0.0,1567,1
1,0.0,1568,1
1,0.0,1569,1
1,0.0,1570,1
1,0.0,1571,1
1,0.0,1572,1
1,0.0,1573,1
1,0.0,1574,1
1,0.0,1575,1
1,0.0,1576,1
1,0.0,1577,1
1,0.0,1578,1
1,0.0,1579,1
1,0.0,1580,1
1,0.0,1581,1
1,0.0,1582,1
1,0.0,1583,1
1,0.0,1584,1
1,0.0,1585,1
1,0.0,1586,1
1,0.0,1587,1
1,0.0,1588,1
1,0.0,1589,1
1,0.0,1590,1
1,0.0,1591,1
1,0.0,1592,1
1,0.0,1593,1
1,0.0,1594,1
1,0.0,1595,1
1,0.0,1596,1
1,0.0,1597,1
1,0.0,1598,1
1,0.0,1599,1
1,0.0,1600,1
1,0.0,1601,1
1,0.0,1602,1
1,0.0,1603,1
1,0.0,1604,1
1,0.0,1605,1
1,0.0,1606,1
1,0.0,1607,1
1,0.0,1608,1
1,0.0,1609,1
1,0.0,1610,1
1,0.0,1611,1
1,0.0,1612,1
1,0.0,1613,1
1,0.0,1614,1
1,0.0,1615,1
1,0.0,1616,1
1,0.0,1617,1
1,0.0,1618,1
1,0.0,1619,1
1,0.0,1620,1
1,0.0,1621,1
1,0.0,1622,1
1,0.0,1623,1
1,0.0,1624,1
1,0.0,1625,1
1,0.0,1626,1
1,0.0,1627,1
1,0.0,1628,1
1,0.0,1629,1
1,0.0,1630,1
1,0.0,1631,1
1,0.0,1632,1
1,0.0,1633,1
1,0.0,1634,1
1,0.0,1635,1
1,0.0,1636,1
1,0.0,1637,1
1,0.0,1638,1
1,0.0,1639,1
1,0.0,1640,1
1,0.0,1641,1
1,0.0,1642,1
1,0.0,1643,1
1,0.0,1644,1
1,0.0,1645,1
1,0.0,1646,1
1,0.0,1647,1
1,0.0,1648,1
1,0.0,1649,1
1,0.0,1650,1
1,0.0,1651,1
1,0.0,1652,1
1,0.0,1653,1
1,0.0,1654,1
1,0.0,1655,1
1,0.0,1656,1
1,0.0,1657,1
1,0.0,1658,1
1,0.0,1659,1
1,0.0,1660,1
1,0.0,1661,1
1,0.0,1662,1
1,0.0,1663,1
1,0.0,1664,1
1,0.0,1665,1
1,0.0,1666,1
1,0.0,1667,1
1,0.0,1668,1
1,0.0,1669,1
1,0.0,1670,1
1,0.0,1671,1
1,0.0,1672,1
1,0.0,1673,1
1,0.0,1674,1
1,0.0,1675,1
1,0.0,1676,1
1,0.0,1677,1
1,0.0,1678,1
1,0.0,1679,1
1,0.0,1680,1
1,0.0,1681,1
1,0.0,1682,1
1,0.0,1683,1
1,0.0,1684,1
1,0.0,1685,1
1,0.0,1686,1
1,0.0,1687,1
1,0.0,1688,1
1,0.0,1689,1
1,0.0,1690,1
1,0.0,1691,1
1,0.0,1692,1
1,0.0,1693,1
1,0.0,1694,1
1,0.0,1695,1
1,0.0,1696,1
1,0.0,1697,1
1,0.0,1698,1
1,0.0,1699,1
1,0.0,1700,1
1,0.0,1701,1
1,0.0,1702,1
1,0.0,1703,1
1,0.0,1704,1
1,0.0,1705,1
1,0.0,1706,1
1,0.0,1707,1
1,0.0,1708,1
1,0.0,1709,1
1,0.0,1710,1
1,0.0,1711,1
1,0.0,1712,1
1,0.0,1713,1
1,0.0,1714,1
1,0.0,1715,1
1,0.0,1716,1
1,0.0,1717,1
1,0.0,1718,1
1,0.0,1719,1
1,0.0,1720,1
1,0.0,1721,1
1,0.0,1722,1
1,0.0,1723,1
1,0.0,1724,1
1,0.0,1725,1
1,0.0,1726,1
1,0.0,1727,1
1,0.0,1728,1
1,0.0,1729,1
1,0.0,1730,1
1,0.0,1731,1
1,0.0,1732,1
1,0.0,1733,1
1,0.0,1734,1
1,0.0,1735,1
1,0.0,1736,1
1,0.0,1737,1
1,0.0,1738,1
1,0.0,1739,1
1,0.0,1740,1
1,0.0,1741,1
1,0.0,1742,1
1,0.0,1743,1
1,0.0,1744,1
1,0.0,1745,1
1,0.0,1746,1
1,0.0,1747,1
1,0.0,1748,1
1,0.0,1749,1
1,0.0,1750,1
1,0.0,1751,1
1,0.0,1752,1
1,0.0,1753,1
1,0.0,1754,1
1,0.0,1755,1
1,0.0,1756,1
1,0.0,1757,1
1,0.0,1758,1
1,0.0,1759,1
1,0.0,1760,1
1,0.0,1761,1
1,0.0,1762,1
1,0.0,1763,1
1,0.0,1764,1
1,0.0,1765,1
1,0.0,1766,1
1,0.0,1767,1
1,0.0,1768,1
1,0.0,1769,1
1,0.0,1770,1
1,0.0,1771,1
1,0.0,1772,1
1,0.0,1773,1
1,0.0,1774,1
1,0.0,1775,1
1,0.0,1776,1
1,0.0,1777,1
1,0.0,1778,1
1,0.0,1779,1
1,0.0,1780,1
1,0.0,1781,1
1,0.0,1782,1
1,0.0,1783,1
1,0.0,1784,1
1,0.0,1785,1
1,0.0,1786,1
1,0.0,1787,1
1,0.0,1788,1
1,0.0,1789,1
1,0.0,1790,1
1,0.0,1791,1
1,0.0,1792,1
1,0.0,1793,1
1,0.0,1794,1
1,0.0,1795,1
1,0.0,1796,1
1,0.0,1797,1
1,0.0,1798,1
1,0.0,1799,1
1,0.0,1800,1
1,0.0,1801,1
1,0.0,1802,1
1,0.0,1803,1
1,0.0,1804,1
1,0.0,1805,1
1,0.0,1806,1
1,0.0,1807,1
1,0.0,1808,1
1,0.0,1809,1
1,0.0,1810,1
1,0.0,1811,1
1,0.0,1812,1
1,0.0,1813,1
1,0.0,1814,1
1,0.0,1815,1
1,0.0,1816,1
1,0.0,1817,1
1,0.0,1818,1
1,0.0,1819,1
1,0.0,1820,1
1,0.0,1821,1
1,0.0,1822,1
1,0.0,1823,1
1,0.0,1824,1
1,0.0,1825,1
1,0.0,1826,1
1,0.0,1827,1
1,0.0,1828,1
1,0.0,1829,1
1,0.0,1830,1
1,0.0,1831,1
1,0.0,1832,1
1,0.0,1833,1
1,0.0,1834,1
1,0.0,1835,1
1,0.0,1836,1
1,0.0,1837,1
1,0.0,1838,1
1,0.0,1839,1
1,0.0,1840,1
1,0.0,1841,1
1,0.0,1842,1
1,0.0,1843,1
1,0.0,1844,1
1,0.0,1845,1
1,0.0,1846,1
1,0.0,1847,1
1,0.0,1848,1
1,0.0,1849,1
1,0.0,1850,1
1,0.0,1851,1
1,0.0,1852,1
1,0.0,1853,1
1,0.0,1854,1
1,0.0,1855,1
1,0.0,1856,1
1,0.0,1857,1
1,0.0,1858,1
1,0.0,1859,1
1,0.0,1860,1
1,0.0,1861,1
1,0.0,1862,1
1,0.0,1863,1
1,0.0,1864,1
1,0.0,1865,1
1,0.0,1866,1
1,0.0,1867,1
1,0.0,1868,1
1,0.0,1869,1
1,0.0,1870,1
1,0.0,1871,1
1,0.0,1872,1
1,0.0,1873,1
1,0.0,1874,1
1,0.0,1875,1
1,0.0,1876,1
1,0.0,1877,1
1,0.0,1878,1
1,0.0,1879,1
1,0.0,1880,1
1,0.0,1881,1
1,0.0,1882,1
1,0.0,1883,1
1,0.0,1884,1
1,0.0,1885,1
1,0.0,1886,1
1,0.0,1887,1
1,0.0,1888,1
1,0.0,1889,1
1,0.0,1890,1
1,0.0,1891,1
1,0.0,1892,1
1,0.0,1893,1
1,0.0,1894,1
1,0.0,1895,1
1,0.0,1896,1
1,0.0,1897,1
1,0.0,1898,1
1,0.0,1899,1
1,0.0,1900,1
1,0.0,1901,1
1,0.0,1902,1
1,0.0,1903,1
1,0.0,1904,1
1,0.0,1905,1
1,0.0,1906,1
1,0.0,1907,1
1,0.0,1908,1
1,0.0,1909,1
1,0.0,1910,1
1,0.0,1911,1
1,0.0,1912,1
1,0.0,1913,1
1,0.0,1914,1
1,0.0,1915,1
1,0.0,1916,1
1,0.0,1917,1
1,0.0,1918,1
1,0.0,1919,1
1,0.0,1920,1
1,0.0,1921,1
1,0.0,1922,1
1,0.0,1923,1
1,0.0,1924,1
1,0.0,1925,1
1,0.0,1926,1
1,0.0,1927,1
1,0.0,1928,1
1,0.0,1929,1
1,0.0,1930,1
1,0.0,1931,1
1,0.0,1932,1
1,0.0,1933,1
1,0.0,1934,1
1,0.0,1935,1
1,0.0,1936,1
1,0.0,1937,1
1,0.0,1938,1
1,0.0,1939,1
1,0.0,1940,1
1,0.0,1941,1
1,0.0,1942,1
1,0.0,1943,1
1,0.0,1944,1
1,0.0,1945,1
1,0.0,1946,1
1,0.0,1947,1
1,0.0,1948,1
1,0.0,1949,1
1,0.0,1950,1
1,0.0,1951,1
1,0.0,1952,1
1,0.0,1953,1
1,0.0,1954,1
1,0.0,1955,1
1,0.0,1956,1
1,0.0,1957,1
1,0.0,1958,1
1,0.0,1959,1
1,0.0,1960,1
1,0.0,1961,1
1,0.0,1962,1
1,0.0,1963,1
1,0.0,1964,1
1,0.0,1965,1
1,0.0,1966,1
1,0.0,1967,1
1,0.0,1968,1
1,0.0,1969,1
1,0.0,1970,1
1,0.0,1971,1
1,0.0,1972,1
1,0.0,1973,1
1,0.0,1974,1
1,0.0,1975,1
1,0.0,1976,1
1,0.0,1977,1
1,0.0,1978,1
1,0.0,1979,1
1,0.0,1980,1
1,0.0,1981,1
1,0.0,1982,1
1,0.0,1983,1
1,0.0,1984,1
1,0.0,1985,1
1,0.0,1986,1
1,0.0,1987,1
1,0.0,1988,1
1,0.0,1989,1
1,0.0,1990,1
1,0.0,1991,1
1,0.0,1992,1
1,0.0,1993,1
1,0.0,1994,1
1,0.0,1995,1
1,0.0,1996,1
1,0.0,1997,1
1,0.0,1998,1
1,0.0,1999,1
1,0.0,2000,1
1,0.0,2001,1
1,0.0,2002,1
1,0.0,2003,1
1,0.0,2004,1
1,0.0,2005,1
1,0.0,2006,1
1,0.0,2007,1
1,0.0,2008,1
1,0.0,2009,1
1,0.0,2010,1
1,0.0,2011,1
1,0.0,2012,1
1,0.0,2013,1
1,0.0,2014,1
1,0.0,2015,1
1,0.0,2016,1
1,0.0,2017,1
1,0.0,2018,1
1,0.0,2019,1
1,0.0,2020,1
1,0.0,2021,1
1,0.0,2022,1
1,0.0,2023,1
1,0.0,2024,1
1,0.0,2025,1
1,0.0,2026,1
1,0.0,2027,1
1,0.0,2028,1
1,0.0,2029,1
1,0.0,2030,1
1,0.0,2031,1
1,0.0,2032,1
1,0.0,2033,1
1,0.0,2034,1
1,0.0,2035,1
1,0.0,2036,1
1,0.0,2037,1
1,0.0,2038,1
1,0.0,2039,1
1,0.0,2040,1
1,0.0,2041,1
1,0.0,2042,1
1,0.0,2043,1
1,0.0,2044,1
1,0.0,2045,1
1,0.0,2046,1
1,0.0,2047,1
1,0.0,2048,1
1,0.0,2049,1
1,0.0,2050,1
1,0.0,2051,1
1,0.0,2052,1
1,0.0,2053,1
1,0.0,2054,1
1,0.0,2055,1
1,0.0,2056,1
1,0.0,2057,1
1,0.0,2058,1
1,0.0,2059,1
1,0.0,2060,1
1,0.0,2061,1
1,0.0,2062,1
1,0.0,2063,1
1,0.0,2064,1
1,0.0,2065,1
1,0.0,2066,1
1,0.0,2067,1
1,0.0,2068,1
1,0.0,2069,1
1,0.0,2070,1
1,0.0,2071,1
1,0.0,2072,1
1,0.0,2073,1
1,0.0,2074,1
1,0.0,2075,1
1,0.0,2076,1
1,0.0,2077,1
1,0.0,2078,1
1,0.0,2079,1
1,0.0,2080,1
1,0.0,2081,1
1,0.0,2082,1
1,0.0,2083,1
1,0.0,2084,1
1,0.0,2085,1
1,0.0,2086,1
1,0.0,2087,1
1,0.0,2088,1
1,0.0,2089,1
1,0.0,2090,1
1,0.0,2091,1
1,0.0,2092,1
1,0.0,2093,1
1,0.0,2094,1
1,0.0,2095,1
1,0.0,2096,1
1,0.0,2097,1
1,0.0,2098,1
1,0.0,2099,1
1,0.0,2100,1
1,0.0,2101,1
1,0.0,2102,1
1,0.0,2103,1
1,0.0,2104,1
1,0.0,2105,1
1,0.0,2106,1
1,0.0,2107,1
1,0.0,2108,1
1,0.0,2109,1
1,0.0,2110,1
1,0.0,2111,1
1,0.0,2112,1
1,0.0,2113,1
1,0.0,2114,1
1,0.0,2115,1
1,0.0,2116,1
1,0.0,2117,1
1,0.0,2118,1
1,0.0,2119,1
1,0.0,2120,1
1,0.0,2121,1
1,0.0,2122,1
1,0.0,2123,1
1,0.0,2124,1
1,0.0,2125,1
1,0.0,2126,1
1,0.0,2127,1
1,0.0,2128,1
1,0.0,2129,1
1,0.0,2130,1
1,0.0,2131,1
1,0.0,2132,1
1,0.0,2133,1
1,0.0,2134,1
1,0.0,2135,1
1,0.0,2136,1
1,0.0,2137,1
1,0.0,2138,1
1,0.0,2139,1
1,0.0,2140,1
1,0.0,2141,1
1,0.0,2142,1
1,0.0,2143,1
1,0.0,2144,1
1,0.0,2145,1
1,0.0,2146,1
1,0.0,2147,1
1,0.0,2148,1
1,0.0,2149,1
1,0.0,2150,1
1,0.0,2151,1
1,0.0,2152,1
1,0.0,2153,1
1,0.0,2154,1
1,0.0,2155,1
1,0.0,2156,1
1,0.0,2157,1
1,0.0,2158,1
1,0.0,2159,1
1,0.0,2160,1
1,0.0,2161,1
1,0.0,2162,1
1,0.0,2163,1
1,0.0,2164,1
1,0.0,2165,1
1,0.0,2166,1
1,0.0,2167,1
1,0.0,2168,1
1,0.0,2169,1
1,0.0,2170,1
1,0.0,2171,1
1,0.0,2172,1
1,0.0,2173,1
1,0.0,2174,1
1,0.0,2175,1
1,0.0,2176,1
1,0.0,2177,1
1,0.0,2178,1
1,0.0,2179,1
1,0.0,2180,1
1,0.0,2181,1
1,0.0,2182,1
1,0.0,2183,1
1,0.0,2184,1
1,0.0,2185,1
1,0.0,2186,1
1,0.0,2187,1
1,0.0,2188,1
1,0.0,2189,1
1,0.0,2190,1
1,0.0,2191,1
1,0.0,2192,1
1,0.0,2193,1
1,0.0,2194,1
1,0.0,2195,1
1,0.0,2196,1
1,0.0,2197,1
1,0.0,2198,1
1,0.0,2199,1
1,0.0,2200,1
1,0.0,2201,1
1,0.0,2202,1
1,0.0,2203,1
1,0.0,2204,1
1,0.0,2205,1
1,0.0,2206,1
1,0.0,2207,1
1,0.0,2208,1
1,0.0,2209,1
1,0.0,2210,1
1,0.0,2211,1
1,0.0,2212,1
1,0.0,2213,1
1,0.0,2214,1
1,0.0,2215,1
1,0.0,2216,1
1,0.0,2217,1
1,0.0,2218,1
1,0.0,2219,1
1,0.0,2220,1
1,0.0,2221,1
1,0.0,2222,1
1,0.0,2223,1
1,0.0,2224,1
1,0.0,2225,1
1,0.0,2226,1
1,0.0,2227,1
1,0.0,2228,1
1,0.0,2229,1
1,0.0,2230,1
1,0.0,2231,1
1,0.0,2232,1
1,0.0,2233,1
1,0.0,2234,1
1,0.0,2235,1
1,0.0,2236,1
1,0.0,2237,1
1,0.0,2238,1
1,0.0,2239,1
1,0.0,2240,1
1,0.0,2241,1
1,0.0,2242,1
1,0.0,2243,1
1,0.0,2244,1
1,0.0,2245,1
1,0.0,2246,1
1,0.0,2247,1
1,0.0,2248,1
1,0.0,2249,1
1,0.0,2250,1
1,0.0,2251,1
1,0.0,2252,1
1,0.0,2253,1
1,0.0,2254,1
1,0.0,2255,1
1,0.0,2256,1
1,0.0,2257,1
1,0.0,2258,1
1,0.0,2259,1
1,0.0,2260,1
1,0.0,2261,1
1,0.0,2262,1
1,0.0,2263,1
1,0.0,2264,1
1,0.0,2265,1
1,0.0,2266,1
1,0.0,2267,1
1,0.0,2268,1
1,0.0,2269,1
1,0.0,2270,1
1,0.0,2271,1
1,0.0,2272,1
1,0.0,2273,1
1,0.0,2274,1
1,0.0,2275,1
1,0.0,2276,1
1,0.0,2277,1
1,0.0,2278,1
1,0.0,2279,1
1,0.0,2280,1
1,0.0,2281,1
1,0.0,2282,1
1,0.0,2283,1
1,0.0,2284,1
1,0.0,2285,1
1,0.0,2286,1
1,0.0,2287,1
1,0.0,2288,1
1,0.0,2289,1
1,0.0,2290,1
1,0.0,2291,1
1,0.0,2292,1
1,0.0,2293,1
1,0.0,2294,1
1,0.0,2295,1
1,0.0,2296,1
1,0.0,2297,1
1,0.0,2298,1
1,0.0,2299,1
1,0.0,2300,1
1,0.0,2301,1
1,0.0,2302,1
1,0.0,2303,1
1,0.0,2304,1
1,0.0,2305,1
1,0.0,2306,1
1,0.0,2307,1
1,0.0,2308,1
1,0.0,2309,1
1,0.0,2310,1
1,0.0,2311,1
1,0.0,2312,1
1,0.0,2313,1
1,0.0,2314,1
1,0.0,2315,1
1,0.0,2316,1
1,0.0,2317,1
1,0.0,2318,1
1,0.0,2319,1
1,0.0,2320,1
1,0.0,2321,1
1,0.0,2322,1
1,0.0,2323,1
1,0.0,2324,1
1,0.0,2325,1
1,0.0,2326,1
1,0.0,2327,1
1,0.0,2328,1
1,0.0,2329,1
1,0.0,2330,1
1,0.0,2331,1
1,0.0,2332,1
1,0.0,2333,1
1,0.0,2334,1
1,0.0,2335,1
1,0.0,2336,1
1,0.0,2337,1
1,0.0,2338,1
1,0.0,2339,1
1,0.0,2340,1
1,0.0,2341,1
1,0.0,2342,1
1,0.0,2343,1
1,0.0,2344,1
1,0.0,2345,1
1,0.0,2346,1
1,0.0,2347,1
1,0.0,2348,1
1,0.0,2349,1
1,0.0,2350,1
1,0.0,2351,1
1,0.0,2352,1
1,0.0,2353,1
1,0.0,2354,1
1,0.0,2355,1
1,0.0,2356,1
1,0.0,2357,1
1,0.0,2358,1
1,0.0,2359,1
1,0.0,2360,1
1,0.0,2361,1
1,0.0,2362,1
1,0.0,2363,1
1,0.0,2364,1
1,0.0,2365,1
1,0.0,2366,1
1,0.0,2367,1
1,0.0,2368,1
1,0.0,2369,1
1,0.0,2370,1
1,0.0,2371,1
1,0.0,2372,1
1,0.0,2373,1
1,0.0,2374,1
1,0.0,2375,1
1,0.0,2376,1
1,0.0,2377,1
1,0.0,2378,1
1,0.0,2379,1
1,0.0,2380,1
1,0.0,2381,1
1,0.0,2382,1
1,0.0,2383,1
1,0.0,2384,1
1,0.0,2385,1
1,0.0,2386,1
1,0.0,2387,1
1,0.0,2388,1
1,0.0,2389,1
1,0.0,2390,1
1,0.0,2391,1
1,0.0,2392,1
1,0.0,2393,1
1,0.0,2394,1
1,0.0,2395,1
1,0.0,2396,1
1,0.0,2397,1
1,0.0,2398,1
1,0.0,2399,1
1,0.0,2400,1
1,0.0,2401,1
1,0.0,2402,1
1,0.0,2403,1
1,0.0,2404,1
1,0.0,2405,1
1,0.0,2406,1
1,0.0,2407,1
1,0.0,2408,1
1,0.0,2409,1
1,0.0,2410,1
1,0.0,2411,1
1,0.0,2412,1
1,0.0,2413,1
1,0.0,2414,1
1,0.0,2415,1
1,0.0,2416,1
1,0.0,2417,1
1,0.0,2418,1
1,0.0,2419,1
1,0.0,2420,1
1,0.0,2421,1
1,0.0,2422,1
1,0.0,2423,1
1,0.0,2424,1
1,0.0,2425,1
1,0.0,2426,1
1,0.0,2427,1
1,0.0,2428,1
1,0.0,2429,1
1,0.0,2430,1
1,0.0,2431,1
1,0.0,2432,1
1,0.0,2433,1
1,0.0,2434,1
1,0.0,2435,1
1,0.0,2436,1
1,0.0,2437,1
1,0.0,2438,1
1,0.0,2439,1
1,0.0,2440,1
1,0.0,2441,1
1,0.0,2442,1
1,0.0,2443,1
1,0.0,2444,1
1,0.0,2445,1
1,0.0,2446,1
1,0.0,2447,1
1,0.0,2448,1
1,0.0,2449,1
1,0.0,2450,1
1,0.0,2451,1
1,0.0,2452,1
1,0.0,2453,1
1,0.0,2454,1
1,0.0,2455,1
1,0.0,2456,1
1,0.0,2457,1
1,0.0,2458,1
1,0.0,2459,1
1,0.0,2460,1
1,0.0,2461,1
1,0.0,2462,1
1,0.0,2463,1
1,0.0,2464,1
1,0.0,2465,1
1,0.0,2466,1
1,0.0,2467,1
1,0.0,2468,1
1,0.0,2469,1
1,0.0,2470,1
1,0.0,2471,1
1,0.0,2472,1
1,0.0,2473,1
1,0.0,2474,1
1,0.0,2475,1
1,0.0,2476,1
1,0.0,2477,1
1,0.0,2478,1
1,0.0,2479,1
1,0.0,2480,1
1,0.0,2481,1
1,0.0,2482,1
1,0.0,2483,1
1,0.0,2484,1
1,0.0,2485,1
1,0.0,2486,1
1,0.0,2487,1
1,0.0,2488,1
1,0.0,2489,1
1,0.0,2490,1
1,0.0,2491,1
1,0.0,2492,1
1,0.0,2493,1
1,0.0,2494,1
1,0.0,2495,1
1,0.0,2496,1
1,0.0,2497,1
1,0.0,2498,1
1,0.0,2499,1
1,0.0,2500,1
1,0.2,1,1
1,0.2,2,-1
1,0.2,3,-1
1,0.2,4,-1
1,0.2,5,1
1,0.2,6,1
1,0.2,7,-1
1,0.2,8,1
1,0.2,9,-1
1,0.2,10,-1
1,0.2,11,1
1,0.2,12,1
1,0.2,13,1
1,0.2,14,1
1,0.2,15,-1
1,0.2,16,-1
1,0.2,17,1
1,0.2,18,1
1,0.2,19,-1
1,0.2,20,1
1,0.2,21,-1
1,0.2,22,1
1,0.2,23,1
1,0.2,24,-1
1,0.2,25,1
1,0.2,26,-1
1,0.2,27,-1
1,0.2,28,-1
1,0.2,29,1
1,0.2,30,-1
1,0.2,31,1
1,0.2,32,1
1,0.2,33,1
1,0.2,34,-1
1,0.2,35,1
1,0.2,36,1
1,0.2,37,1
1,0.2,38,1
1,0.2,39,1
1,0.2,40,-1
1,0.2,41,1
1,0.2,42,1
1,0.2,43,-1
1,0.2,44,-1
1,0.2,45,-1
1,0.2,46,-1
1,0.2,47,1
1,0.2,48,-1
1,0.2,49,1
1,0.2,50,-1
1,0.2,51,-1
1,0.2,52,1
1,0.2,53,1
1,0.2,54,-1
1,0.2,55,1
1,0.2,56,-1
1,0.2,57,1
1,0.2,58,-1
1,0.2,59,-1
1,0.2,60,1
1,0.2,61,1
1,0.2,62,1
1,0.2,63,1
1,0.2,64,-1
1,0.2,65,1
1,0.2,66,1
1,0.2,67,-1
1,0.2,68,1
1,0.2,69,-1
1,0.2,70,-1
1,0.2,71,1
1,0.2,72,1
1,0.2,73,1
1,0.2,74,1
1,0.2,75,1
1,0.2,76,-1
1,0.2,77,1
1,0.2,78,1
1,0.2,79,-1
1,0.2,80,-1
1,0.2,81,-1
1,0.2,82,1
1,0.2,83,-1
1,0.2,84,1
1,0.2,85,1
1,0.2,86,-1
1,0.2,87,-1
1,0.2,88,-1
1,0.2,89,-1
1,0.2,90,1
1,0.2,91,-1
1,0.2,92,-1
1,0.2,93,-1
1,0.2,94,1
1,0.2,95,1
1,0.2,96,1
1,0.2,97,1
1,0.2,98,1
1,0.2,99,-1
1,0.2,100,1
1,0.2,101,-1
1,0.2,102,1
1,0.2,103,1
1,0.2,104,1
1,0.2,105,1
1,0.2,106,1
1,0.2,107,1
1,0.2,108,-1
1,0.2,109,-1
1,0.2,110,1
1,0.2,111,1
1,0.2,112,-1
1,0.2,113,1
1,0.2,114,-1
1,0.2,115,1
1,0.2,116,1
1,0.2,117,-1
1,0.2,118,1
1,0.2,119,-1
1,0.2,120,-1
1,0.2,121,1
1,0.2,122,-1
1,0.2,123,1
1,0.2,124,-1
1,0.2,125,1
1,0.2,126,-1
1,0.2,127,-1
1,0.2,128,-1
1,0.2,129,1
1,0.2,130,-1
1,0.2,131,-1
1,0.2,132,1
1,0.2,133,-1
1,0.2,134,-1
1,0.2,135,1
1,0.2,136,1
1,0.2,137,-1
1,0.2,138,-1
1,0.2,139,1
1,0.2,140,-1
1,0.2,141,1
1,0.2,142,-1
1,0.2,143,1
1,0.2,144,-1
1,0.2,145,1
1,0.2,146,1
1,0.2,147,-1
1,0.2,148,-1
1,0.2,149,1
1,0.2,150,1
1,0.2,151,1
1,0.2,152,1
1,0.2,153,1
1,0.2,154,-1
1,0.2,155,-1
1,0.2,156,1
1,0.2,157,1
1,0.2,158,1
1,0.2,159,1
1,0.2,160,1
1,0.2,161,1
1,0.2,162,-1
1,0.2,163,1
1,0.2,164,1
1,0.2,165,1
1,0.2,166,1
1,0.2,167,1
1,0.2,168,1
1,0.2,169,-1
1,0.2,170,-1
1,0.2,171,1
1,0.2,172,1
1,0.2,173,1
1,0.2,174,-1
1,0.2,175,-1
1,0.2,176,1
1,0.2,177,1
1,0.2,178,1
1,0.2,179,1
1,0.2,180,1
1,0.2,181,1
1,0.2,182,1
1,0.2,183,1
1,0.2,184,1
1,0.2,185,1
1,0.2,186,1
1,0.2,187,1
1,0.2,188,1
1,0.2,189,1
1,0.2,190,1
1,0.2,191,1
1,0.2,192,-1
1,0.2,193,1
1,0.2,194,1
1,0.2,195,-1
1,0.2,196,-1
1,0.2,197,1
1,0.2,198,1
1,0.2,199,1
1,0.2,200,-1
1,0.2,201,1
1,0.2,202,-1
1,0.2,203,1
1,0.2,204,1
1,0.2,205,-1
1,0.2,206,1
1,0.2,207,1
1,0.2,208,1
1,0.2,209,-1
1,0.2,210,1
1,0.2,211,1
1,0.2,212,-1
1,0.2,213,1
1,0.2,214,-1
1,0.2,215,1
1,0.2,216,1
1,0.2,217,1
1,0.2,218,1
1,0.2,219,1
1,0.2,220,1
1,0.2,221,1
1,0.2,222,1
1,0.2,223,1
1,0.2,224,1
1,0.2,225,1
1,0.2,226,-1
1,0.2,227,-1
1,0.2,228,1
1,0.2,229,1
1,0.2,230,1
1,0.2,231,1
1,0.2,232,1
1,0.2,233,1
1,0.2,234,1
1,0.2,235,1
1,0.2,236,1
1,0.2,237,-1
1,0.2,238,-1
1,0.2,239,1
1,0.2,240,1
1,0.2,241,1
1,0.2,242,1
1,0.2,243,-1
1,0.2,244,1
1,0.2,245,1
1,0.2,246,1
1,0.2,247,1
1,0.2,248,1
1,0.2,249,1
1,0.2,250,1
1,0.2,251,1
1,0.2,252,1
1,0.2,253,1
1,0.2,254,1
1,0.2,255,1
1,0.2,256,-1
1,0.2,257,-1
1,0.2,258,1
1,0.2,259,1
1,0.2,260,1
1,0.2,261,-1
1,0.2,262,1
1,0.2,263,-1
1,0.2,264,-1
1,0.2,265,1
1,0.2,266,1
1,0.2,267,-1
1,0.2,268,1
1,0.2,269,1
1,0.2,270,1
1,0.2,271,-1
1,0.2,272,1
1,0.2,273,-1
1,0.2,274,1
1,0.2,275,1
1,0.2,276,1
1,0.2,277,1
1,0.2,278,1
1,0.2,279,-1
1,0.2,280,1
1,0.2,281,-1
1,0.2,282,1
1,0.2,283,1
1,0.2,284,1
1,0.2,285,1
1,0.2,286,-1
1,0.2,287,1
1,0.2,288,1
1,0.2,289,1
1,0.2,290,1
1,0.2,291,1
1,0.2,292,1
1,0.2,293,1
1,0.2,294,1
1,0.2,295,1
1,0.2,296,-1
1,0.2,297,1
1,0.2,298,1
1,0.2,299,-1
1,0.2,300,1
1,0.2,301,-1
1,0.2,302,1
1,0.2,303,1
1,0.2,304,1
1,0.2,305,1
1,0.2,306,-1
1,0.2,307,-1
1,0.2,308,1
1,0.2,309,1
1,0.2,310,1
1,0.2,311,1
1,0.2,312,1
1,0.2,313,1
1,0.2,314,-1
1,0.2,315,1
1,0.2,316,1
1,0.2,317,1
1,0.2,318,-1
1,0.2,319,1
1,0.2,320,1
1,0.2,321,1
1,0.2,322,1
1,0.2,323,1
1,0.2,324,1
1,0.2,325,1
1,0.2,326,1
1,0.2,327,1
1,0.2,328,1
1,0.2,329,1
1,0.2,330,1
1,0.2,331,1
1,0.2,332,1
1,0.2,333,-1
1,0.2,334,1
1,0.2,335,1
1,0.2,336,1
1,0.2,337,1
1,0.2,338,-1
1,0.2,339,1
1,0.2,340,1
1,0.2,341,1
1,0.2,342,1
1,0.2,343,1
1,0.2,344,1
1,0.2,345,1
1,0.2,346,1
1,0.2,347,1
1,0.2,348,1
1,0.2,349,1
1,0.2,350,1
1,0.2,351,1
1,0.2,352,1
1,0.2,353,1
1,0.2,354,1
1,0.2,355,1
1,0.2,356,1
1,0.2,357,-1
1,0.2,358,1
1,0.2,359,1
1,0.2,360,1
1,0.2,361,1
1,0.2,362,1
1,0.2,363,1
1,0.2,364,1
1,0.2,365,1
1,0.2,366,1
1,0.2,367,1
1,0.2,368,1
1,0.2,369,1
1,0.2,370,1
1,0.2,371,1
1,0.2,372,1
1,0.2,373,1
1,0.2,374,1
1,0.2,375,1
1,0.2,376,1
1,0.2,377,1
1,0.2,378,1
1,0.2,379,1
1,0.2,380,1
1,0.2,381,1
1,0.2,382,1
1,0.2,383,1
1,0.2,384,-1
1,0.2,385,1
1,0.2,386,1
1,0.2,387,-1
1,0.2,388,1
1,0.2,389,1
1,0.2,390,1
1,0.2,391,1
1,0.2,392,1
1,0.2,393,1
1,0.2,394,-1
1,0.2,395,-1
1,0.2,396,-1
1,0.2,397,1
1,0.2,398,1
1,0.2,399,1
1,0.2,400,1
1,0.2,401,1
1,0.2,402,1
1,0.2,403,1
1,0.2,404,1
1,0.2,405,1
1,0.2,406,1
1,0.2,407,1
1,0.2,408,-1
1,0.2,409,-1
1,0.2,410,1
1,0.2,411,1
1,0.2,412,1
1,0.2,413,1
1,0.2,414,1
1,0.2,415,-1
1,0.2,416,1
1,0.2,417,-1
1,0.2,418,1
1,0.2,419,1
1,0.2,420,-1
1,0.2,421,-1
1,0.2,422,1
1,0.2,423,1
1,0.2,424,1
1,0.2,425,1
1,0.2,426,1
1,0.2,427,1
1,0.2,428,1
1,0.2,429,-1
1,0.2,430,1
1,0.2,431,1
1,0.2,432,1
1,0.2,433,-1
1,0.2,434,1
1,0.2,435,1
1,0.2,436,1
1,0.2,437,1
1,0.2,438,-1
1,0.2,439,1
1,0.2,440,1
1,0.2,441,1
1,0.2,442,-1
1,0.2,443,1
1,0.2,444,1
1,0.2,445,1
1,0.2,446,1
1,0.2,447,1
1,0.2,448,1
1,0.2,449,1
1,0.2,450,1
1,0.2,451,1
1,0.2,452,1
1,0.2,453,-1
1,0.2,454,1
1,0.2,455,1
1,0.2,456,-1
1,0.2,457,1
1,0.2,458,1
1,0.2,459,1
1,0.2,460,1
1,0.2,461,1
1,0.2,462,1
1,0.2,463,1
1,0.2,464,1
1,0.2,465,1
1,0.2,466,1
1,0.2,467,1
1,0.2,468,1
1,0.2,469,1
1,0.2,470,1
1,0.2,471,1
1,0.2,472,-1
1,0.2,473,1
1,0.2,474,1
1,0.2,475,1
1,0.2,476,1
1,0.2,477,1
1,0.2,478,1
1,0.2,479,1
1,0.2,480,1
1,0.2,481,1
1,0.2,482,1
1,0.2,483,1
1,0.2,484,1
1,0.2,485,1
1,0.2,486,-1
1,0.2,487,1
1,0.2,488,1
1,0.2,489,1
1,0.2,490,1
1,0.2,491,-1
1,0.2,492,1
1,0.2,493,1
1,0.2,494,1
1,0.2,495,1
1,0.2,496,1
1,0.2,497,1
1,0.2,498,1
1,0.2,499,-1
1,0.2,500,1
1,0.2,501,1
1,0.2,502,1
1,0.2,503,-1
1,0.2,504,1
1,0.2,505,1
1,0.2,506,1
1,0.2,507,1
1,0.2,508,1
1,0.2,509,1
1,0.2,510,1
1,0.2,511,-1
1,0.2,512,1
1,0.2,513,1
1,0.2,514,1
1,0.2,515,1
1,0.2,516,1
1,0.2,517,1
1,0.2,518,1
1,0.2,519,1
1,0.2,520,1
1,0.2,521,1
1,0.2,522,1
1,0.2,523,-1
1,0.2,524,1
1,0.2,525,-1
1,0.2,526,1
1,0.2,527,1
1,0.2,528,1
1,0.2,529,1
1,0.2,530,1
1,0.2,531,1
1,0.2,532,1
1,0.2,533,1
1,0.2,534,1
1,0.2,535,1
1,0.2,536,-1
1,0.2,537,1
1,0.2,538,1
1,0.2,539,-1
1,0.2,540,1
1,0.2,541,1
1,0.2,542,1
1,0.2,543,1
1,0.2,544,1
1,0.2,545,1
1,0.2,546,1
1,0.2,547,1
1,0.2,548,1
1,0.2,549,1
1,0.2,550,1
1,0.2,551,1
1,0.2,552,1
1,0.2,553,1
1,0.2,554,-1
1,0.2,555,1
1,0.2,556,1
1,0.2,557,1
1,0.2,558,1
1,0.2,559,1
1,0.2,560,1
1,0.2,561,1
1,0.2,562,1
1,0.2,563,1
1,0.2,564,1
1,0.2,565,1
1,0.2,566,1
1,0.2,567,1
1,0.2,568,1
1,0.2,569,1
1,0.2,570,1
1,0.2,571,-1
1,0.2,572,1
1,0.2,573,1
1,0.2,574,1
1,0.2,575,1
1,0.2,576,-1
1,0.2,577,1
1,0.2,578,1
1,0.2,579,1
1,0.2,580,1
1,0.2,581,-1
1,0.2,582,1
1,0.2,583,1
1,0.2,584,1
1,0.2,585,1
1,0.2,586,1
1,0.2,587,1
1,0.2,588,1
1,0.2,589,1
1,0.2,590,1
1,0.2,591,1
1,0.2,592,1
1,0.2,593,1
1,0.2,594,1
1,0.2,595,1
1,0.2,596,1
1,0.2,597,1
1,0.2,598,1
1,0.2,599,1
1,0.2,600,1
1,0.2,601,1
1,0.2,602,1
1,0.2,603,1
1,0.2,604,1
1,0.2,605,1
1,0.2,606,1
1,0.2,607,1
1,0.2,608,1
1,0.2,609,-1
1,0.2,610,1
1,0.2,611,1
1,0.2,612,-1
1,0.2,613,1
1,0.2,614,1
1,0.2,615,1
1,0.2,616,1
1,0.2,617,1
1,0.2,618,-1
1,0.2,619,1
1,0.2,620,-1
1,0.2,621,1
1,0.2,622,1
1,0.2,623,1
1,0.2,624,-1
1,0.2,625,1
1,0.2,626,1
1,0.2,627,1
1,0.2,628,1
1,0.2,629,-1
1,0.2,630,1
1,0.2,631,1
1,0.2,632,-1
1,0.2,633,1
1,0.2,634,-1
1,0.2,635,1
1,0.2,636,1
1,0.2,637,1
1,0.2,638,1
1,0.2,639,1
1,0.2,640,1
1,0.2,641,-1
1,0.2,642,1
1,0.2,643,1
1,0.2,644,1
1,0.2,645,1
1,0.2,646,1
1,0.2,647,-1
1,0.2,648,1
1,0.2,649,1
1,0.2,650,1
1,0.2,651,-1
1,0.2,652,1
1,0.2,653,1
1,0.2,654,1
1,0.2,655,1
1,0.2,656,-1
1,0.2,657,1
1,0.2,658,-1
1,0.2,659,1
1,0.2,660,1
1,0.2,661,1
1,0.2,662,1
1,0.2,663,1
1,0.2,664,1
1,0.2,665,1
1,0.2,666,1
1,0.2,667,1
1,0.2,668,1
1,0.2,669,1
1,0.2,670,1
1,0.2,671,1
1,0.2,672,1
1,0.2,673,-1
1,0.2,674,1
1,0.2,675,1
1,0.2,676,1
1,0.2,677,1
1,0.2,678,1
1,0.2,679,1
1,0.2,680,1
1,0.2,681,1
1,0.2,682,1
1,0.2,683,1
1,0.2,684,1
1,0.2,685,1
1,0.2,686,1
1,0.2,687,1
1,0.2,688,1
1,0.2,689,1
1,0.2,690,1
1,0.2,691,1
1,0.2,692,1
1,0.2,693,-1
1,0.2,694,1
1,0.2,695,1
1,0.2,696,-1
1,0.2,697,1
1,0.2,698,1
1,0.2,699,-1
1,0.2,700,1
1,0.2,701,1
1,0.2,702,1
1,0.2,703,-1
1,0.2,704,1
1,0.2,705,1
1,0.2,706,1
1,0.2,707,1
1,0.2,708,1
1,0.2,709,1
1,0.2,710,1
1,0.2,711,1
1,0.2,712,1
1,0.2,713,1
1,0.2,714,1
1,0.2,715,1
1,0.2,716,1
1,0.2,717,1
1,0.2,718,1
1,0.2,719,-1
1,0.2,720,1
1,0.2,721,1
1,0.2,722,1
1,0.2,723,1
1,0.2,724,1
1,0.2,725,1
1,0.2,726,1
1,0.2,727,-1
1,0.2,728,1
1,0.2,729,1
1,0.2,730,1
1,0.2,731,1
1,0.2,732,1
1,0.2,733,1
1,0.2,734,1
1,0.2,735,1
1,0.2,736,1
1,0.2,737,1
1,0.2,738,1
1,0.2,739,1
1,0.2,740,1
1,0.2,741,1
1,0.2,742,-1
1,0.2,743,1
1,0.2,744,1
1,0.2,745,1
1,0.2,746,1
1,0.2,747,1
1,0.2,748,1
1,0.2,749,1
1,0.2,750,-1
1,0.2,751,1
1,0.2,752,-1
1,0.2,753,1
1,0.2,754,-1
1,0.2,755,-1
1,0.2,756,1
1,0.2,757,-1
1,0.2,758,1
1,0.2,759,-1
1,0.2,760,1
1,0.2,761,1
1,0.2,762,1
1,0.2,763,1
1,0.2,764,1
1,0.2,765,1
1,0.2,766,1
1,0.2,767,-1
1,0.2,768,1
1,0.2,769,1
1,0.2,770,1
1,0.2,771,1
1,0.2,772,1
1,0.2,773,-1
1,0.2,774,1
1,0.2,775,1
1,0.2,776,-1
1,0.2,777,1
1,0.2,778,1
1,0.2,779,1
1,0.2,780,1
1,0.2,781,1
1,0.2,782,-1
1,0.2,783,1
1,0.2,784,1
1,0.2,785,1
1,0.2,786,1
1,0.2,787,-1
1,0.2,788,1
1,0.2,789,-1
1,0.2,790,1
1,0.2,791,1
1,0.2,792,1
1,0.2,793,1
1,0.2,794,1
1,0.2,795,1
1,0.2,796,1
1,0.2,797,1
1,0.2,798,-1
1,0.2,799,-1
1,0.2,800,1
1,0.2,801,1
1,0.2,802,-1
1,0.2,803,-1
1,0.2,804,1
1,0.2,805,1
1,0.2,806,1
1,0.2,807,1
1,0.2,808,1
1,0.2,809,1
1,0.2,810,1
1,0.2,811,1
1,0.2,812,1
1,0.2,813,1
1,0.2,814,1
1,0.2,815,1
1,0.2,816,1
1,0.2,817,1
1,0.2,818,1
1,0.2,819,1
1,0.2,820,1
1,0.2,821,1
1,0.2,822,-1
1,0.2,823,1
1,0.2,824,1
1,0.2,825,-1
1,0.2,826,1
1,0.2,827,1
1,0.2,828,1
1,0.2,829,1
1,0.2,830,1
1,0.2,831,1
1,0.2,832,1
1,0.2,833,1
1,0.2,834,1
1,0.2,835,1
1,0.2,836,1
1,0.2,837,1
1,0.2,838,-1
1,0.2,839,1
1,0.2,840,1
1,0.2,841,1
1,0.2,842,1
1,0.2,843,1
1,0.2,844,1
1,0.2,845,1
1,0.2,846,1
1,0.2,847,1
1,0.2,848,1
1,0.2,849,1
1,0.2,850,1
1,0.2,851,1
1,0.2,852,-1
1,0.2,853,1
1,0.2,854,-1
1,0.2,855,1
1,0.2,856,1
1,0.2,857,1
1,0.2,858,1
1,0.2,859,1
1,0.2,860,1
1,0.2,861,1
1,0.2,862,1
1,0.2,863,1
1,0.2,864,1
1,0.2,865,-1
1,0.2,866,1
1,0.2,867,1
1,0.2,868,1
1,0.2,869,1
1,0.2,870,1
1,0.2,871,1
1,0.2,872,1
1,0.2,873,1
1,0.2,874,1
1,0.2,875,1
1,0.2,876,1
1,0.2,877,1
1,0.2,878,1
1,0.2,879,-1
1,0.2,880,1
1,0.2,881,1
1,0.2,882,1
1,0.2,883,1
1,0.2,884,1
1,0.2,885,1
1,0.2,886,1
1,0.2,887,1
1,0.2,888,1
1,0.2,889,1
1,0.2,890,1
1,0.2,891,1
1,0.2,892,1
1,0.2,893,1
1,0.2,894,1
1,0.2,895,-1
1,0.2,896,1
1,0.2,897,1
1,0.2,898,1
1,0.2,899,1
1,0.2,900,1
1,0.2,901,1
1,0.2,902,1
1,0.2,903,1
1,0.2,904,1
1,0.2,905,1
1,0.2,906,1
1,0.2,907,1
1,0.2,908,1
1,0.2,909,1
1,0.2,910,1
1,0.2,911,1
1,0.2,912,1
1,0.2,913,1
1,0.2,914,1
1,0.2,915,1
1,0.2,916,1
1,0.2,917,1
1,0.2,918,1
1,0.2,919,1
1,0.2,920,1
1,0.2,921,1
1,0.2,922,1
1,0.2,923,1
1,0.2,924,1
1,0.2,925,1
1,0.2,926,1
1,0.2,927,1
1,0.2,928,1
1,0.2,929,1
1,0.2,930,1
1,0.2,931,1
1,0.2,932,1
1,0.2,933,1
1,0.2,934,1
1,0.2,935,1
1,0.2,936,1
1,0.2,937,1
1,0.2,938,1
1,0.2,939,1
1,0.2,940,1
1,0.2,941,1
1,0.2,942,1
1,0.2,943,1
1,0.2,944,1
1,0.2,945,1
1,0.2,946,1
1,0.2,947,1
1,0.2,948,1
1,0.2,949,1
1,0.2,950,1
1,0.2,951,1
1,0.2,952,1
1,0.2,953,-1
1,0.2,954,1
1,0.2,955,1
1,0.2,956,-1
1,0.2,957,1
1,0.2,958,1
1,0.2,959,1
1,0.2,960,1
1,0.2,961,1
1,0.2,962,-1
1,0.2,963,1
1,0.2,964,1
1,0.2,965,1
1,0.2,966,1
1,0.2,967,1
1,0.2,968,1
1,0.2,969,1
1,0.2,970,1
1,0.2,971,1
1,0.2,972,1
1,0.2,973,1
1,0.2,974,1
1,0.2,975,1
1,0.2,976,1
1,0.2,977,1
1,0.2,978,1
1,0.2,979,1
1,0.2,980,1
1,0.2,981,1
1,0.2,982,1
1,0.2,983,-1
1,0.2,984,1
1,0.2,985,1
1,0.2,986,1
1,0.2,987,1
1,0.2,988,1
1,0.2,989,1
1,0.2,990,1
1,0.2,991,1
1,0.2,992,1
1,0.2,993,1
1,0.2,994,1
1,0.2,995,1
1,0.2,996,1
1,0.2,997,1
1,0.2,998,1
1,0.2,999,1
1,0.2,1000,1
1,0.2,1001,1
1,0.2,1002,1
1,0.2,1003,-1
1,0.2,1004,1
1,0.2,1005,1
1,0.2,1006,1
1,0.2,1007,1
1,0.2,1008,-1
1,0.2,1009,1
1,0.2,1010,1
1,0.2,1011,1
1,0.2,1012,1
1,0.2,1013,1
1,0.2,1014,1
1,0.2,1015,1
1,0.2,1016,1
1,0.2,1017,1
1,0.2,1018,1
1,0.2,1019,1
1,0.2,1020,1
1,0.2,1021,1
1,0.2,1022,1
1,0.2,1023,1
1,0.2,1024,1
1,0.2,1025,1
1,0.2,1026,-1
1,0.2,1027,1
1,0.2,1028,1
1,0.2,1029,1
1,0.2,1030,1
1,0.2,1031,1
1,0.2,1032,1
1,0.2,1033,1
1,0.2,1034,1
1,0.2,1035,1
1,0.2,1036,1
1,0.2,1037,1
1,0.2,1038,1
1,0.2,1039,1
1,0.2,1040,1
1,0.2,1041,1
1,0.2,1042,-1
1,0.2,1043,1
1,0.2,1044,1
1,0.2,1045,1
1,0.2,1046,1
1,0.2,1047,1
1,0.2,1048,1
1,0.2,1049,1
1,0.2,1050,1
1,0.2,1051,1
1,0.2,1052,1
1,0.2,1053,1
1,0.2,1054,1
1,0.2,1055,1
1,0.2,1056,1
1,0.2,1057,1
1,0.2,1058,-1
1,0.2,1059,1
1,0.2,1060,1
1,0.2,1061,1
1,0.2,1062,1
1,0.2,1063,1
1,0.2,1064,1
1,0.2,1065,1
1,0.2,1066,-1
1,0.2,1067,1
1,0.2,1068,1
1,0.2,1069,1
1,0.2,1070,1
1,0.2,1071,1
1,0.2,1072,1
1,0.2,1073,-1
1,0.2,1074,1
1,0.2,1075,1
1,0.2,1076,1
1,0.2,1077,1
1,0.2,1078,1
1,0.2,1079,-1
1,0.2,1080,1
1,0.2,1081,1
1,0.2,1082,1
1,0.2,1083,1
1,0.2,1084,1
1,0.2,1085,1
1,0.2,1086,1
1,0.2,1087,1
1,0.2,1088,1
1,0.2,1089,-1
1,0.2,1090,1
1,0.2,1091,-1
1,0.2,1092,1
1,0.2,1093,1
1,0.2,1094,1
1,0.2,1095,1
1,0.2,1096,1
1,0.2,1097,1
1,0.2,1098,1
1,0.2,1099,1
1,0.2,1100,-1
1,0.2,1101,1
1,0.2,1102,-1
1,0.2,1103,1
1,0.2,1104,1
1,0.2,1105,1
1,0.2,1106,1
1,0.2,1107,1
1,0.2,1108,1
1,0.2,1109,1
1,0.2,1110,1
1,0.2,1111,1
1,0.2,1112,1
1,0.2,1113,1
1,0.2,1114,1
1,0.2,1115,-1
1,0.2,1116,1
1,0.2,1117,-1
1,0.2,1118,1
1,0.2,1119,1
1,0.2,1120,-1
1,0.2,1121,1
1,0.2,1122,1
1,0.2,1123,1
1,0.2,1124,1
1,0.2,1125,1
1,0.2,1126,1
1,0.2,1127,1
1,0.2,1128,1
1,0.2,1129,1
1,0.2,1130,-1
1,0.2,1131,1
1,0.2,1132,1
1,0.2,1133,1
1,0.2,1134,-1
1,0.2,1135,1
1,0.2,1136,-1
1,0.2,1137,1
1,0.2,1138,1
1,0.2,1139,1
1,0.2,1140,-1
1,0.2,1141,1
1,0.2,1142,1
1,0.2,1143,-1
1,0.2,1144,1
1,0.2,1145,1
1,0.2,1146,1
1,0.2,1147,1
1,0.2,1148,1
1,0.2,1149,1
1,0.2,1150,1
1,0.2,1151,1
1,0.2,1152,1
1,0.2,1153,1
1,0.2,1154,-1
1,0.2,1155,1
1,0.2,1156,1
1,0.2,1157,1
1,0.2,1158,-1
1,0.2,1159,1
1,0.2,1160,1
1,0.2,1161,1
1,0.2,1162,1
1,0.2,1163,-1
1,0.2,1164,1
1,0.2,1165,1
1,0.2,1166,1
1,0.2,1167,1
1,0.2,1168,1
1,0.2,1169,1
1,0.2,1170,1
1,0.2,1171,1
1,0.2,1172,1
1,0.2,1173,-1
1,0.2,1174,1
1,0.2,1175,1
1,0.2,1176,1
1,0.2,1177,1
1,0.2,1178,1
1,0.2,1179,1
1,0.2,1180,-1
1,0.2,1181,1
1,0.2,1182,1
1,0.2,1183,1
1,0.2,1184,1
1,0.2,1185,-1
1,0.2,1186,1
1,0.2,1187,1
1,0.2,1188,1
1,0.2,1189,1
1,0.2,1190,1
1,0.2,1191,1
1,0.2,1192,1
1,0.2,1193,1
1,0.2,1194,-1
1,0.2,1195,1
1,0.2,1196,1
1,0.2,1197,1
1,0.2,1198,1
1,0.2,1199,1
1,0.2,1200,1
1,0.2,1201,1
1,0.2,1202,1
1,0.2,1203,1
1,0.2,1204,1
1,0.2,1205,-1
1,0.2,1206,1
1,0.2,1207,1
1,0.2,1208,1
1,0.2,1209,1
1,0.2,1210,1
1,0.2,1211,-1
1,0.2,1212,1
1,0.2,1213,-1
1,0.2,1214,1
1,0.2,1215,1
1,0.2,1216,-1
1,0.2,1217,1
1,0.2,1218,1
1,0.2,1219,1
1,0.2,1220,1
1,0.2,1221,1
1,0.2,1222,1
1,0.2,1223,-1
1,0.2,1224,1
1,0.2,1225,1
1,0.2,1226,1
1,0.2,1227,1
1,0.2,1228,-1
1,0.2,1229,-1
1,0.2,1230,1
1,0.2,1231,1
1,0.2,1232,1
1,0.2,1233,1
1,0.2,1234,1
1,0.2,1235,1
1,0.2,1236,1
1,0.2,1237,1
1,0.2,1238,1
1,0.2,1239,1
1,0.2,1240,1
1,0.2,1241,-1
1,0.2,1242,1
1,0.2,1243,1
1,0.2,1244,-1
1,0.2,1245,1
1,0.2,1246,1
1,0.2,1247,1
1,0.2,1248,1
1,0.2,1249,1
1,0.2,1250,1
1,0.2,1251,1
1,0.2,1252,1
1,0.2,1253,1
1,0.2,1254,-1
1,0.2,1255,-1
1,0.2,1256,1
1,0.2,1257,1
1,0.2,1258,1
1,0.2,1259,1
1,0.2,1260,1
1,0.2,1261,1
1,0.2,1262,1
1,0.2,1263,1
1,0.2,1264,1
1,0.2,1265,1
1,0.2,1266,1
1,0.2,1267,1
1,0.2,1268,1
1,0.2,1269,-1
1,0.2,1270,1
1,0.2,1271,1
1,0.2,1272,1
1,0.2,1273,1
1,0.2,1274,1
1,0.2,1275,1
1,0.2,1276,1
1,0.2,1277,-1
1,0.2,1278,1
1,0.2,1279,1
1,0.2,1280,1
1,0.2,1281,1
1,0.2,1282,1
1,0.2,1283,1
1,0.2,1284,1
1,0.2,1285,1
1,0.2,1286,1
1,0.2,1287,1
1,0.2,1288,1
1,0.2,1289,1
1,0.2,1290,-1
1,0.2,1291,1
1,0.2,1292,1
1,0.2,1293,1
1,0.2,1294,1
1,0.2,1295,1
1,0.2,1296,1
1,0.2,1297,1
1,0.2,1298,1
1,0.2,1299,1
1,0.2,1300,1
1,0.2,1301,1
1,0.2,1302,1
1,0.2,1303,1
1,0.2,1304,1
1,0.2,1305,1
1,0.2,1306,1
1,0.2,1307,-1
1,0.2,1308,1
1,0.2,1309,1
1,0.2,1310,1
1,0.2,1311,1
1,0.2,1312,1
1,0.2,1313,1
1,0.2,1314,1
1,0.2,1315,1
1,0.2,1316,1
1,0.2,1317,1
1,0.2,1318,1
1,0.2,1319,-1
1,0.2,1320,1
1,0.2,1321,1
1,0.2,1322,1
1,0.2,1323,1
1,0.2,1324,1
1,0.2,1325,1
1,0.2,1326,1
1,0.2,1327,1
1,0.2,1328,1
1,0.2,1329,1
1,0.2,1330,1
1,0.2,1331,-1
1,0.2,1332,1
1,0.2,1333,1
1,0.2,1334,1
1,0.2,1335,1
1,0.2,1336,1
1,0.2,1337,1
1,0.2,1338,1
1,0.2,1339,1
1,0.2,1340,1
1,0.2,1341,1
1,0.2,1342,1
1,0.2,1343,1
1,0.2,1344,1
1,0.2,1345,1
1,0.2,1346,-1
1,0.2,1347,1
1,0.2,1348,-1
1,0.2,1349,-1
1,0.2,1350,1
1,0.2,1351,1
1,0.2,1352,1
1,0.2,1353,1
1,0.2,1354,1
1,0.2,1355,-1
1,0.2,1356,1
1,0.2,1357,1
1,0.2,1358,1
1,0.2,1359,1
1,0.2,1360,1
1,0.2,1361,1
1,0.2,1362,1
1,0.2,1363,1
1,0.2,1364,1
1,0.2,1365,1
1,0.2,1366,1
1,0.2,1367,1
1,0.2,1368,1
1,0.2,1369,1
1,0.2,1370,1
1,0.2,1371,1
1,0.2,1372,-1
1,0.2,1373,1
1,0.2,1374,1
1,0.2,1375,-1
1,0.2,1376,1
1,0.2,1377,1
1,0.2,1378,1
1,0.2,1379,1
1,0.2,1380,1
1,0.2,1381,1
1,0.2,1382,1
1,0.2,1383,1
1,0.2,1384,1
1,0.2,1385,1
1,0.2,1386,1
1,0.2,1387,1
1,0.2,1388,1
1,0.2,1389,1
1,0.2,1390,-1
1,0.2,1391,1
1,0.2,1392,1
1,0.2,1393,-1
1,0.2,1394,1
1,0.2,1395,1
1,0.2,1396,1
1,0.2,1397,1
1,0.2,1398,1
1,0.2,1399,1
1,0.2,1400,1
1,0.2,1401,1
1,0.2,1402,1
1,0.2,1403,1
1,0.2,1404,1
1,0.2,1405,1
1,0.2,1406,1
1,0.2,1407,1
1,0.2,1408,-1
1,0.2,1409,1
1,0.2,1410,1
1,0.2,1411,1
1,0.2,1412,1
1,0.2,1413,1
1,0.2,1414,1
1,0.2,1415,-1
1,0.2,1416,-1
1,0.2,1417,1
1,0.2,1418,-1
1,0.2,1419,1
1,0.2,1420,1
1,0.2,1421,1
1,0.2,1422,1
1,0.2,1423,1
1,0.2,1424,-1
1,0.2,1425,1
1,0.2,1426,1
1,0.2,1427,1
1,0.2,1428,-1
1,0.2,1429,1
1,0.2,1430,1
1,0.2,1431,1
1,0.2,1432,1
1,0.2,1433,1
1,0.2,1434,1
1,0.2,1435,1
1,0.2,1436,1
1,0.2,1437,1
1,0.2,1438,1
1,0.2,1439,1
1,0.2,1440,1
1,0.2,1441,1
1,0.2,1442,-1
1,0.2,1443,1
1,0.2,1444,1
1,0.2,1445,1
1,0.2,1446,-1
1,0.2,1447,1
1,0.2,1448,1
1,0.2,1449,1
1,0.2,1450,1
1,0.2,1451,1
1,0.2,1452,1
1,0.2,1453,1
1,0.2,1454,1
1,0.2,1455,1
1,0.2,1456,1
1,0.2,1457,1
1,0.2,1458,1
1,0.2,1459,1
1,0.2,1460,1
1,0.2,1461,1
1,0.2,1462,1
1,0.2,1463,1
1,0.2,1464,1
1,0.2,1465,1
1,0.2,1466,1
1,0.2,1467,1
1,0.2,1468,1
1,0.2,1469,1
1,0.2,1470,-1
1,0.2,1471,1
1,0.2,1472,1
1,0.2,1473,1
1,0.2,1474,1
1,0.2,1475,1
1,0.2,1476,1
1,0.2,1477,1
1,0.2,1478,1
1,0.2,1479,1
1,0.2,1480,1
1,0.2,1481,-1
1,0.2,1482,-1
1,0.2,1483,1
1,0.2,1484,1
1,0.2,1485,1
1,0.2,1486,1
1,0.2,1487,1
1,0.2,1488,1
1,0.2,1489,1
1,0.2,1490,1
1,0.2,1491,1
1,0.2,1492,-1
1,0.2,1493,1
1,0.2,1494,1
1,0.2,1495,1
1,0.2,1496,1
1,0.2,1497,1
1,0.2,1498,1
1,0.2,1499,1
1,0.2,1500,1
1,0.2,1501,1
1,0.2,1502,1
1,0.2,1503,1
1,0.2,1504,1
1,0.2,1505,1
1,0.2,1506,1
1,0.2,1507,1
1,0.2,1508,1
1,0.2,1509,-1
1,0.2,1510,1
1,0.2,1511,1
1,0.2,1512,1
1,0.2,1513,1
1,0.2,1514,1
1,0.2,1515,1
1,0.2,1516,1
1,0.2,1517,1
1,0.2,1518,1
1,0.2,1519,-1
1,0.2,1520,-1
1,0.2,1521,1
1,0.2,1522,1
1,0.2,1523,1
1,0.2,1524,1
1,0.2,1525,1
1,0.2,1526,1
1,0.2,1527,1
1,0.2,1528,1
1,0.2,1529,1
1,0.2,1530,1
1,0.2,1531,1
1,0.2,1532,1
1,0.2,1533,1
1,0.2,1534,1
1,0.2,1535,1
1,0.2,1536,1
1,0.2,1537,1
1,0.2,1538,1
1,0.2,1539,1
1,0.2,1540,1
1,0.2,1541,1
1,0.2,1542,1
1,0.2,1543,1
1,0.2,1544,1
1,0.2,1545,1
1,0.2,1546,1
1,0.2,1547,1
1,0.2,1548,1
1,0.2,1549,1
1,0.2,1550,1
1,0.2,1551,1
1,0.2,1552,1
1,0.2,1553,1
1,0.2,1554,1
1,0.2,1555,1
1,0.2,1556,-1
1,0.2,1557,1
1,0.2,1558,1
1,0.2,1559,1
1,0.2,1560,1
1,0.2,1561,1
1,0.2,1562,1
1,0.2,1563,1
1,0.2,1564,1
1,0.2,1565,1
1,0.2,1566,1
1,0.2,1567,1
1,0.2,1568,1
1,0.2,1569,1
1,0.2,1570,1
1,0.2,1571,1
1,0.2,1572,1
1,0.2,1573,1
1,0.2,1574,1
1,0.2,1575,1
1,0.2,1576,1
1,0.2,1577,1
1,0.2,1578,1
1,0.2,1579,1
1,0.2,1580,1
1,0.2,1581,1
1,0.2,1582,1
1,0.2,1583,1
1,0.2,1584,1
1,0.2,1585,1
1,0.2,1586,1
1,0.2,1587,1
1,0.2,1588,-1
1,0.2,1589,1
1,0.2,1590,1
1,0.2,1591,1
1,0.2,1592,1
1,0.2,1593,-1
1,0.2,1594,1
1,0.2,1595,1
1,0.2,1596,1
1,0.2,1597,1
1,0.2,1598,-1
1,0.2,1599,-1
1,0.2,1600,1
1,0.2,1601,1
1,0.2,1602,1
1,0.2,1603,1
1,0.2,1604,1
1,0.2,1605,1
1,0.2,1606,1
1,0.2,1607,1
1,0.2,1608,1
1,0.2,1609,-1
1,0.2,1610,1
1,0.2,1611,1
1,0.2,1612,-1
1,0.2,1613,1
1,0.2,1614,1
1,0.2,1615,1
1,0.2,1616,-1
1,0.2,1617,-1
1,0.2,1618,1
1,0.2,1619,1
1,0.2,1620,-1
1,0.2,1621,1
1,0.2,1622,1
1,0.2,1623,1
1,0.2,1624,1
1,0.2,1625,-1
1,0.2,1626,1
1,0.2,1627,1
1,0.2,1628,1
1,0.2,1629,1
1,0.2,1630,1
1,0.2,1631,1
1,0.2,1632,-1
1,0.2,1633,1
1,0.2,1634,1
1,0.2,1635,1
1,0.2,1636,1
1,0.2,1637,-1
1,0.2,1638,1
1,0.2,1639,1
1,0.2,1640,1
1,0.2,1641,1
1,0.2,1642,1
1,0.2,1643,1
1,0.2,1644,1
1,0.2,1645,1
1,0.2,1646,1
1,0.2,1647,1
1,0.2,1648,-1
1,0.2,1649,1
1,0.2,1650,1
1,0.2,1651,-1
1,0.2,1652,1
1,0.2,1653,1
1,0.2,1654,1
1,0.2,1655,1
1,0.2,1656,1
1,0.2,1657,-1
1,0.2,1658,1
1,0.2,1659,1
1,0.2,1660,1
1,0.2,1661,1
1,0.2,1662,1
1,0.2,1663,1
1,0.2,1664,1
1,0.2,1665,1
1,0.2,1666,1
1,0.2,1667,1
1,0.2,1668,1
1,0.2,1669,1
1,0.2,1670,1
1,0.2,1671,-1
1,0.2,1672,1
1,0.2,1673,1
1,0.2,1674,1
1,0.2,1675,1
1,0.2,1676,1
1,0.2,1677,1
1,0.2,1678,1
1,0.2,1679,-1
1,0.2,1680,-1
1,0.2,1681,1
1,0.2,1682,1
1,0.2,1683,1
1,0.2,1684,-1
1,0.2,1685,1
1,0.2,1686,1
1,0.2,1687,1
1,0.2,1688,1
1,0.2,1689,1
1,0.2,1690,1
1,0.2,1691,1
1,0.2,1692,1
1,0.2,1693,1
1,0.2,1694,1
1,0.2,1695,1
1,0.2,1696,1
1,0.2,1697,1
1,0.2,1698,1
1,0.2,1699,-1
1,0.2,1700,-1
1,0.2,1701,-1
1,0.2,1702,1
1,0.2,1703,1
1,0.2,1704,-1
1,0.2,1705,1
1,0.2,1706,-1
1,0.2,1707,1
1,0.2,1708,1
1,0.2,1709,1
1,0.2,1710,-1
1,0.2,1711,1
1,0.2,1712,1
1,0.2,1713,1
1,0.2,1714,1
1,0.2,1715,-1
1,0.2,1716,1
1,0.2,1717,1
1,0.2,1718,1
1,0.2,1719,1
1,0.2,1720,1
1,0.2,1721,1
1,0.2,1722,1
1,0.2,1723,1
1,0.2,1724,1
1,0.2,1725,1
1,0.2,1726,1
1,0.2,1727,1
1,0.2,1728,1
1,0.2,1729,1
1,0.2,1730,1
1,0.2,1731,1
1,0.2,1732,1
1,0.2,1733,1
1,0.2,1734,1
1,0.2,1735,1
1,0.2,1736,1
1,0.2,1737,1
1,0.2,1738,1
1,0.2,1739,1
1,0.2,1740,1
1,0.2,1741,1
1,0.2,1742,1
1,0.2,1743,1
1,0.2,1744,1
1,0.2,1745,1
1,0.2,1746,1
1,0.2,1747,1
1,0.2,1748,1
1,0.2,1749,1
1,0.2,1750,1
1,0.2,1751,1
1,0.2,1752,1
1,0.2,1753,1
1,0.2,1754,1
1,0.2,1755,1
1,0.2,1756,1
1,0.2,1757,-1
1,0.2,1758,1
1,0.2,1759,1
1,0.2,1760,1
1,0.2,1761,1
1,0.2,1762,1
1,0.2,1763,1
1,0.2,1764,1
1,0.2,1765,1
1,0.2,1766,-1
1,0.2,1767,-1
1,0.2,1768,-1
1,0.2,1769,1
1,0.2,1770,1
1,0.2,1771,1
1,0.2,1772,1
1,0.2,1773,1
1,0.2,1774,1
1,0.2,1775,1
1,0.2,1776,-1
1,0.2,1777,1
1,0.2,1778,1
1,0.2,1779,1
1,0.2,1780,1
1,0.2,1781,1
1,0.2,1782,1
1,0.2,1783,1
1,0.2,1784,1
1,0.2,1785,1
1,0.2,1786,1
1,0.2,1787,1
1,0.2,1788,1
1,0.2,1789,1
1,0.2,1790,1
1,0.2,1791,1
1,0.2,1792,1
1,0.2,1793,1
1,0.2,1794,1
1,0.2,1795,1
1,0.2,1796,1
1,0.2,1797,1
1,0.2,1798,1
1,0.2,1799,1
1,0.2,1800,1
1,0.2,1801,1
1,0.2,1802,1
1,0.2,1803,1
1,0.2,1804,1
1,0.2,1805,-1
1,0.2,1806,1
1,0.2,1807,1
1,0.2,1808,-1
1,0.2,1809,1
1,0.2,1810,1
1,0.2,1811,1
1,0.2,1812,1
1,0.2,1813,-1
1,0.2,1814,1
1,0.2,1815,1
1,0.2,1816,1
1,0.2,1817,1
1,0.2,1818,1
1,0.2,1819,1
1,0.2,1820,1
1,0.2,1821,1
1,0.2,1822,1
1,0.2,1823,-1
1,0.2,1824,1
1,0.2,1825,1
1,0.2,1826,1
1,0.2,1827,-1
1,0.2,1828,1
1,0.2,1829,-1
1,0.2,1830,1
1,0.2,1831,1
1,0.2,1832,1
1,0.2,1833,1
1,0.2,1834,1
1,0.2,1835,1
1,0.2,1836,1
1,0.2,1837,1
1,0.2,1838,1
1,0.2,1839,1
1,0.2,1840,1
1,0.2,1841,1
1,0.2,1842,1
1,0.2,1843,-1
1,0.2,1844,1
1,0.2,1845,-1
1,0.2,1846,1
1,0.2,1847,1
1,0.2,1848,1
1,0.2,1849,1
1,0.2,1850,-1
1,0.2,1851,1
1,0.2,1852,1
1,0.2,1853,1
1,0.2,1854,1
1,0.2,1855,1
1,0.2,1856,1
1,0.2,1857,1
1,0.2,1858,1
1,0.2,1859,1
1,0.2,1860,1
1,0.2,1861,1
1,0.2,1862,1
1,0.2,1863,1
1,0.2,1864,-1
1,0.2,1865,1
1,0.2,1866,1
1,0.2,1867,1
1,0.2,1868,1
1,0.2,1869,1
1,0.2,1870,1
1,0.2,1871,1
1,0.2,1872,1
1,0.2,1873,1
1,0.2,1874,1
1,0.2,1875,1
1,0.2,1876,1
1,0.2,1877,1
1,0.2,1878,1
1,0.2,1879,1
1,0.2,1880,-1
1,0.2,1881,1
1,0.2,1882,1
1,0.2,1883,1
1,0.2,1884,1
1,0.2,1885,1
1,0.2,1886,1
1,0.2,1887,1
1,0.2,1888,1
1,0.2,1889,1
1,0.2,1890,1
1,0.2,1891,-1
1,0.2,1892,-1
1,0.2,1893,1
1,0.2,1894,1
1,0.2,1895,1
1,0.2,1896,1
1,0.2,1897,1
1,0.2,1898,1
1,0.2,1899,1
1,0.2,1900,1
1,0.2,1901,1
1,0.2,1902,1
1,0.2,1903,1
1,0.2,1904,1
1,0.2,1905,-1
1,0.2,1906,1
1,0.2,1907,1
1,0.2,1908,1
1,0.2,1909,1
1,0.2,1910,1
1,0.2,1911,1
1,0.2,1912,1
1,0.2,1913,1
1,0.2,1914,1
1,0.2,1915,1
1,0.2,1916,1
1,0.2,1917,-1
1,0.2,1918,1
1,0.2,1919,1
1,0.2,1920,1
1,0.2,1921,1
1,0.2,1922,1
1,0.2,1923,1
1,0.2,1924,1
1,0.2,1925,1
1,0.2,1926,1
1,0.2,1927,1
1,0.2,1928,1
1,0.2,1929,1
1,0.2,1930,-1
1,0.2,1931,1
1,0.2,1932,1
1,0.2,1933,1
1,0.2,1934,-1
1,0.2,1935,1
1,0.2,1936,1
1,0.2,1937,1
1,0.2,1938,1
1,0.2,1939,1
1,0.2,1940,1
1,0.2,1941,1
1,0.2,1942,1
1,0.2,1943,1
1,0.2,1944,1
1,0.2,1945,1
1,0.2,1946,1
1,0.2,1947,-1
1,0.2,1948,1
1,0.2,1949,1
1,0.2,1950,1
1,0.2,1951,1
1,0.2,1952,1
1,0.2,1953,1
1,0.2,1954,1
1,0.2,1955,1
1,0.2,1956,1
1,0.2,1957,-1
1,0.2,1958,1
1,0.2,1959,1
1,0.2,1960,1
1,0.2,1961,-1
1,0.2,1962,1
1,0.2,1963,-1
1,0.2,1964,1
1,0.2,1965,1
1,0.2,1966,1
1,0.2,1967,1
1,0.2,1968,1
1,0.2,1969,1
1,0.2,1970,1
1,0.2,1971,1
1,0.2,1972,1
1,0.2,1973,1
1,0.2,1974,1
1,0.2,1975,1
1,0.2,1976,1
1,0.2,1977,1
1,0.2,1978,1
1,0.2,1979,1
1,0.2,1980,1
1,0.2,1981,1
1,0.2,1982,1
1,0.2,1983,1
1,0.2,1984,1
1,0.2,1985,1
1,0.2,1986,1
1,0.2,1987,1
1,0.2,1988,1
1,0.2,1989,1
1,0.2,1990,1
1,0.2,1991,1
1,0.2,1992,1
1,0.2,1993,1
1,0.2,1994,1
1,0.2,1995,1
1,0.2,1996,1
1,0.2,1997,1
1,0.2,1998,1
1,0.2,1999,1
1,0.2,2000,1
1,0.2,2001,1
1,0.2,2002,1
1,0.2,2003,1
1,0.2,2004,1
1,0.2,2005,1
1,0.2,2006,-1
1,0.2,2007,-1
1,0.2,2008,1
1,0.2,2009,-1
1,0.2,2010,1
1,0.2,2011,1
1,0.2,2012,1
1,0.2,2013,1
1,0.2,2014,1
1,0.2,2015,1
1,0.2,2016,1
1,0.2,2017,1
1,0.2,2018,-1
1,0.2,2019,1
1,0.2,2020,1
1,0.2,2021,1
1,0.2,2022,1
1,0.2,2023,1
1,0.2,2024,1
1,0.2,2025,1
1,0.2,2026,1
1,0.2,2027,1
1,0.2,2028,1
1,0.2,2029,1
1,0.2,2030,1
1,0.2,2031,1
1,0.2,2032,1
1,0.2,2033,1
1,0.2,2034,1
1,0.2,2035,-1
1,0.2,2036,1
1,0.2,2037,1
1,0.2,2038,1
1,0.2,2039,-1
1,0.2,2040,1
1,0.2,2041,1
1,0.2,2042,1
1,0.2,2043,1
1,0.2,2044,1
1,0.2,2045,1
1,0.2,2046,1
1,0.2,2047,1
1,0.2,2048,1
1,0.2,2049,1
1,0.2,2050,1
1,0.2,2051,1
1,0.2,2052,1
1,0.2,2053,1
1,0.2,2054,1
1,0.2,2055,-1
1,0.2,2056,1
1,0.2,2057,1
1,0.2,2058,1
1,0.2,2059,1
1,0.2,2060,1
1,0.2,2061,-1
1,0.2,2062,1
1,0.2,2063,1
1,0.2,2064,-1
1,0.2,2065,1
1,0.2,2066,1
1,0.2,2067,1
1,0.2,2068,1
1,0.2,2069,1
1,0.2,2070,1
1,0.2,2071,1
1,0.2,2072,-1
1,0.2,2073,1
1,0.2,2074,1
1,0.2,2075,1
1,0.2,2076,1
1,0.2,2077,1
1,0.2,2078,-1
1,0.2,2079,1
1,0.2,2080,1
1,0.2,2081,1
1,0.2,2082,1
1,0.2,2083,1
1,0.2,2084,1
1,0.2,2085,-1
1,0.2,2086,1
1,0.2,2087,-1
1,0.2,2088,-1
1,0.2,2089,1
1,0.2,2090,1
1,0.2,2091,1
1,0.2,2092,1
1,0.2,2093,1
1,0.2,2094,1
1,0.2,2095,1
1,0.2,2096,1
1,0.2,2097,1
1,0.2,2098,1
1,0.2,2099,1
1,0.2,2100,1
1,0.2,2101,1
1,0.2,2102,1
1,0.2,2103,-1
1,0.2,2104,1
1,0.2,2105,1
1,0.2,2106,1
1,0.2,2107,-1
1,0.2,2108,1
1,0.2,2109,1
1,0.2,2110,1
1,0.2,2111,1
1,0.2,2112,1
1,0.2,2113,1
1,0.2,2114,1
1,0.2,2115,1
1,0.2,2116,-1
1,0.2,2117,1
1,0.2,2118,1
1,0.2,2119,1
1,0.2,2120,1
1,0.2,2121,1
1,0.2,2122,1
1,0.2,2123,1
1,0.2,2124,1
1,0.2,2125,1
1,0.2,2126,1
1,0.2,2127,1
1,0.2,2128,1
1,0.2,2129,1
1,0.2,2130,1
1,0.2,2131,1
1,0.2,2132,1
1,0.2,2133,1
1,0.2,2134,1
1,0.2,2135,1
1,0.2,2136,1
1,0.2,2137,1
1,0.2,2138,1
1,0.2,2139,1
1,0.2,2140,1
1,0.2,2141,1
1,0.2,2142,1
1,0.2,2143,1
1,0.2,2144,1
1,0.2,2145,1
1,0.2,2146,1
1,0.2,2147,1
1,0.2,2148,1
1,0.2,2149,1
1,0.2,2150,1
1,0.2,2151,1
1,0.2,2152,1
1,0.2,2153,1
1,0.2,2154,1
1,0.2,2155,1
1,0.2,2156,1
1,0.2,2157,-1
1,0.2,2158,1
1,0.2,2159,1
1,0.2,2160,1
1,0.2,2161,1
1,0.2,2162,-1
1,0.2,2163,1
1,0.2,2164,1
1,0.2,2165,1
1,0.2,2166,1
1,0.2,2167,1
1,0.2,2168,1
1,0.2,2169,1
1,0.2,2170,-1
1,0.2,2171,1
1,0.2,2172,1
1,0.2,2173,1
1,0.2,2174,1
1,0.2,2175,1
1,0.2,2176,1
1,0.2,2177,1
1,0.2,2178,1
1,0.2,2179,-1
1,0.2,2180,-1
1,0.2,2181,1
1,0.2,2182,-1
1,0.2,2183,1
1,0.2,2184,1
1,0.2,2185,1
1,0.2,2186,1
1,0.2,2187,-1
1,0.2,2188,1
1,0.2,2189,-1
1,0.2,2190,1
1,0.2,2191,1
1,0.2,2192,1
1,0.2,2193,1
1,0.2,2194,1
1,0.2,2195,1
1,0.2,2196,1
1,0.2,2197,1
1,0.2,2198,-1
1,0.2,2199,1
1,0.2,2200,1
1,0.2,2201,1
1,0.2,2202,1
1,0.2,2203,1
1,0.2,2204,1
1,0.2,2205,-1
1,0.2,2206,1
1,0.2,2207,1
1,0.2,2208,1
1,0.2,2209,1
1,0.2,2210,1
1,0.2,2211,-1
1,0.2,2212,-1
1,0.2,2213,1
1,0.2,2214,1
1,0.2,2215,-1
1,0.2,2216,1
1,0.2,2217,1
1,0.2,2218,1
1,0.2,2219,1
1,0.2,2220,1
1,0.2,2221,1
1,0.2,2222,1
1,0.2,2223,1
1,0.2,2224,1
1,0.2,2225,1
1,0.2,2226,1
1,0.2,2227,1
1,0.2,2228,1
1,0.2,2229,1
1,0.2,2230,1
1,0.2,2231,1
1,0.2,2232,1
1,0.2,2233,1
1,0.2,2234,1
1,0.2,2235,1
1,0.2,2236,1
1,0.2,2237,1
1,0.2,2238,-1
1,0.2,2239,1
1,0.2,2240,1
1,0.2,2241,1
1,0.2,2242,1
1,0.2,2243,1
1,0.2,2244,1
1,0.2,2245,1
1,0.2,2246,1
1,0.2,2247,1
1,0.2,2248,1
1,0.2,2249,1
1,0.2,2250,1
1,0.2,2251,1
1,0.2,2252,1
1,0.2,2253,1
1,0.2,2254,1
1,0.2,2255,-1
1,0.2,2256,1
1,0.2,2257,1
1,0.2,2258,1
1,0.2,2259,1
1,0.2,2260,1
1,0.2,2261,-1
1,0.2,2262,1
1,0.2,2263,1
1,0.2,2264,1
1,0.2,2265,-1
1,0.2,2266,1
1,0.2,2267,1
1,0.2,2268,1
1,0.2,2269,1
1,0.2,2270,-1
1,0.2,2271,1
1,0.2,2272,1
1,0.2,2273,1
1,0.2,2274,1
1,0.2,2275,1
1,0.2,2276,1
1,0.2,2277,1
1,0.2,2278,1
1,0.2,2279,1
1,0.2,2280,1
1,0.2,2281,-1
1,0.2,2282,1
1,0.2,2283,-1
1,0.2,2284,1
1,0.2,2285,1
1,0.2,2286,1
1,0.2,2287,1
1,0.2,2288,1
1,0.2,2289,1
1,0.2,2290,1
1,0.2,2291,1
1,0.2,2292,1
1,0.2,2293,1
1,0.2,2294,1
1,0.2,2295,-1
1,0.2,2296,1
1,0.2,2297,-1
1,0.2,2298,-1
1,0.2,2299,1
1,0.2,2300,1
1,0.2,2301,1
1,0.2,2302,1
1,0.2,2303,1
1,0.2,2304,1
1,0.2,2305,1
1,0.2,2306,1
1,0.2,2307,1
1,0.2,2308,1
1,0.2,2309,1
1,0.2,2310,1
1,0.2,2311,1
1,0.2,2312,1
1,0.2,2313,1
1,0.2,2314,1
1,0.2,2315,1
1,0.2,2316,1
1,0.2,2317,1
1,0.2,2318,1
1,0.2,2319,1
1,0.2,2320,-1
1,0.2,2321,1
1,0.2,2322,1
1,0.2,2323,1
1,0.2,2324,-1
1,0.2,2325,1
1,0.2,2326,1
1,0.2,2327,1
1,0.2,2328,1
1,0.2,2329,1
1,0.2,2330,1
1,0.2,2331,-1
1,0.2,2332,-1
1,0.2,2333,1
1,0.2,2334,1
1,0.2,2335,1
1,0.2,2336,1
1,0.2,2337,1
1,0.2,2338,1
1,0.2,2339,1
1,0.2,2340,1
1,0.2,2341,1
1,0.2,2342,1
1,0.2,2343,1
1,0.2,2344,1
1,0.2,2345,1
1,0.2,2346,-1
1,0.2,2347,1
1,0.2,2348,1
1,0.2,2349,1
1,0.2,2350,1
1,0.2,2351,1
1,0.2,2352,1
1,0.2,2353,1
1,0.2,2354,1
1,0.2,2355,1
1,0.2,2356,-1
1,0.2,2357,1
1,0.2,2358,1
1,0.2,2359,1
1,0.2,2360,1
1,0.2,2361,1
1,0.2,2362,1
1,0.2,2363,1
1,0.2,2364,-1
1,0.2,2365,-1
1,0.2,2366,1
1,0.2,2367,1
1,0.2,2368,-1
1,0.2,2369,1
1,0.2,2370,1
1,0.2,2371,1
1,0.2,2372,1
1,0.2,2373,1
1,0.2,2374,1
1,0.2,2375,1
1,0.2,2376,-1
1,0.2,2377,1
1,0.2,2378,1
1,0.2,2379,1
1,0.2,2380,1
1,0.2,2381,1
1,0.2,2382,1
1,0.2,2383,1
1,0.2,2384,1
1,0.2,2385,1
1,0.2,2386,1
1,0.2,2387,1
1,0.2,2388,-1
1,0.2,2389,1
1,0.2,2390,-1
1,0.2,2391,1
1,0.2,2392,1
1,0.2,2393,1
1,0.2,2394,1
1,0.2,2395,1
1,0.2,2396,1
1,0.2,2397,-1
1,0.2,2398,1
1,0.2,2399,1
1,0.2,2400,1
1,0.2,2401,1
1,0.2,2402,1
1,0.2,2403,1
1,0.2,2404,1
1,0.2,2405,1
1,0.2,2406,1
1,0.2,2407,-1
1,0.2,2408,1
1,0.2,2409,1
1,0.2,2410,1
1,0.2,2411,-1
1,0.2,2412,1
1,0.2,2413,1
1,0.2,2414,1
1,0.2,2415,1
1,0.2,2416,1
1,0.2,2417,1
1,0.2,2418,1
1,0.2,2419,1
1,0.2,2420,1
1,0.2,2421,-1
1,0.2,2422,1
1,0.2,2423,1
1,0.2,2424,1
1,0.2,2425,1
1,0.2,2426,-1
1,0.2,2427,-1
1,0.2,2428,1
1,0.2,2429,1
1,0.2,2430,1
1,0.2,2431,1
1,0.2,2432,1
1,0.2,2433,1
1,0.2,2434,1
1,0.2,2435,1
1,0.2,2436,1
1,0.2,2437,1
1,0.2,2438,-1
1,0.2,2439,1
1,0.2,2440,1
1,0.2,2441,1
1,0.2,2442,1
1,0.2,2443,1
1,0.2,2444,-1
1,0.2,2445,1
1,0.2,2446,1
1,0.2,2447,1
1,0.2,2448,1
1,0.2,2449,-1
1,0.2,2450,1
1,0.2,2451,1
1,0.2,2452,1
1,0.2,2453,1
1,0.2,2454,1
1,0.2,2455,1
1,0.2,2456,1
1,0.2,2457,1
1,0.2,2458,1
1,0.2,2459,1
1,0.2,2460,1
1,0.2,2461,1
1,0.2,2462,1
1,0.2,2463,1
1,0.2,2464,1
1,0.2,2465,1
1,0.2,2466,1
1,0.2,2467,-1
1,0.2,2468,-1
1,0.2,2469,1
1,0.2,2470,1
1,0.2,2471,1
1,0.2,2472,1
1,0.2,2473,1
1,0.2,2474,1
1,0.2,2475,1
1,0.2,2476,1
1,0.2,2477,1
1,0.2,2478,1
1,0.2,2479,1
1,0.2,2480,1
1,0.2,2481,1
1,0.2,2482,1
1,0.2,2483,1
1,0.2,2484,-1
1,0.2,2485,1
1,0.2,2486,1
1,0.2,2487,1
1,0.2,2488,1
1,0.2,2489,1
1,0.2,2490,-1
1,0.2,2491,1
1,0.2,2492,1
1,0.2,2493,1
1,0.2,2494,-1
1,0.2,2495,1
1,0.2,2496,1
1,0.2,2497,1
1,0.2,2498,1
1,0.2,2499,1
1,0.2,2500,1
2,0.0,1,-1
2,0.0,2,1
2,0.0,3,1
2,0.0,4,-1
2,0.0,5,1
2,0.0,6,-1
2,0.0,7,-1
2,0.0,8,1
2,0.0,9,1
2,0.0,10,-1
2,0.0,11,-1
2,0.0,12,-1
2,0.0,13,1
2,0.0,14,-1
2,0.0,15,-1
2,0.0,16,-1
2,0.0,17,-1
2,0.0,18,-1
2,0.0,19,1
2,0.0,20,-1
2,0.0,21,1
2,0.0,22,-1
2,0.0,23,-1
2,0.0,24,-1
2,0.0,25,1
2,0.0,26,-1
2,0.0,27,1
2,0.0,28,-1
2,0.0,29,1
2,0.0,30,-1
2,0.0,31,1
2,0.0,32,-1
2,0.0,33,1
2,0.0,34,1
2,0.0,35,-1
2,0.0,36,-1
2,0.0,37,1
2,0.0,38,-1
2,0.0,39,1
2,0.0,40,-1
2,0.0,41,-1
2,0.0,42,1
2,0.0,43,1
2,0.0,44,-1
2,0.0,45,-1
2,0.0,46,-1
2,0.0,47,-1
2,0.0,48,1
2,0.0,49,-1
2,0.0,50,1
2,0.0,51,1
2,0.0,52,-1
2,0.0,53,-1
2,0.0,54,1
2,0.0,55,1
2,0.0,56,-1
2,0.0,57,1
2,0.0,58,1
2,0.0,59,1
2,0.0,60,1
2,0.0,61,1
2,0.0,62,1
2,0.0,63,1
2,0.0,64,-1
2,0.0,65,1
2,0.0,66,-1
2,0.0,67,1
2,0.0,68,-1
2,0.0,69,1
2,0.0,70,-1
2,0.0,71,-1
2,0.0,72,-1
2,0.0,73,-1
2,0.0,74,1
2,0.0,75,1
2,0.0,76,1
2,0.0,77,-1
2,0.0,78,1
2,0.0,79,-1
2,0.0,80,-1
2,0.0,81,1
2,0.0,82,1
2,0.0,83,-1
2,0.0,84,1
2,0.0,85,1
2,0.0,86,-1
2,0.0,87,-1
2,0.0,88,-1
2,0.0,89,1
2,0.0,90,-1
2,0.0,91,1
2,0.0,92,1
2,0.0,93,1
2,0.0,94,1
2,0.0,95,1
2,0.0,96,1
2,0.0,97,1
2,0.0,98,1
2,0.0,99,1
2,0.0,100,1
2,0.0,101,-1
2,0.0,102,1
2,0.0,103,1
2,0.0,104,-1
2,0.0,105,-1
2,0.0,106,-1
2,0.0,107,1
2,0.0,108,1
2,0.0,109,1
2,0.0,110,1
2,0.0,111,1
2,0.0,112,1
2,0.0,113,-1
2,0.0,114,1
2,0.0,115,-1
2,0.0,116,1
2,0.0,117,-1
2,0.0,118,1
2,0.0,119,1
2,0.0,120,1
2,0.0,121,1
2,0.0,122,1
2,0.0,123,1
2,0.0,124,1
2,0.0,125,1
2,0.0,126,1
2,0.0,127,1
2,0.0,128,-1
2,0.0,129,1
2,0.0,130,-1
2,0.0,131,1
2,0.0,132,1
2,0.0,133,1
2,0.0,134,1
2,0.0,135,1
2,0.0,136,1
2,0.0,137,-1
2,0.0,138,1
2,0.0,139,1
2,0.0,140,-1
2,0.0,141,1
2,0.0,142,1
2,0.0,143,1
2,0.0,144,-1
2,0.0,145,1
2,0.0,146,1
2,0.0,147,1
2,0.0,148,-1
2,0.0,149,1
2,0.0,150,1
2,0.0,151,-1
2,0.0,152,1
2,0.0,153,-1
2,0.0,154,1
2,0.0,155,1
2,0.0,156,1
2,0.0,157,-1
2,0.0,158,1
2,0.0,159,-1
2,0.0,160,1
2,0.0,161,1
2,0.0,162,1
2,0.0,163,1
2,0.0,164,1
2,0.0,165,1
2,0.0,166,1
2,0.0,167,1
2,0.0,168,-1
2,0.0,169,1
2,0.0,170,1
2,0.0,171,1
2,0.0,172,1
2,0.0,173,1
2,0.0,174,1
2,0.0,175,1
2,0.0,176,1
2,0.0,177,-1
2,0.0,178,1
2,0.0,179,1
2,0.0,180,1
2,0.0,181,1
2,0.0,182,-1
2,0.0,183,-1
2,0.0,184,1
2,0.0,185,1
2,0.0,186,1
2,0.0,187,1
2,0.0,188,1
2,0.0,189,1
2,0.0,190,1
2,0.0,191,1
2,0.0,192,1
2,0.0,193,1
2,0.0,194,1
2,0.0,195,1
2,0.0,196,1
2,0.0,197,1
2,0.0,198,1
2,0.0,199,1
2,0.0,200,1
2,0.0,201,1
2,0.0,202,1
2,0.0,203,1
2,0.0,204,1
2,0.0,205,1
2,0.0,206,-1
2,0.0,207,-1
2,0.0,208,1
2,0.0,209,1
2,0.0,210,1
2,0.0,211,1
2,0.0,212,1
2,0.0,213,1
2,0.0,214,1
2,0.0,215,1
2,0.0,216,1
2,0.0,217,-1
2,0.0,218,1
2,0.0,219,1
2,0.0,220,1
2,0.0,221,1
2,0.0,222,1
2,0.0,223,-1
2,0.0,224,1
2,0.0,225,1
2,0.0,226,1
2,0.0,227,1
2,0.0,228,1
2,0.0,229,1
2,0.0,230,1
2,0.0,231,1
2,0.0,232,1
2,0.0,233,-1
2,0.0,234,1
2,0.0,235,1
2,0.0,236,1
2,0.0,237,1
2,0.0,238,1
2,0.0,239,1
2,0.0,240,-1
2,0.0,241,1
2,0.0,242,1
2,0.0,243,1
2,0.0,244,1
2,0.0,245,1
2,0.0,246,1
2,0.0,247,-1
2,0.0,248,1
2,0.0,249,1
2,0.0,250,1
2,0.0,251,1
2,0.0,252,1
2,0.0,253,1
2,0.0,254,-1
2,0.0,255,1
2,0.0,256,-1
2,0.0,257,1
2,0.0,258,1
2,0.0,259,1
2,0.0,260,1
2,0.0,261,1
2,0.0,262,1
2,0.0,263,1
2,0.0,264,1
2,0.0,265,1
2,0.0,266,1
2,0.0,267,1
2,0.0,268,1
2,0.0,269,1
2,0.0,270,1
2,0.0,271,1
2,0.0,272,-1
2,0.0,273,1
2,0.0,274,1
2,0.0,275,1
2,0.0,276,1
2,0.0,277,1
2,0.0,278,-1
2,0.0,279,1
2,0.0,280,1
2,0.0,281,1
2,0.0,282,1
2,0.0,283,1
2,0.0,284,1
2,0.0,285,1
2,0.0,286,1
2,0.0,287,1
2,0.0,288,-1
2,0.0,289,1
2,0.0,290,-1
2,0.0,291,1
2,0.0,292,1
2,0.0,293,1
2,0.0,294,1
2,0.0,295,1
2,0.0,296,1
2,0.0,297,1
2,0.0,298,1
2,0.0,299,-1
2,0.0,300,-1
2,0.0,301,1
2,0.0,302,1
2,0.0,303,1
2,0.0,304,1
2,0.0,305,1
2,0.0,306,1
2,0.0,307,1
2,0.0,308,1
2,0.0,309,1
2,0.0,310,1
2,0.0,311,1
2,0.0,312,1
2,0.0,313,1
2,0.0,314,1
2,0.0,315,-1
2,0.0,316,1
2,0.0,317,1
2,0.0,318,1
2,0.0,319,1
2,0.0,320,1
2,0.0,321,1
2,0.0,322,1
2,0.0,323,1
2,0.0,324,1
2,0.0,325,1
2,0.0,326,1
2,0.0,327,-1
2,0.0,328,1
2,0.0,329,1
2,0.0,330,1
2,0.0,331,1
2,0.0,332,1
2,0.0,333,1
2,0.0,334,1
2,0.0,335,1
2,0.0,336,1
2,0.0,337,1
2,0.0,338,1
2,0.0,339,1
2,0.0,340,1
2,0.0,341,1
2,0.0,342,1
2,0.0,343,1
2,0.0,344,1
2,0.0,345,-1
2,0.0,346,1
2,0.0,347,1
2,0.0,348,-1
2,0.0,349,1
2,0.0,350,1
2,0.0,351,1
2,0.0,352,1
2,0.0,353,1
2,0.0,354,1
2,0.0,355,1
2,0.0,356,1
2,0.0,357,1
2,0.0,358,1
2,0.0,359,1
2,0.0,360,1
2,0.0,361,1
2,0.0,362,1
2,0.0,363,1
2,0.0,364,1
2,0.0,365,1
2,0.0,366,1
2,0.0,367,1
2,0.0,368,1
2,0.0,369,1
2,0.0,370,1
2,0.0,371,1
2,0.0,372,1
2,0.0,373,1
2,0.0,374,1
2,0.0,375,1
2,0.0,376,1
2,0.0,377,1
2,0.0,378,1
2,0.0,379,1
2,0.0,380,1
2,0.0,381,1
2,0.0,382,1
2,0.0,383,1
2,0.0,384,1
2,0.0,385,1
2,0.0,386,1
2,0.0,387,1
2,0.0,388,1
2,0.0,389,1
2,0.0,390,1
2,0.0,391,1
2,0.0,392,1
2,0.0,393,1
2,0.0,394,1
2,0.0,395,1
2,0.0,396,1
2,0.0,397,1
2,0.0,398,1
2,0.0,399,1
2,0.0,400,1
2,0.0,401,1
2,0.0,402,1
2,0.0,403,1
2,0.0,404,1
2,0.0,405,1
2,0.0,406,1
2,0.0,407,1
2,0.0,408,1
2,0.0,409,1
2,0.0,410,1
2,0.0,411,1
2,0.0,412,1
2,0.0,413,1
2,0.0,414,1
2,0.0,415,1
2,0.0,416,1
2,0.0,417,1
2,0.0,418,1
2,0.0,419,1
2,0.0,420,1
2,0.0,421,1
2,0.0,422,1
2,0.0,423,1
2,0.0,424,1
2,0.0,425,1
2,0.0,426,1
2,0.0,427,1
2,0.0,428,1
2,0.0,429,1
2,0.0,430,1
2,0.0,431,1
2,0.0,432,1
2,0.0,433,1
2,0.0,434,1
2,0.0,435,1
2,0.0,436,1
2,0.0,437,1
2,0.0,438,1
2,0.0,439,1
2,0.0,440,1
2,0.0,441,1
2,0.0,442,1
2,0.0,443,1
2,0.0,444,1
2,0.0,445,1
2,0.0,446,1
2,0.0,447,1
2,0.0,448,1
2,0.0,449,1
2,0.0,450,1
2,0.0,451,1
2,0.0,452,-1
2,0.0,453,1
2,0.0,454,1
2,0.0,455,1
2,0.0,456,1
2,0.0,457,1
2,0.0,458,1
2,0.0,459,1
2,0.0,460,1
2,0.0,461,1
2,0.0,462,1
2,0.0,463,1
2,0.0,464,-1
2,0.0,465,1
2,0.0,466,1
2,0.0,467,1
2,0.0,468,1
2,0.0,469,1
2,0.0,470,1
2,0.0,471,1
2,0.0,472,1
2,0.0,473,1
2,0.0,474,1
2,0.0,475,1
2,0.0,476,1
2,0.0,477,1
2,0.0,478,1
2,0.0,479,1
2,0.0,480,1
2,0.0,481,1
2,0.0,482,1
2,0.0,483,1
2,0.0,484,1
2,0.0,485,1
2,0.0,486,1
2,0.0,487,1
2,0.0,488,1
2,0.0,489,1
2,0.0,490,1
2,0.0,491,1
2,0.0,492,1
2,0.0,493,1
2,0.0,494,1
2,0.0,495,1
2,0.0,496,1
2,0.0,497,1
2,0.0,498,1
2,0.0,499,1
2,0.0,500,1
2,0.0,501,1
2,0.0,502,1
2,0.0,503,1
2,0.0,504,1
2,0.0,505,1
2,0.0,506,1
2,0.0,507,1
2,0.0,508,1
2,0.0,509,1
2,0.0,510,1
2,0.0,511,1
2,0.0,512,1
2,0.0,513,1
2,0.0,514,1
2,0.0,515,1
2,0.0,516,1
2,0.0,517,1
2,0.0,518,1
2,0.0,519,1
2,0.0,520,1
2,0.0,521,1
2,0.0,522,1
2,0.0,523,1
2,0.0,524,1
2,0.0,525,1
2,0.0,526,1
2,0.0,527,1
2,0.0,528,1
2,0.0,529,1
2,0.0,530,1
2,0.0,531,1
2,0.0,532,1
2,0.0,533,1
2,0.0,534,1
2,0.0,535,1
2,0.0,536,1
2,0.0,537,1
2,0.0,538,1
2,0.0,539,1
2,0.0,540,1
2,0.0,541,-1
2,0.0,542,1
2,0.0,543,1
2,0.0,544,1
2,0.0,545,1
2,0.0,546,1
2,0.0,547,1
2,0.0,548,1
2,0.0,549,1
2,0.0,550,1
2,0.0,551,-1
2,0.0,552,1
2,0.0,553,1
2,0.0,554,1
2,0.0,555,1
2,0.0,556,1
2,0.0,557,1
2,0.0,558,1
2,0.0,559,1
2,0.0,560,1
2,0.0,561,1
2,0.0,562,1
2,0.0,563,1
2,0.0,564,1
2,0.0,565,1
2,0.0,566,1
2,0.0,567,1
2,0.0,568,1
2,0.0,569,1
2,0.0,570,1
2,0.0,571,1
2,0.0,572,1
2,0.0,573,1
2,0.0,574,1
2,0.0,575,1
2,0.0,576,1
2,0.0,577,1
2,0.0,578,1
2,0.0,579,-1
2,0.0,580,1
2,0.0,581,-1
2,0.0,582,1
2,0.0,583,1
2,0.0,584,1
2,0.0,585,1
2,0.0,586,1
2,0.0,587,1
2,0.0,588,1
2,0.0,589,1
2,0.0,590,1
2,0.0,591,1
2,0.0,592,1
2,0.0,593,1
2,0.0,594,1
2,0.0,595,1
2,0.0,596,1
2,0.0,597,1
2,0.0,598,1
2,0.0,599,1
2,0.0,600,1
2,0.0,601,1
2,0.0,602,1
2,0.0,603,1
2,0.0,604,1
2,0.0,605,1
2,0.0,606,1
2,0.0,607,1
2,0.0,608,1
2,0.0,609,1
2,0.0,610,1
2,0.0,611,1
2,0.0,612,1
2,0.0,613,-1
2,0.0,614,1
2,0.0,615,1
2,0.0,616,1
2,0.0,617,1
2,0.0,618,-1
2,0.0,619,1
2,0.0,620,1
2,0.0,621,1
2,0.0,622,1
2,0.0,623,1
2,0.0,624,1
2,0.0,625,1
2,0.0,626,1
2,0.0,627,1
2,0.0,628,1
2,0.0,629,1
2,0.0,630,1
2,0.0,631,1
2,0.0,632,1
2,0.0,633,1
2,0.0,634,1
2,0.0,635,1
2,0.0,636,1
2,0.0,637,1
2,0.0,638,1
2,0.0,639,1
2,0.0,640,1
2,0.0,641,1
2,0.0,642,1
2,0.0,643,1
2,0.0,644,1
2,0.0,645,1
2,0.0,646,1
2,0.0,647,1
2,0.0,648,1
2,0.0,649,1
2,0.0,650,1
2,0.0,651,1
2,0.0,652,1
2,0.0,653,1
2,0.0,654,1
2,0.0,655,1
2,0.0,656,1
2,0.0,657,1
2,0.0,658,1
2,0.0,659,1
2,0.0,660,1
2,0.0,661,1
2,0.0,662,1
2,0.0,663,1
2,0.0,664,1
2,0.0,665,1
2,0.0,666,1
2,0.0,667,1
2,0.0,668,1
2,0.0,669,1
2,0.0,670,1
2,0.0,671,1
2,0.0,672,1
2,0.0,673,1
2,0.0,674,1
2,0.0,675,1
2,0.0,676,1
2,0.0,677,1
2,0.0,678,1
2,0.0,679,1
2,0.0,680,1
2,0.0,681,1
2,0.0,682,1
2,0.0,683,1
2,0.0,684,1
2,0.0,685,1
2,0.0,686,1
2,0.0,687,1
2,0.0,688,1
2,0.0,689,1
2,0.0,690,1
2,0.0,691,1
2,0.0,692,1
2,0.0,693,1
2,0.0,694,1
2,0.0,695,1
2,0.0,696,1
2,0.0,697,1
2,0.0,698,1
2,0.0,699,1
2,0.0,700,1
2,0.0,701,1
2,0.0,702,1
2,0.0,703,1
2,0.0,704,1
2,0.0,705,1
2,0.0,706,1
2,0.0,707,1
2,0.0,708,1
2,0.0,709,1
2,0.0,710,1
2,0.0,711,1
2,0.0,712,1
2,0.0,713,1
2,0.0,714,1
2,0.0,715,1
2,0.0,716,1
2,0.0,717,1
2,0.0,718,1
2,0.0,719,1
2,0.0,720,1
2,0.0,721,1
2,0.0,722,1
2,0.0,723,1
2,0.0,724,1
2,0.0,725,1
2,0.0,726,1
2,0.0,727,1
2,0.0,728,1
2,0.0,729,1
2,0.0,730,1
2,0.0,731,1
2,0.0,732,1
2,0.0,733,1
2,0.0,734,1
2,0.0,735,1
2,0.0,736,1
2,0.0,737,-1
2,0.0,738,1
2,0.0,739,1
2,0.0,740,1
2,0.0,741,1
2,0.0,742,1
2,0.0,743,1
2,0.0,744,1
2,0.0,745,1
2,0.0,746,-1
2,0.0,747,1
2,0.0,748,1
2,0.0,749,1
2,0.0,750,1
2,0.0,751,1
2,0.0,752,1
2,0.0,753,1
2,0.0,754,1
2,0.0,755,1
2,0.0,756,1
2,0.0,757,1
2,0.0,758,1
2,0.0,759,1
2,0.0,760,1
2,0.0,761,1
2,0.0,762,1
2,0.0,763,1
2,0.0,764,1
2,0.0,765,1
2,0.0,766,1
2,0.0,767,1
2,0.0,768,1
2,0.0,769,1
2,0.0,770,1
2,0.0,771,1
2,0.0,772,1
2,0.0,773,1
2,0.0,774,1
2,0.0,775,1
2,0.0,776,1
2,0.0,777,1
2,0.0,778,-1
2,0.0,779,1
2,0.0,780,1
2,0.0,781,1
2,0.0,782,1
2,0.0,783,1
2,0.0,784,1
2,0.0,785,1
2,0.0,786,1
2,0.0,787,1
2,0.0,788,1
2,0.0,789,1
2,0.0,790,-1
2,0.0,791,1
2,0.0,792,1
2,0.0,793,1
2,0.0,794,1
2,0.0,795,1
2,0.0,796,1
2,0.0,797,1
2,0.0,798,1
2,0.0,799,1
2,0.0,800,1
2,0.0,801,1
2,0.0,802,1
2,0.0,803,1
2,0.0,804,1
2,0.0,805,1
2,0.0,806,1
2,0.0,807,1
2,0.0,808,1
2,0.0,809,1
2,0.0,810,1
2,0.0,811,1
2,0.0,812,1
2,0.0,813,1
2,0.0,814,1
2,0.0,815,1
2,0.0,816,1
2,0.0,817,1
2,0.0,818,1
2,0.0,819,1
2,0.0,820,1
2,0.0,821,1
2,0.0,822,1
2,0.0,823,1
2,0.0,824,1
2,0.0,825,1
2,0.0,826,1
2,0.0,827,1
2,0.0,828,1
2,0.0,829,1
2,0.0,830,1
2,0.0,831,-1
2,0.0,832,1
2,0.0,833,1
2,0.0,834,1
2,0.0,835,1
2,0.0,836,1
2,0.0,837,1
2,0.0,838,1
2,0.0,839,1
2,0.0,840,1
2,0.0,841,1
2,0.0,842,1
2,0.0,843,1
2,0.0,844,1
2,0.0,845,1
2,0.0,846,1
2,0.0,847,1
2,0.0,848,1
2,0.0,849,1
2,0.0,850,1
2,0.0,851,1
2,0.0,852,1
2,0.0,853,1
2,0.0,854,1
2,0.0,855,1
2,0.0,856,1
2,0.0,857,1
2,0.0,858,1
2,0.0,859,1
2,0.0,860,1
2,0.0,861,1
2,0.0,862,1
2,0.0,863,1
2,0.0,864,1
2,0.0,865,1
2,0.0,866,1
2,0.0,867,1
2,0.0,868,1
2,0.0,869,1
2,0.0,870,1
2,0.0,871,1
2,0.0,872,1
2,0.0,873,1
2,0.0,874,1
2,0.0,875,1
2,0.0,876,1
2,0.0,877,1
2,0.0,878,1
2,0.0,879,1
2,0.0,880,-1
2,0.0,881,1
2,0.0,882,1
2,0.0,883,1
2,0.0,884,1
2,0.0,885,1
2,0.0,886,1
2,0.0,887,1
2,0.0,888,1
2,0.0,889,-1
2,0.0,890,1
2,0.0,891,1
2,0.0,892,1
2,0.0,893,1
2,0.0,894,1
2,0.0,895,1
2,0.0,896,1
2,0.0,897,1
2,0.0,898,1
2,0.0,899,1
2,0.0,900,1
2,0.0,901,1
2,0.0,902,1
2,0.0,903,1
2,0.0,904,1
2,0.0,905,1
2,0.0,906,1
2,0.0,907,1
2,0.0,908,1
2,0.0,909,1
2,0.0,910,1
2,0.0,911,1
2,0.0,912,1
2,0.0,913,1
2,0.0,914,1
2,0.0,915,1
2,0.0,916,1
2,0.0,917,1
2,0.0,918,1
2,0.0,919,1
2,0.0,920,1
2,0.0,921,1
2,0.0,922,1
2,0.0,923,1
2,0.0,924,1
2,0.0,925,1
2,0.0,926,1
2,0.0,927,1
2,0.0,928,1
2,0.0,929,1
2,0.0,930,1
2,0.0,931,1
2,0.0,932,1
2,0.0,933,1
2,0.0,934,1
2,0.0,935,1
2,0.0,936,1
2,0.0,937,1
2,0.0,938,1
2,0.0,939,1
2,0.0,940,1
2,0.0,941,1
2,0.0,942,1
2,0.0,943,1
2,0.0,944,-1
2,0.0,945,1
2,0.0,946,1
2,0.0,947,1
2,0.0,948,1
2,0.0,949,1
2,0.0,950,1
2,0.0,951,1
2,0.0,952,1
2,0.0,953,1
2,0.0,954,1
2,0.0,955,1
2,0.0,956,1
2,0.0,957,1
2,0.0,958,1
2,0.0,959,1
2,0.0,960,-1
2,0.0,961,1
2,0.0,962,1
2,0.0,963,1
2,0.0,964,1
2,0.0,965,1
2,0.0,966,1
2,0.0,967,1
2,0.0,968,1
2,0.0,969,1
2,0.0,970,1
2,0.0,971,1
2,0.0,972,1
2,0.0,973,1
2,0.0,974,1
2,0.0,975,1
2,0.0,976,1
2,0.0,977,1
2,0.0,978,1
2,0.0,979,1
2,0.0,980,1
2,0.0,981,1
2,0.0,982,1
2,0.0,983,1
2,0.0,984,1
2,0.0,985,1
2,0.0,986,1
2,0.0,987,1
2,0.0,988,1
2,0.0,989,1
2,0.0,990,1
2,0.0,991,1
2,0.0,992,1
2,0.0,993,1
2,0.0,994,1
2,0.0,995,1
2,0.0,996,1
2,0.0,997,1
2,0.0,998,1
2,0.0,999,1
2,0.0,1000,1
2,0.0,1001,1
2,0.0,1002,1
2,0.0,1003,1
2,0.0,1004,1
2,0.0,1005,1
2,0.0,1006,1
2,0.0,1007,-1
2,0.0,1008,1
2,0.0,1009,1
2,0.0,1010,1
2,0.0,1011,1
2,0.0,1012,1
2,0.0,1013,1
2,0.0,1014,1
2,0.0,1015,1
2,0.0,1016,1
2,0.0,1017,1
2,0.0,1018,1
2,0.0,1019,1
2,0.0,1020,1
2,0.0,1021,1
2,0.0,1022,1
2,0.0,1023,1
2,0.0,1024,1
2,0.0,1025,1
2,0.0,1026,1
2,0.0,1027,1
2,0.0,1028,1
2,0.0,1029,1
2,0.0,1030,1
2,0.0,1031,1
2,0.0,1032,1
2,0.0,1033,1
2,0.0,1034,1
2,0.0,1035,1
2,0.0,1036,1
2,0.0,1037,1
2,0.0,1038,1
2,0.0,1039,1
2,0.0,1040,1
2,0.0,1041,1
2,0.0,1042,1
2,0.0,1043,1
2,0.0,1044,1
2,0.0,1045,1
2,0.0,1046,1
2,0.0,1047,1
2,0.0,1048,1
2,0.0,1049,1
2,0.0,1050,1
2,0.0,1051,1
2,0.0,1052,1
2,0.0,1053,1
2,0.0,1054,1
2,0.0,1055,1
2,0.0,1056,1
2,0.0,1057,1
2,0.0,1058,-1
2,0.0,1059,1
2,0.0,1060,1
2,0.0,1061,1
2,0.0,1062,1
2,0.0,1063,1
2,0.0,1064,1
2,0.0,1065,1
2,0.0,1066,1
2,0.0,1067,1
2,0.0,1068,1
2,0.0,1069,1
2,0.0,1070,1
2,0.0,1071,1
2,0.0,1072,1
2,0.0,1073,1
2,0.0,1074,1
2,0.0,1075,1
2,0.0,1076,1
2,0.0,1077,1
2,0.0,1078,1
2,0.0,1079,1
2,0.0,1080,1
2,0.0,1081,1
2,0.0,1082,1
2,0.0,1083,1
2,0.0,1084,1
2,0.0,1085,1
2,0.0,1086,1
2,0.0,1087,1
2,0.0,1088,1
2,0.0,1089,1
2,0.0,1090,1
2,0.0,1091,1
2,0.0,1092,1
2,0.0,1093,1
2,0.0,1094,1
2,0.0,1095,1
2,0.0,1096,1
2,0.0,1097,1
2,0.0,1098,1
2,0.0,1099,1
2,0.0,1100,1
2,0.0,1101,1
2,0.0,1102,1
2,0.0,1103,1
2,0.0,1104,1
2,0.0,1105,1
2,0.0,1106,1
2,0.0,1107,1
2,0.0,1108,1
2,0.0,1109,1
2,0.0,1110,1
2,0.0,1111,1
2,0.0,1112,1
2,0.0,1113,-1
2,0.0,1114,1
2,0.0,1115,1
2,0.0,1116,1
2,0.0,1117,1
2,0.0,1118,1
2,0.0,1119,1
2,0.0,1120,1
2,0.0,1121,1
2,0.0,1122,1
2,0.0,1123,1
2,0.0,1124,1
2,0.0,1125,1
2,0.0,1126,1
2,0.0,1127,1
2,0.0,1128,1
2,0.0,1129,1
2,0.0,1130,1
2,0.0,1131,1
2,0.0,1132,1
2,0.0,1133,1
2,0.0,1134,1
2,0.0,1135,1
2,0.0,1136,1
2,0.0,1137,1
2,0.0,1138,1
2,0.0,1139,1
2,0.0,1140,1
2,0.0,1141,1
2,0.0,1142,1
2,0.0,1143,1
2,0.0,1144,1
2,0.0,1145,1
2,0.0,1146,1
2,0.0,1147,1
2,0.0,1148,1
2,0.0,1149,1
2,0.0,1150,1
2,0.0,1151,1
2,0.0,1152,1
2,0.0,1153,1
2,0.0,1154,1
2,0.0,1155,1
2,0.0,1156,1
2,0.0,1157,1
2,0.0,1158,1
2,0.0,1159,1
2,0.0,1160,-1
2,0.0,1161,1
2,0.0,1162,1
2,0.0,1163,1
2,0.0,1164,1
2,0.0,1165,1
2,0.0,1166,1
2,0.0,1167,1
2,0.0,1168,1
2,0.0,1169,1
2,0.0,1170,1
2,0.0,1171,1
2,0.0,1172,1
2,0.0,1173,1
2,0.0,1174,1
2,0.0,1175,1
2,0.0,1176,1
2,0.0,1177,1
2,0.0,1178,1
2,0.0,1179,1
2,0.0,1180,1
2,0.0,1181,1
2,0.0,1182,1
2,0.0,1183,1
2,0.0,1184,1
2,0.0,1185,1
2,0.0,1186,1
2,0.0,1187,1
2,0.0,1188,-1
2,0.0,1189,1
2,0.0,1190,1
2,0.0,1191,1
2,0.0,1192,1
2,0.0,1193,1
2,0.0,1194,1
2,0.0,1195,1
2,0.0,1196,1
2,0.0,1197,1
2,0.0,1198,1
2,0.0,1199,1
2,0.0,1200,1
2,0.0,1201,1
2,0.0,1202,1
2,0.0,1203,1
2,0.0,1204,1
2,0.0,1205,1
2,0.0,1206,1
2,0.0,1207,1
2,0.0,1208,1
2,0.0,1209,1
2,0.0,1210,1
2,0.0,1211,1
2,0.0,1212,1
2,0.0,1213,1
2,0.0,1214,1
2,0.0,1215,1
2,0.0,1216,1
2,0.0,1217,1
2,0.0,1218,1
2,0.0,1219,1
2,0.0,1220,1
2,0.0,1221,1
2,0.0,1222,1
2,0.0,1223,1
2,0.0,1224,1
2,0.0,1225,1
2,0.0,1226,1
2,0.0,1227,1
2,0.0,1228,1
2,0.0,1229,1
2,0.0,1230,1
2,0.0,1231,1
2,0.0,1232,1
2,0.0,1233,1
2,0.0,1234,1
2,0.0,1235,1
2,0.0,1236,1
2,0.0,1237,1
2,0.0,1238,1
2,0.0,1239,1
2,0.0,1240,1
2,0.0,1241,1
2,0.0,1242,1
2,0.0,1243,1
2,0.0,1244,1
2,0.0,1245,1
2,0.0,1246,1
2,0.0,1247,1
2,0.0,1248,1
2,0.0,1249,1
2,0.0,1250,1
2,0.0,1251,1
2,0.0,1252,1
2,0.0,1253,1
2,0.0,1254,1
2,0.0,1255,1
2,0.0,1256,1
2,0.0,1257,1
2,0.0,1258,1
2,0.0,1259,1
2,0.0,1260,1
2,0.0,1261,1
2,0.0,1262,1
2,0.0,1263,1
2,0.0,1264,1
2,0.0,1265,1
2,0.0,1266,1
2,0.0,1267,1
2,0.0,1268,1
2,0.0,1269,1
2,0.0,1270,1
2,0.0,1271,1
2,0.0,1272,1
2,0.0,1273,1
2,0.0,1274,1
2,0.0,1275,1
2,0.0,1276,1
2,0.0,1277,1
2,0.0,1278,1
2,0.0,1279,1
2,0.0,1280,1
2,0.0,1281,1
2,0.0,1282,1
2,0.0,1283,1
2,0.0,1284,1
2,0.0,1285,1
2,0.0,1286,1
2,0.0,1287,1
2,0.0,1288,1
2,0.0,1289,1
2,0.0,1290,1
2,0.0,1291,1
2,0.0,1292,1
2,0.0,1293,1
2,0.0,1294,1
2,0.0,1295,1
2,0.0,1296,1
2,0.0,1297,1
2,0.0,1298,1
2,0.0,1299,1
2,0.0,1300,1
2,0.0,1301,1
2,0.0,1302,1
2,0.0,1303,1
2,0.0,1304,1
2,0.0,1305,1
2,0.0,1306,1
2,0.0,1307,1
2,0.0,1308,1
2,0.0,1309,1
2,0.0,1310,1
2,0.0,1311,1
2,0.0,1312,1
2,0.0,1313,1
2,0.0,1314,1
2,0.0,1315,1
2,0.0,1316,1
2,0.0,1317,1
2,0.0,1318,-1
2,0.0,1319,1
2,0.0,1320,1
2,0.0,1321,1
2,0.0,1322,1
2,0.0,1323,1
2,0.0,1324,1
2,0.0,1325,1
2,0.0,1326,1
2,0.0,1327,1
2,0.0,1328,1
2,0.0,1329,1
2,0.0,1330,1
2,0.0,1331,1
2,0.0,1332,1
2,0.0,1333,1
2,0.0,1334,1
2,0.0,1335,1
2,0.0,1336,1
2,0.0,1337,1
2,0.0,1338,1
2,0.0,1339,1
2,0.0,1340,1
2,0.0,1341,1
2,0.0,1342,1
2,0.0,1343,1
2,0.0,1344,1
2,0.0,1345,1
2,0.0,1346,1
2,0.0,1347,1
2,0.0,1348,1
2,0.0,1349,1
2,0.0,1350,1
2,0.0,1351,1
2,0.0,1352,1
2,0.0,1353,1
2,0.0,1354,1
2,0.0,1355,1
2,0.0,1356,1
2,0.0,1357,1
2,0.0,1358,1
2,0.0,1359,1
2,0.0,1360,1
2,0.0,1361,1
2,0.0,1362,1
2,0.0,1363,1
2,0.0,1364,1
2,0.0,1365,1
2,0.0,1366,1
2,0.0,1367,1
2,0.0,1368,1
2,0.0,1369,1
2,0.0,1370,1
2,0.0,1371,-1
2,0.0,1372,1
2,0.0,1373,1
2,0.0,1374,1
2,0.0,1375,1
2,0.0,1376,1
2,0.0,1377,1
2,0.0,1378,1
2,0.0,1379,1
2,0.0,1380,1
2,0.0,1381,1
2,0.0,1382,1
2,0.0,1383,1
2,0.0,1384,1
2,0.0,1385,1
2,0.0,1386,1
2,0.0,1387,1
2,0.0,1388,1
2,0.0,1389,1
2,0.0,1390,1
2,0.0,1391,1
2,0.0,1392,1
2,0.0,1393,1
2,0.0,1394,1
2,0.0,1395,1
2,0.0,1396,1
2,0.0,1397,1
2,0.0,1398,1
2,0.0,1399,1
2,0.0,1400,1
2,0.0,1401,1
2,0.0,1402,1
2,0.0,1403,1
2,0.0,1404,1
2,0.0,1405,1
2,0.0,1406,1
2,0.0,1407,1
2,0.0,1408,1
2,0.0,1409,1
2,0.0,1410,1
2,0.0,1411,1
2,0.0,1412,1
2,0.0,1413,1
2,0.0,1414,1
2,0.0,1415,1
2,0.0,1416,1
2,0.0,1417,1
2,0.0,1418,1
2,0.0,1419,1
2,0.0,1420,1
2,0.0,1421,1
2,0.0,1422,1
2,0.0,1423,1
2,0.0,1424,1
2,0.0,1425,1
2,0.0,1426,1
2,0.0,1427,1
2,0.0,1428,1
2,0.0,1429,1
2,0.0,1430,1
2,0.0,1431,1
2,0.0,1432,1
2,0.0,1433,1
2,0.0,1434,1
2,0.0,1435,1
2,0.0,1436,1
2,0.0,1437,1
2,0.0,1438,1
2,0.0,1439,1
2,0.0,1440,1
2,0.0,1441,1
2,0.0,1442,1
2,0.0,1443,1
2,0.0,1444,1
2,0.0,1445,1
2,0.0,1446,1
2,0.0,1447,1
2,0.0,1448,1
2,0.0,1449,1
2,0.0,1450,1
2,0.0,1451,1
2,0.0,1452,1
2,0.0,1453,1
2,0.0,1454,1
2,0.0,1455,1
2,0.0,1456,1
2,0.0,1457,1
2,0.0,1458,1
2,0.0,1459,1
2,0.0,1460,1
2,0.0,1461,1
2,0.0,1462,1
2,0.0,1463,1
2,0.0,1464,1
2,0.0,1465,1
2,0.0,1466,1
2,0.0,1467,1
2,0.0,1468,1
2,0.0,1469,1
2,0.0,1470,1
2,0.0,1471,1
2,0.0,1472,1
2,0.0,1473,1
2,0.0,1474,1
2,0.0,1475,1
2,0.0,1476,1
2,0.0,1477,1
2,0.0,1478,1
2,0.0,1479,1
2,0.0,1480,1
2,0.0,1481,1
2,0.0,1482,1
2,0.0,1483,1
2,0.0,1484,1
2,0.0,1485,1
2,0.0,1486,1
2,0.0,1487,1
2,0.0,1488,1
2,0.0,1489,1
2,0.0,1490,1
2,0.0,1491,1
2,0.0,1492,1
2,0.0,1493,1
2,0.0,1494,1
2,0.0,1495,1
2,0.0,1496,1
2,0.0,1497,1
2,0.0,1498,1
2,0.0,1499,1
2,0.0,1500,1
2,0.0,1501,1
2,0.0,1502,1
2,0.0,1503,1
2,0.0,1504,1
2,0.0,1505,1
2,0.0,1506,1
2,0.0,1507,1
2,0.0,1508,1
2,0.0,1509,1
2,0.0,1510,1
2,0.0,1511,1
2,0.0,1512,1
2,0.0,1513,1
2,0.0,1514,1
2,0.0,1515,1
2,0.0,1516,1
2,0.0,1517,1
2,0.0,1518,1
2,0.0,1519,1
2,0.0,1520,1
2,0.0,1521,1
2,0.0,1522,1
2,0.0,1523,1
2,0.0,1524,1
2,0.0,1525,1
2,0.0,1526,1
2,0.0,1527,1
2,0.0,1528,1
2,0.0,1529,1
2,0.0,1530,1
2,0.0,1531,1
2,0.0,1532,1
2,0.0,1533,1
2,0.0,1534,1
2,0.0,1535,1
2,0.0,1536,1
2,0.0,1537,1
2,0.0,1538,1
2,0.0,1539,1
2,0.0,1540,1
2,0.0,1541,1
2,0.0,1542,1
2,0.0,1543,1
2,0.0,1544,1
2,0.0,1545,1
2,0.0,1546,1
2,0.0,1547,1
2,0.0,1548,1
2,0.0,1549,1
2,0.0,1550,1
2,0.0,1551,1
2,0.0,1552,1
2,0.0,1553,1
2,0.0,1554,1
2,0.0,1555,1
2,0.0,1556,1
2,0.0,1557,1
2,0.0,1558,1
2,0.0,1559,1
2,0.0,1560,1
2,0.0,1561,1
2,0.0,1562,1
2,0.0,1563,1
2,0.0,1564,1
2,0.0,1565,1
2,0.0,1566,1
2,0.0,1567,1
2,0.0,1568,1
2,0.0,1569,1
2,0.0,1570,1
2,0.0,1571,1
2,0.0,1572,1
2,0.0,1573,1
2,0.0,1574,1
2,0.0,1575,1
2,0.0,1576,1
2,0.0,1577,1
2,0.0,1578,1
2,0.0,1579,1
2,0.0,1580,1
2,0.0,1581,1
2,0.0,1582,1
2,0.0,1583,1
2,0.0,1584,1
2,0.0,1585,1
2,0.0,1586,1
2,0.0,1587,1
2,0.0,1588,1
2,0.0,1589,1
2,0.0,1590,1
2,0.0,1591,1
2,0.0,1592,1
2,0.0,1593,1
2,0.0,1594,1
2,0.0,1595,1
2,0.0,1596,1
2,0.0,1597,1
2,0.0,1598,1
2,0.0,1599,1
2,0.0,1600,1
2,0.0,1601,1
2,0.0,1602,1
2,0.0,1603,1
2,0.0,1604,1
2,0.0,1605,1
2,0.0,1606,1
2,0.0,1607,1
2,0.0,1608,1
2,0.0,1609,1
2,0.0,1610,1
2,0.0,1611,1
2,0.0,1612,1
2,0.0,1613,1
2,0.0,1614,1
2,0.0,1615,1
2,0.0,1616,1
2,0.0,1617,1
2,0.0,1618,1
2,0.0,1619,1
2,0.0,1620,1
2,0.0,1621,1
2,0.0,1622,1
2,0.0,1623,1
2,0.0,1624,1
2,0.0,1625,1
2,0.0,1626,1
2,0.0,1627,1
2,0.0,1628,1
2,0.0,1629,1
2,0.0,1630,1
2,0.0,1631,1
2,0.0,1632,1
2,0.0,1633,1
2,0.0,1634,1
2,0.0,1635,1
2,0.0,1636,1
2,0.0,1637,1
2,0.0,1638,1
2,0.0,1639,1
2,0.0,1640,1
2,0.0,1641,1
2,0.0,1642,1
2,0.0,1643,1
2,0.0,1644,1
2,0.0,1645,1
2,0.0,1646,1
2,0.0,1647,1
2,0.0,1648,1
2,0.0,1649,1
2,0.0,1650,1
2,0.0,1651,1
2,0.0,1652,1
2,0.0,1653,1
2,0.0,1654,1
2,0.0,1655,1
2,0.0,1656,1
2,0.0,1657,1
2,0.0,1658,1
2,0.0,1659,1
2,0.0,1660,1
2,0.0,1661,1
2,0.0,1662,1
2,0.0,1663,1
2,0.0,1664,1
2,0.0,1665,1
2,0.0,1666,1
2,0.0,1667,1
2,0.0,1668,1
2,0.0,1669,1
2,0.0,1670,1
2,0.0,1671,1
2,0.0,1672,1
2,0.0,1673,1
2,0.0,1674,1
2,0.0,1675,1
2,0.0,1676,1
2,0.0,1677,1
2,0.0,1678,1
2,0.0,1679,1
2,0.0,1680,1
2,0.0,1681,1
2,0.0,1682,1
2,0.0,1683,1
2,0.0,1684,1
2,0.0,1685,1
2,0.0,1686,1
2,0.0,1687,1
2,0.0,1688,1
2,0.0,1689,1
2,0.0,1690,1
2,0.0,1691,1
2,0.0,1692,1
2,0.0,1693,1
2,0.0,1694,1
2,0.0,1695,1
2,0.0,1696,1
2,0.0,1697,1
2,0.0,1698,1
2,0.0,1699,1
2,0.0,1700,1
2,0.0,1701,1
2,0.0,1702,1
2,0.0,1703,1
2,0.0,1704,1
2,0.0,1705,1
2,0.0,1706,1
2,0.0,1707,1
2,0.0,1708,1
2,0.0,1709,1
2,0.0,1710,1
2,0.0,1711,1
2,0.0,1712,1
2,0.0,1713,1
2,0.0,1714,1
2,0.0,1715,1
2,0.0,1716,1
2,0.0,1717,1
2,0.0,1718,1
2,0.0,1719,1
2,0.0,1720,1
2,0.0,1721,1
2,0.0,1722,1
2,0.0,1723,1
2,0.0,1724,1
2,0.0,1725,1
2,0.0,1726,1
2,0.0,1727,1
2,0.0,1728,1
2,0.0,1729,1
2,0.0,1730,1
2,0.0,1731,1
2,0.0,1732,1
2,0.0,1733,1
2,0.0,1734,1
2,0.0,1735,1
2,0.0,1736,1
2,0.0,1737,1
2,0.0,1738,1
2,0.0,1739,1
2,0.0,1740,1
2,0.0,1741,1
2,0.0,1742,1
2,0.0,1743,1
2,0.0,1744,1
2,0.0,1745,1
2,0.0,1746,1
2,0.0,1747,1
2,0.0,1748,1
2,0.0,1749,1
2,0.0,1750,1
2,0.0,1751,1
2,0.0,1752,1
2,0.0,1753,1
2,0.0,1754,1
2,0.0,1755,1
2,0.0,1756,1
2,0.0,1757,1
2,0.0,1758,1
2,0.0,1759,1
2,0.0,1760,1
2,0.0,1761,1
2,0.0,1762,1
2,0.0,1763,1
2,0.0,1764,1
2,0.0,1765,1
2,0.0,1766,1
2,0.0,1767,1
2,0.0,1768,1
2,0.0,1769,1
2,0.0,1770,1
2,0.0,1771,1
2,0.0,1772,1
2,0.0,1773,1
2,0.0,1774,1
2,0.0,1775,1
2,0.0,1776,1
2,0.0,1777,1
2,0.0,1778,1
2,0.0,1779,1
2,0.0,1780,1
2,0.0,1781,1
2,0.0,1782,1
2,0.0,1783,1
2,0.0,1784,1
2,0.0,1785,1
2,0.0,1786,1
2,0.0,1787,1
2,0.0,1788,1
2,0.0,1789,1
2,0.0,1790,1
2,0.0,1791,1
2,0.0,1792,1
2,0.0,1793,1
2,0.0,1794,1
2,0.0,1795,1
2,0.0,1796,1
2,0.0,1797,1
2,0.0,1798,1
2,0.0,1799,1
2,0.0,1800,1
2,0.0,1801,1
2,0.0,1802,1
2,0.0,1803,1
2,0.0,1804,1
2,0.0,1805,1
2,0.0,1806,1
2,0.0,1807,1
2,0.0,1808,1
2,0.0,1809,1
2,0.0,1810,1
2,0.0,1811,1
2,0.0,1812,1
2,0.0,1813,1
2,0.0,1814,1
2,0.0,1815,1
2,0.0,1816,1
2,0.0,1817,1
2,0.0,1818,1
2,0.0,1819,1
2,0.0,1820,1
2,0.0,1821,1
2,0.0,1822,1
2,0.0,1823,1
2,0.0,1824,1
2,0.0,1825,1
2,0.0,1826,1
2,0.0,1827,1
2,0.0,1828,1
2,0.0,1829,1
2,0.0,1830,1
2,0.0,1831,1
2,0.0,1832,1
2,0.0,1833,1
2,0.0,1834,1
2,0.0,1835,1
2,0.0,1836,1
2,0.0,1837,1
2,0.0,1838,1
2,0.0,1839,1
2,0.0,1840,1
2,0.0,1841,1
2,0.0,1842,1
2,0.0,1843,1
2,0.0,1844,1
2,0.0,1845,1
2,0.0,1846,1
2,0.0,1847,1
2,0.0,1848,1
2,0.0,1849,1
2,0.0,1850,1
2,0.0,1851,1
2,0.0,1852,1
2,0.0,1853,1
2,0.0,1854,1
2,0.0,1855,1
2,0.0,1856,1
2,0.0,1857,1
2,0.0,1858,1
2,0.0,1859,1
2,0.0,1860,1
2,0.0,1861,1
2,0.0,1862,1
2,0.0,1863,1
2,0.0,1864,1
2,0.0,1865,1
2,0.0,1866,1
2,0.0,1867,1
2,0.0,1868,1
2,0.0,1869,1
2,0.0,1870,1
2,0.0,1871,1
2,0.0,1872,1
2,0.0,1873,1
2,0.0,1874,1
2,0.0,1875,1
2,0.0,1876,1
2,0.0,1877,1
2,0.0,1878,1
2,0.0,1879,1
2,0.0,1880,1
2,0.0,1881,1
2,0.0,1882,1
2,0.0,1883,1
2,0.0,1884,1
2,0.0,1885,1
2,0.0,1886,1
2,0.0,1887,1
2,0.0,1888,1
2,0.0,1889,1
2,0.0,1890,1
2,0.0,1891,1
2,0.0,1892,1
2,0.0,1893,1
2,0.0,1894,1
2,0.0,1895,1
2,0.0,1896,1
2,0.0,1897,1
2,0.0,1898,1
2,0.0,1899,1
2,0.0,1900,1
2,0.0,1901,1
2,0.0,1902,1
2,0.0,1903,1
2,0.0,1904,1
2,0.0,1905,1
2,0.0,1906,1
2,0.0,1907,1
2,0.0,1908,1
2,0.0,1909,1
2,0.0,1910,1
2,0.0,1911,1
2,0.0,1912,1
2,0.0,1913,1
2,0.0,1914,1
2,0.0,1915,1
2,0.0,1916,1
2,0.0,1917,1
2,0.0,1918,1
2,0.0,1919,1
2,0.0,1920,1
2,0.0,1921,1
2,0.0,1922,1
2,0.0,1923,1
2,0.0,1924,1
2,0.0,1925,1
2,0.0,1926,1
2,0.0,1927,1
2,0.0,1928,1
2,0.0,1929,1
2,0.0,1930,1
2,0.0,1931,1
2,0.0,1932,1
2,0.0,1933,1
2,0.0,1934,1
2,0.0,1935,1
2,0.0,1936,1
2,0.0,1937,1
2,0.0,1938,1
2,0.0,1939,1
2,0.0,1940,1
2,0.0,1941,1
2,0.0,1942,1
2,0.0,1943,1
2,0.0,1944,1
2,0.0,1945,1
2,0.0,1946,1
2,0.0,1947,1
2,0.0,1948,1
2,0.0,1949,1
2,0.0,1950,1
2,0.0,1951,1
2,0.0,1952,1
2,0.0,1953,1
2,0.0,1954,1
2,0.0,1955,1
2,0.0,1956,1
2,0.0,1957,1
2,0.0,1958,1
2,0.0,1959,1
2,0.0,1960,1
2,0.0,1961,1
2,0.0,1962,1
2,0.0,1963,1
2,0.0,1964,1
2,0.0,1965,1
2,0.0,1966,1
2,0.0,1967,1
2,0.0,1968,1
2,0.0,1969,1
2,0.0,1970,1
2,0.0,1971,1
2,0.0,1972,1
2,0.0,1973,1
2,0.0,1974,1
2,0.0,1975,1
2,0.0,1976,1
2,0.0,1977,1
2,0.0,1978,1
2,0.0,1979,1
2,0.0,1980,1
2,0.0,1981,1
2,0.0,1982,1
2,0.0,1983,1
2,0.0,1984,1
2,0.0,1985,1
2,0.0,1986,1
2,0.0,1987,1
2,0.0,1988,1
2,0.0,1989,1
2,0.0,1990,1
2,0.0,1991,1
2,0.0,1992,1
2,0.0,1993,1
2,0.0,1994,1
2,0.0,1995,1
2,0.0,1996,1
2,0.0,1997,1
2,0.0,1998,1
2,0.0,1999,1
2,0.0,2000,1
2,0.0,2001,1
2,0.0,2002,1
2,0.0,2003,1
2,0.0,2004,1
2,0.0,2005,1
2,0.0,2006,1
2,0.0,2007,1
2,0.0,2008,1
2,0.0,2009,1
2,0.0,2010,1
2,0.0,2011,1
2,0.0,2012,1
2,0.0,2013,1
2,0.0,2014,1
2,0.0,2015,1
2,0.0,2016,1
2,0.0,2017,1
2,0.0,2018,1
2,0.0,2019,1
2,0.0,2020,1
2,0.0,2021,1
2,0.0,2022,1
2,0.0,2023,1
2,0.0,2024,1
2,0.0,2025,1
2,0.0,2026,1
2,0.0,2027,1
2,0.0,2028,1
2,0.0,2029,1
2,0.0,2030,1
2,0.0,2031,1
2,0.0,2032,1
2,0.0,2033,1
2,0.0,2034,1
2,0.0,2035,1
2,0.0,2036,1
2,0.0,2037,1
2,0.0,2038,1
2,0.0,2039,1
2,0.0,2040,1
2,0.0,2041,1
2,0.0,2042,1
2,0.0,2043,1
2,0.0,2044,1
2,0.0,2045,1
2,0.0,2046,1
2,0.0,2047,1
2,0.0,2048,1
2,0.0,2049,1
2,0.0,2050,1
2,0.0,2051,1
2,0.0,2052,1
2,0.0,2053,1
2,0.0,2054,1
2,0.0,2055,1
2,0.0,2056,1
2,0.0,2057,1
2,0.0,2058,1
2,0.0,2059,1
2,0.0,2060,1
2,0.0,2061,1
2,0.0,2062,1
2,0.0,2063,1
2,0.0,2064,1
2,0.0,2065,1
2,0.0,2066,1
2,0.0,2067,1
2,0.0,2068,1
2,0.0,2069,1
2,0.0,2070,1
2,0.0,2071,1
2,0.0,2072,1
2,0.0,2073,1
2,0.0,2074,1
2,0.0,2075,1
2,0.0,2076,1
2,0.0,2077,1
2,0.0,2078,1
2,0.0,2079,1
2,0.0,2080,1
2,0.0,2081,1
2,0.0,2082,1
2,0.0,2083,1
2,0.0,2084,1
2,0.0,2085,1
2,0.0,2086,1
2,0.0,2087,1
2,0.0,2088,1
2,0.0,2089,1
2,0.0,2090,1
2,0.0,2091,1
2,0.0,2092,1
2,0.0,2093,1
2,0.0,2094,1
2,0.0,2095,1
2,0.0,2096,1
2,0.0,2097,1
2,0.0,2098,1
2,0.0,2099,1
2,0.0,2100,1
2,0.0,2101,1
2,0.0,2102,1
2,0.0,2103,1
2,0.0,2104,1
2,0.0,2105,1
2,0.0,2106,1
2,0.0,2107,1
2,0.0,2108,1
2,0.0,2109,1
2,0.0,2110,1
2,0.0,2111,1
2,0.0,2112,1
2,0.0,2113,1
2,0.0,2114,1
2,0.0,2115,1
2,0.0,2116,1
2,0.0,2117,1
2,0.0,2118,1
2,0.0,2119,1
2,0.0,2120,1
2,0.0,2121,1
2,0.0,2122,1
2,0.0,2123,1
2,0.0,2124,1
2,0.0,2125,1
2,0.0,2126,1
2,0.0,2127,1
2,0.0,2128,1
2,0.0,2129,1
2,0.0,2130,1
2,0.0,2131,1
2,0.0,2132,1
2,0.0,2133,1
2,0.0,2134,1
2,0.0,2135,1
2,0.0,2136,1
2,0.0,2137,1
2,0.0,2138,1
2,0.0,2139,1
2,0.0,2140,1
2,0.0,2141,1
2,0.0,2142,1
2,0.0,2143,1
2,0.0,2144,1
2,0.0,2145,1
2,0.0,2146,1
2,0.0,2147,1
2,0.0,2148,1
2,0.0,2149,1
2,0.0,2150,1
2,0.0,2151,1
2,0.0,2152,1
2,0.0,2153,1
2,0.0,2154,1
2,0.0,2155,1
2,0.0,2156,1
2,0.0,2157,1
2,0.0,2158,1
2,0.0,2159,1
2,0.0,2160,1
2,0.0,2161,1
2,0.0,2162,1
2,0.0,2163,1
2,0.0,2164,1
2,0.0,2165,1
2,0.0,2166,1
2,0.0,2167,1
2,0.0,2168,1
2,0.0,2169,1
2,0.0,2170,1
2,0.0,2171,1
2,0.0,2172,1
2,0.0,2173,1
2,0.0,2174,1
2,0.0,2175,1
2,0.0,2176,1
2,0.0,2177,1
2,0.0,2178,1
2,0.0,2179,1
2,0.0,2180,1
2,0.0,2181,1
2,0.0,2182,1
2,0.0,2183,1
2,0.0,2184,1
2,0.0,2185,1
2,0.0,2186,1
2,0.0,2187,1
2,0.0,2188,1
2,0.0,2189,1
2,0.0,2190,1
2,0.0,2191,1
2,0.0,2192,1
2,0.0,2193,1
2,0.0,2194,1
2,0.0,2195,1
2,0.0,2196,1
2,0.0,2197,1
2,0.0,2198,1
2,0.0,2199,1
2,0.0,2200,1
2,0.0,2201,1
2,0.0,2202,1
2,0.0,2203,1
2,0.0,2204,1
2,0.0,2205,1
2,0.0,2206,1
2,0.0,2207,1
2,0.0,2208,1
2,0.0,2209,1
2,0.0,2210,1
2,0.0,2211,1
2,0.0,2212,1
2,0.0,2213,1
2,0.0,2214,1
2,0.0,2215,1
2,0.0,2216,1
2,0.0,2217,1
2,0.0,2218,1
2,0.0,2219,1
2,0.0,2220,1
2,0.0,2221,1
2,0.0,2222,1
2,0.0,2223,1
2,0.0,2224,1
2,0.0,2225,1
2,0.0,2226,1
2,0.0,2227,1
2,0.0,2228,1
2,0.0,2229,1
2,0.0,2230,1
2,0.0,2231,1
2,0.0,2232,1
2,0.0,2233,1
2,0.0,2234,1
2,0.0,2235,1
2,0.0,2236,1
2,0.0,2237,1
2,0.0,2238,1
2,0.0,2239,1
2,0.0,2240,1
2,0.0,2241,1
2,0.0,2242,1
2,0.0,2243,1
2,0.0,2244,1
2,0.0,2245,1
2,0.0,2246,1
2,0.0,2247,1
2,0.0,2248,1
2,0.0,2249,1
2,0.0,2250,1
2,0.0,2251,1
2,0.0,2252,1
2,0.0,2253,1
2,0.0,2254,1
2,0.0,2255,1
2,0.0,2256,1
2,0.0,2257,1
2,0.0,2258,1
2,0.0,2259,1
2,0.0,2260,1
2,0.0,2261,1
2,0.0,2262,1
2,0.0,2263,1
2,0.0,2264,1
2,0.0,2265,1
2,0.0,2266,1
2,0.0,2267,1
2,0.0,2268,1
2,0.0,2269,1
2,0.0,2270,1
2,0.0,2271,1
2,0.0,2272,1
2,0.0,2273,1
2,0.0,2274,1
2,0.0,2275,1
2,0.0,2276,1
2,0.0,2277,1
2,0.0,2278,1
2,0.0,2279,1
2,0.0,2280,1
2,0.0,2281,1
2,0.0,2282,1
2,0.0,2283,1
2,0.0,2284,1
2,0.0,2285,1
2,0.0,2286,1
2,0.0,2287,1
2,0.0,2288,1
2,0.0,2289,1
2,0.0,2290,1
2,0.0,2291,1
2,0.0,2292,1
2,0.0,2293,1
2,0.0,2294,1
2,0.0,2295,1
2,0.0,2296,1
2,0.0,2297,1
2,0.0,2298,1
2,0.0,2299,1
2,0.0,2300,1
2,0.0,2301,1
2,0.0,2302,1
2,0.0,2303,1
2,0.0,2304,1
2,0.0,2305,1
2,0.0,2306,1
2,0.0,2307,1
2,0.0,2308,1
2,0.0,2309,1
2,0.0,2310,1
2,0.0,2311,1
2,0.0,2312,1
2,0.0,2313,1
2,0.0,2314,1
2,0.0,2315,1
2,0.0,2316,1
2,0.0,2317,1
2,0.0,2318,1
2,0.0,2319,1
2,0.0,2320,1
2,0.0,2321,1
2,0.0,2322,1
2,0.0,2323,1
2,0.0,2324,1
2,0.0,2325,1
2,0.0,2326,1
2,0.0,2327,1
2,0.0,2328,1
2,0.0,2329,1
2,0.0,2330,1
2,0.0,2331,1
2,0.0,2332,1
2,0.0,2333,1
2,0.0,2334,1
2,0.0,2335,1
2,0.0,2336,1
2,0.0,2337,1
2,0.0,2338,1
2,0.0,2339,1
2,0.0,2340,1
2,0.0,2341,1
2,0.0,2342,1
2,0.0,2343,1
2,0.0,2344,1
2,0.0,2345,1
2,0.0,2346,1
2,0.0,2347,1
2,0.0,2348,1
2,0.0,2349,1
2,0.0,2350,1
2,0.0,2351,1
2,0.0,2352,1
2,0.0,2353,1
2,0.0,2354,1
2,0.0,2355,1
2,0.0,2356,1
2,0.0,2357,1
2,0.0,2358,1
2,0.0,2359,1
2,0.0,2360,1
2,0.0,2361,1
2,0.0,2362,1
2,0.0,2363,1
2,0.0,2364,1
2,0.0,2365,1
2,0.0,2366,1
2,0.0,2367,1
2,0.0,2368,1
2,0.0,2369,1
2,0.0,2370,1
2,0.0,2371,1
2,0.0,2372,1
2,0.0,2373,1
2,0.0,2374,1
2,0.0,2375,1
2,0.0,2376,1
2,0.0,2377,1
2,0.0,2378,1
2,0.0,2379,1
2,0.0,2380,1
2,0.0,2381,1
2,0.0,2382,1
2,0.0,2383,1
2,0.0,2384,1
2,0.0,2385,1
2,0.0,2386,1
2,0.0,2387,1
2,0.0,2388,1
2,0.0,2389,1
2,0.0,2390,1
2,0.0,2391,1
2,0.0,2392,1
2,0.0,2393,1
2,0.0,2394,1
2,0.0,2395,1
2,0.0,2396,1
2,0.0,2397,1
2,0.0,2398,1
2,0.0,2399,1
2,0.0,2400,1
2,0.0,2401,1
2,0.0,2402,1
2,0.0,2403,1
2,0.0,2404,1
2,0.0,2405,1
2,0.0,2406,1
2,0.0,2407,1
2,0.0,2408,1
2,0.0,2409,1
2,0.0,2410,1
2,0.0,2411,1
2,0.0,2412,1
2,0.0,2413,1
2,0.0,2414,1
2,0.0,2415,1
2,0.0,2416,1
2,0.0,2417,1
2,0.0,2418,1
2,0.0,2419,1
2,0.0,2420,1
2,0.0,2421,1
2,0.0,2422,1
2,0.0,2423,1
2,0.0,2424,1
2,0.0,2425,1
2,0.0,2426,1
2,0.0,2427,1
2,0.0,2428,1
2,0.0,2429,1
2,0.0,2430,1
2,0.0,2431,1
2,0.0,2432,1
2,0.0,2433,1
2,0.0,2434,1
2,0.0,2435,1
2,0.0,2436,1
2,0.0,2437,1
2,0.0,2438,1
2,0.0,2439,1
2,0.0,2440,1
2,0.0,2441,1
2,0.0,2442,1
2,0.0,2443,1
2,0.0,2444,1
2,0.0,2445,1
2,0.0,2446,1
2,0.0,2447,1
2,0.0,2448,1
2,0.0,2449,1
2,0.0,2450,1
2,0.0,2451,1
2,0.0,2452,1
2,0.0,2453,1
2,0.0,2454,1
2,0.0,2455,1
2,0.0,2456,1
2,0.0,2457,1
2,0.0,2458,1
2,0.0,2459,1
2,0.0,2460,1
2,0.0,2461,1
2,0.0,2462,1
2,0.0,2463,1
2,0.0,2464,1
2,0.0,2465,1
2,0.0,2466,1
2,0.0,2467,1
2,0.0,2468,1
2,0.0,2469,1
2,0.0,2470,1
2,0.0,2471,1
2,0.0,2472,1
2,0.0,2473,1
2,0.0,2474,1
2,0.0,2475,1
2,0.0,2476,1
2,0.0,2477,1
2,0.0,2478,1
2,0.0,2479,1
2,0.0,2480,1
2,0.0,2481,1
2,0.0,2482,1
2,0.0,2483,1
2,0.0,2484,1
2,0.0,2485,1
2,0.0,2486,1
2,0.0,2487,1
2,0.0,2488,1
2,0.0,2489,1
2,0.0,2490,1
2,0.0,2491,1
2,0.0,2492,1
2,0.0,2493,1
2,0.0,2494,1
2,0.0,2495,1
2,0.0,2496,1
2,0.0,2497,1
2,0.0,2498,1
2,0.0,2499,1
2,0.0,2500,1
2,0.2,1,-1
2,0.2,2,1
2,0.2,3,1
2,0.2,4,-1
2,0.2,5,1
2,0.2,6,-1
2,0.2,7,-1
2,0.2,8,1
2,0.2,9,1
2,0.2,10,-1
2,0.2,11,-1
2,0.2,12,-1
2,0.2,13,1
2,0.2,14,-1
2,0.2,15,-1
2,0.2,16,-1
2,0.2,17,-1
2,0.2,18,-1
2,0.2,19,1
2,0.2,20,-1
2,0.2,21,1
2,0.2,22,-1
2,0.2,23,-1
2,0.2,24,-1
2,0.2,25,1
2,0.2,26,-1
2,0.2,27,1
2,0.2,28,-1
2,0.2,29,1
2,0.2,30,-1
2,0.2,31,1
2,0.2,32,-1
2,0.2,33,1
2,0.2,34,1
2,0.2,35,-1
2,0.2,36,-1
2,0.2,37,1
2,0.2,38,-1
2,0.2,39,1
2,0.2,40,-1
2,0.2,41,-1
2,0.2,42,1
2,0.2,43,1
2,0.2,44,-1
2,0.2,45,-1
2,0.2,46,-1
2,0.2,47,-1
2,0.2,48,1
2,0.2,49,-1
2,0.2,50,1
2,0.2,51,1
2,0.2,52,-1
2,0.2,53,-1
2,0.2,54,1
2,0.2,55,1
2,0.2,56,-1
2,0.2,57,1
2,0.2,58,1
2,0.2,59,1
2,0.2,60,1
2,0.2,61,1
2,0.2,62,1
2,0.2,63,1
2,0.2,64,-1
2,0.2,65,1
2,0.2,66,-1
2,0.2,67,1
2,0.2,68,-1
2,0.2,69,1
2,0.2,70,-1
2,0.2,71,-1
2,0.2,72,-1
2,0.2,73,-1
2,0.2,74,1
2,0.2,75,1
2,0.2,76,-1
2,0.2,77,1
2,0.2,78,1
2,0.2,79,1
2,0.2,80,1
2,0.2,81,-1
2,0.2,82,-1
2,0.2,83,-1
2,0.2,84,-1
2,0.2,85,1
2,0.2,86,-1
2,0.2,87,-1
2,0.2,88,-1
2,0.2,89,-1
2,0.2,90,-1
2,0.2,91,1
2,0.2,92,1
2,0.2,93,1
2,0.2,94,1
2,0.2,95,1
2,0.2,96,1
2,0.2,97,-1
2,0.2,98,1
2,0.2,99,1
2,0.2,100,1
2,0.2,101,-1
2,0.2,102,-1
2,0.2,103,1
2,0.2,104,-1
2,0.2,105,-1
2,0.2,106,-1
2,0.2,107,-1
2,0.2,108,1
2,0.2,109,1
2,0.2,110,-1
2,0.2,111,-1
2,0.2,112,1
2,0.2,113,-1
2,0.2,114,-1
2,0.2,115,1
2,0.2,116,1
2,0.2,117,-1
2,0.2,118,1
2,0.2,119,1
2,0.2,120,-1
2,0.2,121,1
2,0.2,122,-1
2,0.2,123,1
2,0.2,124,-1
2,0.2,125,1
2,0.2,126,1
2,0.2,127,1
2,0.2,128,-1
2,0.2,129,-1
2,0.2,130,1
2,0.2,131,1
2,0.2,132,-1
2,0.2,133,-1
2,0.2,134,1
2,0.2,135,-1
2,0.2,136,-1
2,0.2,137,-1
2,0.2,138,-1
2,0.2,139,1
2,0.2,140,-1
2,0.2,141,1
2,0.2,142,-1
2,0.2,143,1
2,0.2,144,1
2,0.2,145,-1
2,0.2,146,1
2,0.2,147,1
2,0.2,148,1
2,0.2,149,-1
2,0.2,150,-1
2,0.2,151,1
2,0.2,152,1
2,0.2,153,-1
2,0.2,154,1
2,0.2,155,1
2,0.2,156,1
2,0.2,157,-1
2,0.2,158,1
2,0.2,159,-1
2,0.2,160,1
2,0.2,161,1
2,0.2,162,1
2,0.2,163,1
2,0.2,164,1
2,0.2,165,1
2,0.2,166,1
2,0.2,167,1
2,0.2,168,1
2,0.2,169,1
2,0.2,170,1
2,0.2,171,1
2,0.2,172,1
2,0.2,173,1
2,0.2,174,-1
2,0.2,175,1
2,0.2,176,1
2,0.2,177,1
2,0.2,178,-1
2,0.2,179,1
2,0.2,180,1
2,0.2,181,1
2,0.2,182,1
2,0.2,183,1
2,0.2,184,-1
2,0.2,185,1
2,0.2,186,1
2,0.2,187,1
2,0.2,188,1
2,0.2,189,1
2,0.2,190,-1
2,0.2,191,1
2,0.2,192,1
2,0.2,193,1
2,0.2,194,1
2,0.2,195,-1
2,0.2,196,-1
2,0.2,197,-1
2,0.2,198,-1
2,0.2,199,-1
2,0.2,200,1
2,0.2,201,1
2,0.2,202,-1
2,0.2,203,1
2,0.2,204,1
2,0.2,205,1
2,0.2,206,1
2,0.2,207,1
2,0.2,208,-1
2,0.2,209,1
2,0.2,210,-1
2,0.2,211,-1
2,0.2,212,1
2,0.2,213,1
2,0.2,214,1
2,0.2,215,1
2,0.2,216,1
2,0.2,217,1
2,0.2,218,1
2,0.2,219,1
2,0.2,220,-1
2,0.2,221,1
2,0.2,222,1
2,0.2,223,1
2,0.2,224,1
2,0.2,225,1
2,0.2,226,1
2,0.2,227,-1
2,0.2,228,-1
2,0.2,229,1
2,0.2,230,1
2,0.2,231,-1
2,0.2,232,1
2,0.2,233,1
2,0.2,234,1
2,0.2,235,-1
2,0.2,236,-1
2,0.2,237,-1
2,0.2,238,1
2,0.2,239,1
2,0.2,240,-1
2,0.2,241,-1
2,0.2,242,-1
2,0.2,243,1
2,0.2,244,1
2,0.2,245,1
2,0.2,246,-1
2,0.2,247,1
2,0.2,248,1
2,0.2,249,-1
2,0.2,250,-1
2,0.2,251,-1
2,0.2,252,-1
2,0.2,253,-1
2,0.2,254,1
2,0.2,255,1
2,0.2,256,1
2,0.2,257,-1
2,0.2,258,-1
2,0.2,259,1
2,0.2,260,1
2,0.2,261,1
2,0.2,262,-1
2,0.2,263,-1
2,0.2,264,-1
2,0.2,265,1
2,0.2,266,1
2,0.2,267,1
2,0.2,268,1
2,0.2,269,-1
2,0.2,270,1
2,0.2,271,-1
2,0.2,272,1
2,0.2,273,1
2,0.2,274,1
2,0.2,275,1
2,0.2,276,1
2,0.2,277,1
2,0.2,278,-1
2,0.2,279,1
2,0.2,280,1
2,0.2,281,1
2,0.2,282,1
2,0.2,283,1
2,0.2,284,1
2,0.2,285,1
2,0.2,286,1
2,0.2,287,1
2,0.2,288,1
2,0.2,289,1
2,0.2,290,1
2,0.2,291,1
2,0.2,292,1
2,0.2,293,-1
2,0.2,294,1
2,0.2,295,1
2,0.2,296,1
2,0.2,297,-1
2,0.2,298,1
2,0.2,299,1
2,0.2,300,1
2,0.2,301,1
2,0.2,302,1
2,0.2,303,-1
2,0.2,304,1
2,0.2,305,-1
2,0.2,306,-1
2,0.2,307,1
2,0.2,308,1
2,0.2,309,-1
2,0.2,310,1
2,0.2,311,1
2,0.2,312,1
2,0.2,313,1
2,0.2,314,1
2,0.2,315,1
2,0.2,316,-1
2,0.2,317,1
2,0.2,318,-1
2,0.2,319,1
2,0.2,320,1
2,0.2,321,1
2,0.2,322,1
2,0.2,323,1
2,0.2,324,-1
2,0.2,325,1
2,0.2,326,1
2,0.2,327,1
2,0.2,328,1
2,0.2,329,1
2,0.2,330,-1
2,0.2,331,-1
2,0.2,332,1
2,0.2,333,1
2,0.2,334,-1
2,0.2,335,-1
2,0.2,336,1
2,0.2,337,1
2,0.2,338,1
2,0.2,339,1
2,0.2,340,1
2,0.2,341,1
2,0.2,342,1
2,0.2,343,1
2,0.2,344,-1
2,0.2,345,1
2,0.2,346,1
2,0.2,347,1
2,0.2,348,1
2,0.2,349,1
2,0.2,350,-1
2,0.2,351,-1
2,0.2,352,1
2,0.2,353,1
2,0.2,354,1
2,0.2,355,1
2,0.2,356,1
2,0.2,357,1
2,0.2,358,1
2,0.2,359,1
2,0.2,360,1
2,0.2,361,1
2,0.2,362,1
2,0.2,363,1
2,0.2,364,1
2,0.2,365,1
2,0.2,366,1
2,0.2,367,-1
2,0.2,368,1
2,0.2,369,1
2,0.2,370,1
2,0.2,371,-1
2,0.2,372,1
2,0.2,373,1
2,0.2,374,1
2,0.2,375,1
2,0.2,376,1
2,0.2,377,1
2,0.2,378,1
2,0.2,379,1
2,0.2,380,-1
2,0.2,381,1
2,0.2,382,1
2,0.2,383,1
2,0.2,384,-1
2,0.2,385,1
2,0.2,386,1
2,0.2,387,1
2,0.2,388,1
2,0.2,389,1
2,0.2,390,1
2,0.2,391,1
2,0.2,392,1
2,0.2,393,1
2,0.2,394,1
2,0.2,395,1
2,0.2,396,1
2,0.2,397,1
2,0.2,398,1
2,0.2,399,1
2,0.2,400,1
2,0.2,401,1
2,0.2,402,-1
2,0.2,403,1
2,0.2,404,1
2,0.2,405,1
2,0.2,406,-1
2,0.2,407,-1
2,0.2,408,1
2,0.2,409,-1
2,0.2,410,1
2,0.2,411,-1
2,0.2,412,1
2,0.2,413,-1
2,0.2,414,1
2,0.2,415,1
2,0.2,416,-1
2,0.2,417,1
2,0.2,418,1
2,0.2,419,1
2,0.2,420,-1
2,0.2,421,1
2,0.2,422,1
2,0.2,423,1
2,0.2,424,1
2,0.2,425,1
2,0.2,426,1
2,0.2,427,1
2,0.2,428,-1
2,0.2,429,1
2,0.2,430,1
2,0.2,431,1
2,0.2,432,1
2,0.2,433,1
2,0.2,434,1
2,0.2,435,1
2,0.2,436,1
2,0.2,437,1
2,0.2,438,-1
2,0.2,439,1
2,0.2,440,1
2,0.2,441,1
2,0.2,442,1
2,0.2,443,1
2,0.2,444,1
2,0.2,445,1
2,0.2,446,1
2,0.2,447,1
2,0.2,448,1
2,0.2,449,1
2,0.2,450,-1
2,0.2,451,1
2,0.2,452,1
2,0.2,453,1
2,0.2,454,1
2,0.2,455,1
2,0.2,456,1
2,0.2,457,1
2,0.2,458,-1
2,0.2,459,-1
2,0.2,460,-1
2,0.2,461,1
2,0.2,462,-1
2,0.2,463,-1
2,0.2,464,1
2,0.2,465,1
2,0.2,466,1
2,0.2,467,1
2,0.2,468,1
2,0.2,469,1
2,0.2,470,1
2,0.2,471,-1
2,0.2,472,1
2,0.2,473,1
2,0.2,474,1
2,0.2,475,1
2,0.2,476,-1
2,0.2,477,1
2,0.2,478,1
2,0.2,479,1
2,0.2,480,1
2,0.2,481,1
2,0.2,482,1
2,0.2,483,1
2,0.2,484,1
2,0.2,485,1
2,0.2,486,1
2,0.2,487,1
2,0.2,488,1
2,0.2,489,1
2,0.2,490,1
2,0.2,491,1
2,0.2,492,1
2,0.2,493,1
2,0.2,494,1
2,0.2,495,1
2,0.2,496,1
2,0.2,497,-1
2,0.2,498,1
2,0.2,499,-1
2,0.2,500,1
2,0.2,501,-1
2,0.2,502,1
2,0.2,503,1
2,0.2,504,-1
2,0.2,505,1
2,0.2,506,1
2,0.2,507,1
2,0.2,508,1
2,0.2,509,1
2,0.2,510,1
2,0.2,511,1
2,0.2,512,1
2,0.2,513,1
2,0.2,514,1
2,0.2,515,1
2,0.2,516,1
2,0.2,517,1
2,0.2,518,1
2,0.2,519,1
2,0.2,520,1
2,0.2,521,1
2,0.2,522,1
2,0.2,523,-1
2,0.2,524,1
2,0.2,525,1
2,0.2,526,1
2,0.2,527,1
2,0.2,528,-1
2,0.2,529,1
2,0.2,530,-1
2,0.2,531,1
2,0.2,532,1
2,0.2,533,-1
2,0.2,534,1
2,0.2,535,1
2,0.2,536,1
2,0.2,537,1
2,0.2,538,1
2,0.2,539,1
2,0.2,540,1
2,0.2,541,1
2,0.2,542,1
2,0.2,543,1
2,0.2,544,-1
2,0.2,545,1
2,0.2,546,1
2,0.2,547,1
2,0.2,548,1
2,0.2,549,-1
2,0.2,550,1
2,0.2,551,-1
2,0.2,552,1
2,0.2,553,1
2,0.2,554,1
2,0.2,555,1
2,0.2,556,1
2,0.2,557,1
2,0.2,558,1
2,0.2,559,-1
2,0.2,560,1
2,0.2,561,-1
2,0.2,562,1
2,0.2,563,1
2,0.2,564,1
2,0.2,565,1
2,0.2,566,1
2,0.2,567,1
2,0.2,568,1
2,0.2,569,1
2,0.2,570,1
2,0.2,571,-1
2,0.2,572,1
2,0.2,573,1
2,0.2,574,1
2,0.2,575,1
2,0.2,576,1
2,0.2,577,1
2,0.2,578,1
2,0.2,579,1
2,0.2,580,1
2,0.2,581,1
2,0.2,582,1
2,0.2,583,1
2,0.2,584,1
2,0.2,585,1
2,0.2,586,1
2,0.2,587,-1
2,0.2,588,1
2,0.2,589,1
2,0.2,590,1
2,0.2,591,1
2,0.2,592,1
2,0.2,593,1
2,0.2,594,1
2,0.2,595,1
2,0.2,596,1
2,0.2,597,1
2,0.2,598,1
2,0.2,599,1
2,0.2,600,-1
2,0.2,601,1
2,0.2,602,-1
2,0.2,603,1
2,0.2,604,1
2,0.2,605,1
2,0.2,606,1
2,0.2,607,1
2,0.2,608,-1
2,0.2,609,-1
2,0.2,610,1
2,0.2,611,1
2,0.2,612,1
2,0.2,613,1
2,0.2,614,-1
2,0.2,615,1
2,0.2,616,-1
2,0.2,617,1
2,0.2,618,1
2,0.2,619,1
2,0.2,620,1
2,0.2,621,1
2,0.2,622,-1
2,0.2,623,1
2,0.2,624,1
2,0.2,625,1
2,0.2,626,-1
2,0.2,627,1
2,0.2,628,-1
2,0.2,629,1
2,0.2,630,1
2,0.2,631,1
2,0.2,632,1
2,0.2,633,1
2,0.2,634,1
2,0.2,635,-1
2,0.2,636,1
2,0.2,637,1
2,0.2,638,1
2,0.2,639,1
2,0.2,640,-1
2,0.2,641,1
2,0.2,642,-1
2,0.2,643,1
2,0.2,644,1
2,0.2,645,1
2,0.2,646,1
2,0.2,647,-1
2,0.2,648,-1
2,0.2,649,1
2,0.2,650,1
2,0.2,651,1
2,0.2,652,-1
2,0.2,653,1
2,0.2,654,1
2,0.2,655,1
2,0.2,656,-1
2,0.2,657,1
2,0.2,658,1
2,0.2,659,1
2,0.2,660,1
2,0.2,661,1
2,0.2,662,1
2,0.2,663,1
2,0.2,664,-1
2,0.2,665,1
2,0.2,666,1
2,0.2,667,1
2,0.2,668,1
2,0.2,669,1
2,0.2,670,1
2,0.2,671,1
2,0.2,672,1
2,0.2,673,1
2,0.2,674,1
2,0.2,675,1
2,0.2,676,1
2,0.2,677,1
2,0.2,678,1
2,0.2,679,1
2,0.2,680,1
2,0.2,681,1
2,0.2,682,1
2,0.2,683,1
2,0.2,684,1
2,0.2,685,1
2,0.2,686,1
2,0.2,687,1
2,0.2,688,-1
2,0.2,689,1
2,0.2,690,1
2,0.2,691,1
2,0.2,692,1
2,0.2,693,1
2,0.2,694,1
2,0.2,695,1
2,0.2,696,1
2,0.2,697,1
2,0.2,698,1
2,0.2,699,1
2,0.2,700,1
2,0.2,701,1
2,0.2,702,1
2,0.2,703,1
2,0.2,704,1
2,0.2,705,1
2,0.2,706,1
2,0.2,707,1
2,0.2,708,1
2,0.2,709,1
2,0.2,710,1
2,0.2,711,1
2,0.2,712,1
2,0.2,713,1
2,0.2,714,1
2,0.2,715,-1
2,0.2,716,1
2,0.2,717,1
2,0.2,718,1
2,0.2,719,1
2,0.2,720,1
2,0.2,721,1
2,0.2,722,1
2,0.2,723,1
2,0.2,724,1
2,0.2,725,1
2,0.2,726,1
2,0.2,727,1
2,0.2,728,-1
2,0.2,729,1
2,0.2,730,1
2,0.2,731,1
2,0.2,732,1
2,0.2,733,-1
2,0.2,734,-1
2,0.2,735,-1
2,0.2,736,1
2,0.2,737,1
2,0.2,738,1
2,0.2,739,1
2,0.2,740,1
2,0.2,741,1
2,0.2,742,1
2,0.2,743,1
2,0.2,744,1
2,0.2,745,1
2,0.2,746,1
2,0.2,747,1
2,0.2,748,1
2,0.2,749,-1
2,0.2,750,1
2,0.2,751,1
2,0.2,752,1
2,0.2,753,1
2,0.2,754,1
2,0.2,755,1
2,0.2,756,-1
2,0.2,757,1
2,0.2,758,1
2,0.2,759,1
2,0.2,760,1
2,0.2,761,1
2,0.2,762,-1
2,0.2,763,-1
2,0.2,764,1
2,0.2,765,1
2,0.2,766,1
2,0.2,767,1
2,0.2,768,1
2,0.2,769,1
2,0.2,770,1
2,0.2,771,1
2,0.2,772,1
2,0.2,773,1
2,0.2,774,-1
2,0.2,775,1
2,0.2,776,1
2,0.2,777,1
2,0.2,778,1
2,0.2,779,-1
2,0.2,780,1
2,0.2,781,1
2,0.2,782,1
2,0.2,783,1
2,0.2,784,1
2,0.2,785,1
2,0.2,786,1
2,0.2,787,1
2,0.2,788,1
2,0.2,789,1
2,0.2,790,1
2,0.2,791,1
2,0.2,792,1
2,0.2,793,1
2,0.2,794,1
2,0.2,795,1
2,0.2,796,1
2,0.2,797,-1
2,0.2,798,-1
2,0.2,799,-1
2,0.2,800,1
2,0.2,801,-1
2,0.2,802,1
2,0.2,803,1
2,0.2,804,-1
2,0.2,805,1
2,0.2,806,1
2,0.2,807,1
2,0.2,808,1
2,0.2,809,1
2,0.2,810,-1
2,0.2,811,1
2,0.2,812,1
2,0.2,813,1
2,0.2,814,1
2,0.2,815,1
2,0.2,816,1
2,0.2,817,1
2,0.2,818,1
2,0.2,819,1
2,0.2,820,1
2,0.2,821,1
2,0.2,822,1
2,0.2,823,1
2,0.2,824,1
2,0.2,825,1
2,0.2,826,1
2,0.2,827,1
2,0.2,828,1
2,0.2,829,1
2,0.2,830,1
2,0.2,831,-1
2,0.2,832,1
2,0.2,833,1
2,0.2,834,1
2,0.2,835,1
2,0.2,836,1
2,0.2,837,1
2,0.2,838,1
2,0.2,839,1
2,0.2,840,-1
2,0.2,841,1
2,0.2,842,1
2,0.2,843,1
2,0.2,844,1
2,0.2,845,1
2,0.2,846,1
2,0.2,847,-1
2,0.2,848,1
2,0.2,849,1
2,0.2,850,1
2,0.2,851,1
2,0.2,852,1
2,0.2,853,1
2,0.2,854,1
2,0.2,855,1
2,0.2,856,1
2,0.2,857,1
2,0.2,858,1
2,0.2,859,1
2,0.2,860,1
2,0.2,861,1
2,0.2,862,1
2,0.2,863,-1
2,0.2,864,1
2,0.2,865,-1
2,0.2,866,1
2,0.2,867,1
2,0.2,868,1
2,0.2,869,1
2,0.2,870,1
2,0.2,871,-1
2,0.2,872,1
2,0.2,873,1
2,0.2,874,1
2,0.2,875,-1
2,0.2,876,1
2,0.2,877,1
2,0.2,878,1
2,0.2,879,1
2,0.2,880,1
2,0.2,881,1
2,0.2,882,1
2,0.2,883,1
2,0.2,884,1
2,0.2,885,1
2,0.2,886,1
2,0.2,887,1
2,0.2,888,1
2,0.2,889,-1
2,0.2,890,1
2,0.2,891,1
2,0.2,892,1
2,0.2,893,1
2,0.2,894,1
2,0.2,895,1
2,0.2,896,1
2,0.2,897,-1
2,0.2,898,1
2,0.2,899,1
2,0.2,900,1
2,0.2,901,1
2,0.2,902,1
2,0.2,903,1
2,0.2,904,1
2,0.2,905,1
2,0.2,906,1
2,0.2,907,1
2,0.2,908,1
2,0.2,909,1
2,0.2,910,1
2,0.2,911,1
2,0.2,912,-1
2,0.2,913,-1
2,0.2,914,1
2,0.2,915,1
2,0.2,916,1
2,0.2,917,1
2,0.2,918,1
2,0.2,919,1
2,0.2,920,1
2,0.2,921,1
2,0.2,922,1
2,0.2,923,1
2,0.2,924,1
2,0.2,925,-1
2,0.2,926,1
2,0.2,927,-1
2,0.2,928,-1
2,0.2,929,1
2,0.2,930,1
2,0.2,931,1
2,0.2,932,-1
2,0.2,933,1
2,0.2,934,-1
2,0.2,935,1
2,0.2,936,1
2,0.2,937,1
2,0.2,938,1
2,0.2,939,1
2,0.2,940,1
2,0.2,941,-1
2,0.2,942,1
2,0.2,943,-1
2,0.2,944,1
2,0.2,945,-1
2,0.2,946,1
2,0.2,947,1
2,0.2,948,1
2,0.2,949,1
2,0.2,950,1
2,0.2,951,-1
2,0.2,952,-1
2,0.2,953,1
2,0.2,954,1
2,0.2,955,1
2,0.2,956,1
2,0.2,957,1
2,0.2,958,1
2,0.2,959,1
2,0.2,960,1
2,0.2,961,1
2,0.2,962,1
2,0.2,963,1
2,0.2,964,-1
2,0.2,965,1
2,0.2,966,1
2,0.2,967,-1
2,0.2,968,1
2,0.2,969,1
2,0.2,970,1
2,0.2,971,1
2,0.2,972,1
2,0.2,973,-1
2,0.2,974,1
2,0.2,975,1
2,0.2,976,1
2,0.2,977,1
2,0.2,978,1
2,0.2,979,1
2,0.2,980,1
2,0.2,981,1
2,0.2,982,1
2,0.2,983,1
2,0.2,984,1
2,0.2,985,1
2,0.2,986,1
2,0.2,987,1
2,0.2,988,1
2,0.2,989,1
2,0.2,990,1
2,0.2,991,1
2,0.2,992,1
2,0.2,993,1
2,0.2,994,1
2,0.2,995,1
2,0.2,996,1
2,0.2,997,1
2,0.2,998,1
2,0.2,999,1
2,0.2,1000,1
2,0.2,1001,1
2,0.2,1002,1
2,0.2,1003,1
2,0.2,1004,1
2,0.2,1005,1
2,0.2,1006,1
2,0.2,1007,1
2,0.2,1008,1
2,0.2,1009,1
2,0.2,1010,1
2,0.2,1011,1
2,0.2,1012,1
2,0.2,1013,1
2,0.2,1014,1
2,0.2,1015,-1
2,0.2,1016,1
2,0.2,1017,1
2,0.2,1018,-1
2,0.2,1019,1
2,0.2,1020,1
2,0.2,1021,1
2,0.2,1022,1
2,0.2,1023,1
2,0.2,1024,1
2,0.2,1025,1
2,0.2,1026,1
2,0.2,1027,1
2,0.2,1028,-1
2,0.2,1029,1
2,0.2,1030,1
2,0.2,1031,1
2,0.2,1032,1
2,0.2,1033,1
2,0.2,1034,1
2,0.2,1035,1
2,0.2,1036,-1
2,0.2,1037,1
2,0.2,1038,1
2,0.2,1039,1
2,0.2,1040,1
2,0.2,1041,1
2,0.2,1042,1
2,0.2,1043,1
2,0.2,1044,-1
2,0.2,1045,1
2,0.2,1046,1
2,0.2,1047,1
2,0.2,1048,1
2,0.2,1049,1
2,0.2,1050,1
2,0.2,1051,-1
2,0.2,1052,1
2,0.2,1053,1
2,0.2,1054,1
2,0.2,1055,1
2,0.2,1056,1
2,0.2,1057,1
2,0.2,1058,1
2,0.2,1059,1
2,0.2,1060,1
2,0.2,1061,1
2,0.2,1062,1
2,0.2,1063,1
2,0.2,1064,1
2,0.2,1065,-1
2,0.2,1066,1
2,0.2,1067,1
2,0.2,1068,1
2,0.2,1069,1
2,0.2,1070,1
2,0.2,1071,-1
2,0.2,1072,1
2,0.2,1073,1
2,0.2,1074,1
2,0.2,1075,1
2,0.2,1076,1
2,0.2,1077,1
2,0.2,1078,1
2,0.2,1079,1
2,0.2,1080,1
2,0.2,1081,1
2,0.2,1082,1
2,0.2,1083,1
2,0.2,1084,-1
2,0.2,1085,1
2,0.2,1086,1
2,0.2,1087,-1
2,0.2,1088,1
2,0.2,1089,1
2,0.2,1090,1
2,0.2,1091,-1
2,0.2,1092,1
2,0.2,1093,1
2,0.2,1094,-1
2,0.2,1095,1
2,0.2,1096,1
2,0.2,1097,1
2,0.2,1098,-1
2,0.2,1099,1
2,0.2,1100,1
2,0.2,1101,1
2,0.2,1102,1
2,0.2,1103,1
2,0.2,1104,-1
2,0.2,1105,-1
2,0.2,1106,1
2,0.2,1107,1
2,0.2,1108,-1
2,0.2,1109,-1
2,0.2,1110,-1
2,0.2,1111,-1
2,0.2,1112,1
2,0.2,1113,1
2,0.2,1114,1
2,0.2,1115,1
2,0.2,1116,1
2,0.2,1117,1
2,0.2,1118,1
2,0.2,1119,-1
2,0.2,1120,1
2,0.2,1121,1
2,0.2,1122,1
2,0.2,1123,1
2,0.2,1124,-1
2,0.2,1125,1
2,0.2,1126,1
2,0.2,1127,-1
2,0.2,1128,-1
2,0.2,1129,1
2,0.2,1130,1
2,0.2,1131,1
2,0.2,1132,1
2,0.2,1133,1
2,0.2,1134,1
2,0.2,1135,1
2,0.2,1136,1
2,0.2,1137,-1
2,0.2,1138,1
2,0.2,1139,-1
2,0.2,1140,1
2,0.2,1141,1
2,0.2,1142,1
2,0.2,1143,-1
2,0.2,1144,1
2,0.2,1145,1
2,0.2,1146,1
2,0.2,1147,1
2,0.2,1148,1
2,0.2,1149,1
2,0.2,1150,-1
2,0.2,1151,1
2,0.2,1152,1
2,0.2,1153,1
2,0.2,1154,1
2,0.2,1155,1
2,0.2,1156,1
2,0.2,1157,1
2,0.2,1158,1
2,0.2,1159,1
2,0.2,1160,1
2,0.2,1161,1
2,0.2,1162,1
2,0.2,1163,1
2,0.2,1164,1
2,0.2,1165,1
2,0.2,1166,1
2,0.2,1167,1
2,0.2,1168,1
2,0.2,1169,-1
2,0.2,1170,1
2,0.2,1171,1
2,0.2,1172,1
2,0.2,1173,-1
2,0.2,1174,1
2,0.2,1175,1
2,0.2,1176,1
2,0.2,1177,1
2,0.2,1178,1
2,0.2,1179,-1
2,0.2,1180,1
2,0.2,1181,1
2,0.2,1182,1
2,0.2,1183,1
2,0.2,1184,1
2,0.2,1185,1
2,0.2,1186,1
2,0.2,1187,1
2,0.2,1188,1
2,0.2,1189,-1
2,0.2,1190,1
2,0.2,1191,1
2,0.2,1192,1
2,0.2,1193,1
2,0.2,1194,1
2,0.2,1195,1
2,0.2,1196,-1
2,0.2,1197,1
2,0.2,1198,1
2,0.2,1199,1
2,0.2,1200,1
2,0.2,1201,1
2,0.2,1202,-1
2,0.2,1203,1
2,0.2,1204,1
2,0.2,1205,1
2,0.2,1206,1
2,0.2,1207,1
2,0.2,1208,1
2,0.2,1209,1
2,0.2,1210,1
2,0.2,1211,1
2,0.2,1212,1
2,0.2,1213,1
2,0.2,1214,1
2,0.2,1215,1
2,0.2,1216,1
2,0.2,1217,1
2,0.2,1218,1
2,0.2,1219,1
2,0.2,1220,1
2,0.2,1221,1
2,0.2,1222,1
2,0.2,1223,1
2,0.2,1224,1
2,0.2,1225,1
2,0.2,1226,1
2,0.2,1227,1
2,0.2,1228,1
2,0.2,1229,1
2,0.2,1230,1
2,0.2,1231,1
2,0.2,1232,1
2,0.2,1233,-1
2,0.2,1234,1
2,0.2,1235,1
2,0.2,1236,1
2,0.2,1237,1
2,0.2,1238,1
2,0.2,1239,-1
2,0.2,1240,1
2,0.2,1241,1
2,0.2,1242,-1
2,0.2,1243,1
2,0.2,1244,1
2,0.2,1245,1
2,0.2,1246,1
2,0.2,1247,1
2,0.2,1248,1
2,0.2,1249,1
2,0.2,1250,1
2,0.2,1251,1
2,0.2,1252,1
2,0.2,1253,1
2,0.2,1254,1
2,0.2,1255,-1
2,0.2,1256,1
2,0.2,1257,1
2,0.2,1258,1
2,0.2,1259,1
2,0.2,1260,1
2,0.2,1261,1
2,0.2,1262,1
2,0.2,1263,1
2,0.2,1264,-1
2,0.2,1265,1
2,0.2,1266,1
2,0.2,1267,1
2,0.2,1268,1
2,0.2,1269,1
2,0.2,1270,1
2,0.2,1271,1
2,0.2,1272,1
2,0.2,1273,1
2,0.2,1274,1
2,0.2,1275,1
2,0.2,1276,1
2,0.2,1277,1
2,0.2,1278,1
2,0.2,1279,1
2,0.2,1280,1
2,0.2,1281,1
2,0.2,1282,1
2,0.2,1283,1
2,0.2,1284,1
2,0.2,1285,1
2,0.2,1286,1
2,0.2,1287,1
2,0.2,1288,1
2,0.2,1289,1
2,0.2,1290,1
2,0.2,1291,-1
2,0.2,1292,1
2,0.2,1293,1
2,0.2,1294,-1
2,0.2,1295,1
2,0.2,1296,1
2,0.2,1297,1
2,0.2,1298,1
2,0.2,1299,1
2,0.2,1300,1
2,0.2,1301,-1
2,0.2,1302,1
2,0.2,1303,1
2,0.2,1304,1
2,0.2,1305,1
2,0.2,1306,1
2,0.2,1307,1
2,0.2,1308,1
2,0.2,1309,1
2,0.2,1310,1
2,0.2,1311,1
2,0.2,1312,1
2,0.2,1313,-1
2,0.2,1314,1
2,0.2,1315,1
2,0.2,1316,1
2,0.2,1317,1
2,0.2,1318,1
2,0.2,1319,1
2,0.2,1320,1
2,0.2,1321,1
2,0.2,1322,1
2,0.2,1323,1
2,0.2,1324,1
2,0.2,1325,1
2,0.2,1326,1
2,0.2,1327,1
2,0.2,1328,1
2,0.2,1329,1
2,0.2,1330,1
2,0.2,1331,-1
2,0.2,1332,1
2,0.2,1333,1
2,0.2,1334,1
2,0.2,1335,1
2,0.2,1336,1
2,0.2,1337,1
2,0.2,1338,1
2,0.2,1339,1
2,0.2,1340,1
2,0.2,1341,1
2,0.2,1342,1
2,0.2,1343,1
2,0.2,1344,1
2,0.2,1345,1
2,0.2,1346,1
2,0.2,1347,1
2,0.2,1348,-1
2,0.2,1349,1
2,0.2,1350,1
2,0.2,1351,1
2,0.2,1352,1
2,0.2,1353,1
2,0.2,1354,1
2,0.2,1355,1
2,0.2,1356,1
2,0.2,1357,1
2,0.2,1358,1
2,0.2,1359,1
2,0.2,1360,1
2,0.2,1361,1
2,0.2,1362,1
2,0.2,1363,1
2,0.2,1364,1
2,0.2,1365,1
2,0.2,1366,1
2,0.2,1367,-1
2,0.2,1368,1
2,0.2,1369,1
2,0.2,1370,1
2,0.2,1371,1
2,0.2,1372,1
2,0.2,1373,1
2,0.2,1374,-1
2,0.2,1375,1
2,0.2,1376,1
2,0.2,1377,1
2,0.2,1378,1
2,0.2,1379,-1
2,0.2,1380,1
2,0.2,1381,1
2,0.2,1382,1
2,0.2,1383,1
2,0.2,1384,1
2,0.2,1385,1
2,0.2,1386,1
2,0.2,1387,1
2,0.2,1388,-1
2,0.2,1389,1
2,0.2,1390,1
2,0.2,1391,1
2,0.2,1392,1
2,0.2,1393,1
2,0.2,1394,1
2,0.2,1395,1
2,0.2,1396,1
2,0.2,1397,1
2,0.2,1398,-1
2,0.2,1399,-1
2,0.2,1400,1
2,0.2,1401,1
2,0.2,1402,1
2,0.2,1403,1
2,0.2,1404,1
2,0.2,1405,1
2,0.2,1406,1
2,0.2,1407,1
2,0.2,1408,1
2,0.2,1409,1
2,0.2,1410,1
2,0.2,1411,-1
2,0.2,1412,1
2,0.2,1413,1
2,0.2,1414,1
2,0.2,1415,1
2,0.2,1416,1
2,0.2,1417,1
2,0.2,1418,1
2,0.2,1419,-1
2,0.2,1420,1
2,0.2,1421,-1
2,0.2,1422,1
2,0.2,1423,1
2,0.2,1424,-1
2,0.2,1425,1
2,0.2,1426,1
2,0.2,1427,1
2,0.2,1428,1
2,0.2,1429,1
2,0.2,1430,1
2,0.2,1431,-1
2,0.2,1432,1
2,0.2,1433,1
2,0.2,1434,1
2,0.2,1435,1
2,0.2,1436,1
2,0.2,1437,1
2,0.2,1438,1
2,0.2,1439,1
2,0.2,1440,1
2,0.2,1441,1
2,0.2,1442,1
2,0.2,1443,1
2,0.2,1444,1
2,0.2,1445,1
2,0.2,1446,1
2,0.2,1447,1
2,0.2,1448,1
2,0.2,1449,1
2,0.2,1450,1
2,0.2,1451,-1
2,0.2,1452,-1
2,0.2,1453,1
2,0.2,1454,1
2,0.2,1455,-1
2,0.2,1456,1
2,0.2,1457,1
2,0.2,1458,1
2,0.2,1459,1
2,0.2,1460,-1
2,0.2,1461,1
2,0.2,1462,1
2,0.2,1463,1
2,0.2,1464,1
2,0.2,1465,1
2,0.2,1466,1
2,0.2,1467,1
2,0.2,1468,1
2,0.2,1469,1
2,0.2,1470,1
2,0.2,1471,1
2,0.2,1472,-1
2,0.2,1473,1
2,0.2,1474,1
2,0.2,1475,1
2,0.2,1476,1
2,0.2,1477,1
2,0.2,1478,1
2,0.2,1479,1
2,0.2,1480,1
2,0.2,1481,1
2,0.2,1482,1
2,0.2,1483,1
2,0.2,1484,1
2,0.2,1485,1
2,0.2,1486,-1
2,0.2,1487,1
2,0.2,1488,1
2,0.2,1489,1
2,0.2,1490,1
2,0.2,1491,1
2,0.2,1492,1
2,0.2,1493,-1
2,0.2,1494,1
2,0.2,1495,1
2,0.2,1496,1
2,0.2,1497,1
2,0.2,1498,1
2,0.2,1499,1
2,0.2,1500,1
2,0.2,1501,1
2,0.2,1502,1
2,0.2,1503,1
2,0.2,1504,1
2,0.2,1505,-1
2,0.2,1506,1
2,0.2,1507,1
2,0.2,1508,-1
2,0.2,1509,1
2,0.2,1510,1
2,0.2,1511,1
2,0.2,1512,1
2,0.2,1513,1
2,0.2,1514,1
2,0.2,1515,1
2,0.2,1516,1
2,0.2,1517,1
2,0.2,1518,1
2,0.2,1519,1
2,0.2,1520,1
2,0.2,1521,1
2,0.2,1522,1
2,0.2,1523,-1
2,0.2,1524,-1
2,0.2,1525,1
2,0.2,1526,1
2,0.2,1527,1
2,0.2,1528,1
2,0.2,1529,1
2,0.2,1530,1
2,0.2,1531,-1
2,0.2,1532,1
2,0.2,1533,1
2,0.2,1534,-1
2,0.2,1535,1
2,0.2,1536,-1
2,0.2,1537,1
2,0.2,1538,1
2,0.2,1539,1
2,0.2,1540,1
2,0.2,1541,1
2,0.2,1542,1
2,0.2,1543,1
2,0.2,1544,1
2,0.2,1545,1
2,0.2,1546,1
2,0.2,1547,1
2,0.2,1548,1
2,0.2,1549,1
2,0.2,1550,1
2,0.2,1551,1
2,0.2,1552,1
2,0.2,1553,1
2,0.2,1554,1
2,0.2,1555,1
2,0.2,1556,1
2,0.2,1557,1
2,0.2,1558,-1
2,0.2,1559,1
2,0.2,1560,-1
2,0.2,1561,-1
2,0.2,1562,1
2,0.2,1563,1
2,0.2,1564,1
2,0.2,1565,1
2,0.2,1566,1
2,0.2,1567,1
2,0.2,1568,1
2,0.2,1569,1
2,0.2,1570,-1
2,0.2,1571,1
2,0.2,1572,1
2,0.2,1573,1
2,0.2,1574,1
2,0.2,1575,1
2,0.2,1576,1
2,0.2,1577,1
2,0.2,1578,1
2,0.2,1579,1
2,0.2,1580,-1
2,0.2,1581,1
2,0.2,1582,1
2,0.2,1583,1
2,0.2,1584,1
2,0.2,1585,1
2,0.2,1586,1
2,0.2,1587,1
2,0.2,1588,1
2,0.2,1589,1
2,0.2,1590,1
2,0.2,1591,1
2,0.2,1592,-1
2,0.2,1593,-1
2,0.2,1594,1
2,0.2,1595,1
2,0.2,1596,1
2,0.2,1597,1
2,0.2,1598,1
2,0.2,1599,1
2,0.2,1600,-1
2,0.2,1601,-1
2,0.2,1602,1
2,0.2,1603,1
2,0.2,1604,1
2,0.2,1605,1
2,0.2,1606,1
2,0.2,1607,1
2,0.2,1608,1
2,0.2,1609,1
2,0.2,1610,1
2,0.2,1611,1
2,0.2,1612,-1
2,0.2,1613,-1
2,0.2,1614,1
2,0.2,1615,-1
2,0.2,1616,1
2,0.2,1617,1
2,0.2,1618,-1
2,0.2,1619,1
2,0.2,1620,1
2,0.2,1621,1
2,0.2,1622,-1
2,0.2,1623,-1
2,0.2,1624,1
2,0.2,1625,1
2,0.2,1626,1
2,0.2,1627,1
2,0.2,1628,1
2,0.2,1629,1
2,0.2,1630,1
2,0.2,1631,-1
2,0.2,1632,1
2,0.2,1633,1
2,0.2,1634,1
2,0.2,1635,1
2,0.2,1636,1
2,0.2,1637,1
2,0.2,1638,1
2,0.2,1639,1
2,0.2,1640,1
2,0.2,1641,-1
2,0.2,1642,1
2,0.2,1643,1
2,0.2,1644,-1
2,0.2,1645,1
2,0.2,1646,1
2,0.2,1647,1
2,0.2,1648,-1
2,0.2,1649,1
2,0.2,1650,1
2,0.2,1651,1
2,0.2,1652,1
2,0.2,1653,1
2,0.2,1654,1
2,0.2,1655,-1
2,0.2,1656,1
2,0.2,1657,1
2,0.2,1658,1
2,0.2,1659,1
2,0.2,1660,1
2,0.2,1661,1
2,0.2,1662,1
2,0.2,1663,1
2,0.2,1664,1
2,0.2,1665,1
2,0.2,1666,1
2,0.2,1667,1
2,0.2,1668,1
2,0.2,1669,-1
2,0.2,1670,1
2,0.2,1671,1
2,0.2,1672,1
2,0.2,1673,1
2,0.2,1674,1
2,0.2,1675,1
2,0.2,1676,1
2,0.2,1677,1
2,0.2,1678,1
2,0.2,1679,1
2,0.2,1680,1
2,0.2,1681,1
2,0.2,1682,-1
2,0.2,1683,1
2,0.2,1684,1
2,0.2,1685,1
2,0.2,1686,-1
2,0.2,1687,1
2,0.2,1688,1
2,0.2,1689,1
2,0.2,1690,1
2,0.2,1691,-1
2,0.2,1692,1
2,0.2,1693,1
2,0.2,1694,1
2,0.2,1695,1
2,0.2,1696,1
2,0.2,1697,-1
2,0.2,1698,1
2,0.2,1699,-1
2,0.2,1700,1
2,0.2,1701,1
2,0.2,1702,-1
2,0.2,1703,1
2,0.2,1704,1
2,0.2,1705,1
2,0.2,1706,1
2,0.2,1707,1
2,0.2,1708,1
2,0.2,1709,1
2,0.2,1710,1
2,0.2,1711,1
2,0.2,1712,1
2,0.2,1713,1
2,0.2,1714,1
2,0.2,1715,1
2,0.2,1716,1
2,0.2,1717,1
2,0.2,1718,1
2,0.2,1719,1
2,0.2,1720,-1
2,0.2,1721,1
2,0.2,1722,1
2,0.2,1723,1
2,0.2,1724,-1
2,0.2,1725,1
2,0.2,1726,1
2,0.2,1727,1
2,0.2,1728,-1
2,0.2,1729,1
2,0.2,1730,1
2,0.2,1731,1
2,0.2,1732,1
2,0.2,1733,-1
2,0.2,1734,1
2,0.2,1735,1
2,0.2,1736,1
2,0.2,1737,-1
2,0.2,1738,1
2,0.2,1739,-1
2,0.2,1740,1
2,0.2,1741,1
2,0.2,1742,-1
2,0.2,1743,1
2,0.2,1744,1
2,0.2,1745,1
2,0.2,1746,1
2,0.2,1747,1
2,0.2,1748,1
2,0.2,1749,1
2,0.2,1750,1
2,0.2,1751,1
2,0.2,1752,1
2,0.2,1753,1
2,0.2,1754,1
2,0.2,1755,1
2,0.2,1756,1
2,0.2,1757,1
2,0.2,1758,1
2,0.2,1759,-1
2,0.2,1760,1
2,0.2,1761,1
2,0.2,1762,1
2,0.2,1763,1
2,0.2,1764,1
2,0.2,1765,-1
2,0.2,1766,1
2,0.2,1767,1
2,0.2,1768,1
2,0.2,1769,1
2,0.2,1770,1
2,0.2,1771,-1
2,0.2,1772,1
2,0.2,1773,1
2,0.2,1774,1
2,0.2,1775,-1
2,0.2,1776,1
2,0.2,1777,-1
2,0.2,1778,1
2,0.2,1779,1
2,0.2,1780,1
2,0.2,1781,1
2,0.2,1782,1
2,0.2,1783,-1
2,0.2,1784,1
2,0.2,1785,1
2,0.2,1786,1
2,0.2,1787,1
2,0.2,1788,-1
2,0.2,1789,-1
2,0.2,1790,1
2,0.2,1791,1
2,0.2,1792,1
2,0.2,1793,1
2,0.2,1794,1
2,0.2,1795,-1
2,0.2,1796,1
2,0.2,1797,1
2,0.2,1798,1
2,0.2,1799,1
2,0.2,1800,-1
2,0.2,1801,1
2,0.2,1802,1
2,0.2,1803,1
2,0.2,1804,1
2,0.2,1805,1
2,0.2,1806,1
2,0.2,1807,1
2,0.2,1808,1
2,0.2,1809,1
2,0.2,1810,1
2,0.2,1811,-1
2,0.2,1812,1
2,0.2,1813,1
2,0.2,1814,1
2,0.2,1815,1
2,0.2,1816,-1
2,0.2,1817,-1
2,0.2,1818,1
2,0.2,1819,-1
2,0.2,1820,1
2,0.2,1821,1
2,0.2,1822,1
2,0.2,1823,1
2,0.2,1824,1
2,0.2,1825,1
2,0.2,1826,1
2,0.2,1827,-1
2,0.2,1828,1
2,0.2,1829,1
2,0.2,1830,-1
2,0.2,1831,1
2,0.2,1832,1
2,0.2,1833,1
2,0.2,1834,1
2,0.2,1835,-1
2,0.2,1836,1
2,0.2,1837,1
2,0.2,1838,1
2,0.2,1839,1
2,0.2,1840,1
2,0.2,1841,1
2,0.2,1842,1
2,0.2,1843,-1
2,0.2,1844,1
2,0.2,1845,1
2,0.2,1846,1
2,0.2,1847,1
2,0.2,1848,-1
2,0.2,1849,1
2,0.2,1850,1
2,0.2,1851,1
2,0.2,1852,1
2,0.2,1853,1
2,0.2,1854,1
2,0.2,1855,1
2,0.2,1856,1
2,0.2,1857,1
2,0.2,1858,1
2,0.2,1859,1
2,0.2,1860,1
2,0.2,1861,1
2,0.2,1862,1
2,0.2,1863,1
2,0.2,1864,-1
2,0.2,1865,-1
2,0.2,1866,1
2,0.2,1867,1
2,0.2,1868,1
2,0.2,1869,1
2,0.2,1870,1
2,0.2,1871,-1
2,0.2,1872,1
2,0.2,1873,1
2,0.2,1874,1
2,0.2,1875,1
2,0.2,1876,-1
2,0.2,1877,-1
2,0.2,1878,1
2,0.2,1879,-1
2,0.2,1880,1
2,0.2,1881,1
2,0.2,1882,1
2,0.2,1883,1
2,0.2,1884,1
2,0.2,1885,1
2,0.2,1886,-1
2,0.2,1887,1
2,0.2,1888,1
2,0.2,1889,1
2,0.2,1890,1
2,0.2,1891,1
2,0.2,1892,1
2,0.2,1893,1
2,0.2,1894,1
2,0.2,1895,1
2,0.2,1896,-1
2,0.2,1897,1
2,0.2,1898,1
2,0.2,1899,1
2,0.2,1900,1
2,0.2,1901,-1
2,0.2,1902,1
2,0.2,1903,1
2,0.2,1904,1
2,0.2,1905,1
2,0.2,1906,1
2,0.2,1907,1
2,0.2,1908,1
2,0.2,1909,1
2,0.2,1910,1
2,0.2,1911,1
2,0.2,1912,1
2,0.2,1913,1
2,0.2,1914,1
2,0.2,1915,1
2,0.2,1916,1
2,0.2,1917,1
2,0.2,1918,1
2,0.2,1919,-1
2,0.2,1920,1
2,0.2,1921,1
2,0.2,1922,1
2,0.2,1923,1
2,0.2,1924,1
2,0.2,1925,1
2,0.2,1926,1
2,0.2,1927,1
2,0.2,1928,1
2,0.2,1929,1
2,0.2,1930,-1
2,0.2,1931,1
2,0.2,1932,1
2,0.2,1933,1
2,0.2,1934,1
2,0.2,1935,1
2,0.2,1936,1
2,0.2,1937,1
2,0.2,1938,1
2,0.2,1939,1
2,0.2,1940,-1
2,0.2,1941,1
2,0.2,1942,-1
2,0.2,1943,1
2,0.2,1944,-1
2,0.2,1945,1
2,0.2,1946,1
2,0.2,1947,1
2,0.2,1948,1
2,0.2,1949,-1
2,0.2,1950,1
2,0.2,1951,1
2,0.2,1952,1
2,0.2,1953,1
2,0.2,1954,1
2,0.2,1955,1
2,0.2,1956,1
2,0.2,1957,-1
2,0.2,1958,1
2,0.2,1959,1
2,0.2,1960,1
2,0.2,1961,1
2,0.2,1962,1
2,0.2,1963,1
2,0.2,1964,1
2,0.2,1965,1
2,0.2,1966,1
2,0.2,1967,-1
2,0.2,1968,1
2,0.2,1969,1
2,0.2,1970,1
2,0.2,1971,1
2,0.2,1972,1
2,0.2,1973,1
2,0.2,1974,1
2,0.2,1975,1
2,0.2,1976,1
2,0.2,1977,1
2,0.2,1978,1
2,0.2,1979,1
2,0.2,1980,1
2,0.2,1981,1
2,0.2,1982,1
2,0.2,1983,1
2,0.2,1984,1
2,0.2,1985,1
2,0.2,1986,1
2,0.2,1987,1
2,0.2,1988,1
2,0.2,1989,1
2,0.2,1990,1
2,0.2,1991,1
2,0.2,1992,1
2,0.2,1993,1
2,0.2,1994,1
2,0.2,1995,1
2,0.2,1996,1
2,0.2,1997,-1
2,0.2,1998,1
2,0.2,1999,1
2,0.2,2000,1
2,0.2,2001,1
2,0.2,2002,1
2,0.2,2003,1
2,0.2,2004,1
2,0.2,2005,-1
2,0.2,2006,1
2,0.2,2007,-1
2,0.2,2008,-1
2,0.2,2009,1
2,0.2,2010,1
2,0.2,2011,1
2,0.2,2012,1
2,0.2,2013,1
2,0.2,2014,1
2,0.2,2015,1
2,0.2,2016,1
2,0.2,2017,1
2,0.2,2018,1
2,0.2,2019,1
2,0.2,2020,1
2,0.2,2021,1
2,0.2,2022,-1
2,0.2,2023,1
2,0.2,2024,-1
2,0.2,2025,1
2,0.2,2026,1
2,0.2,2027,1
2,0.2,2028,1
2,0.2,2029,1
2,0.2,2030,-1
2,0.2,2031,1
2,0.2,2032,1
2,0.2,2033,1
2,0.2,2034,1
2,0.2,2035,-1
2,0.2,2036,1
2,0.2,2037,1
2,0.2,2038,1
2,0.2,2039,1
2,0.2,2040,1
2,0.2,2041,1
2,0.2,2042,1
2,0.2,2043,1
2,0.2,2044,1
2,0.2,2045,1
2,0.2,2046,1
2,0.2,2047,-1
2,0.2,2048,1
2,0.2,2049,1
2,0.2,2050,1
2,0.2,2051,1
2,0.2,2052,1
2,0.2,2053,1
2,0.2,2054,1
2,0.2,2055,1
2,0.2,2056,-1
2,0.2,2057,1
2,0.2,2058,1
2,0.2,2059,1
2,0.2,2060,1
2,0.2,2061,1
2,0.2,2062,1
2,0.2,2063,1
2,0.2,2064,1
2,0.2,2065,-1
2,0.2,2066,1
2,0.2,2067,1
2,0.2,2068,1
2,0.2,2069,1
2,0.2,2070,1
2,0.2,2071,1
2,0.2,2072,1
2,0.2,2073,1
2,0.2,2074,1
2,0.2,2075,1
2,0.2,2076,1
2,0.2,2077,-1
2,0.2,2078,1
2,0.2,2079,-1
2,0.2,2080,1
2,0.2,2081,1
2,0.2,2082,1
2,0.2,2083,-1
2,0.2,2084,1
2,0.2,2085,1
2,0.2,2086,-1
2,0.2,2087,1
2,0.2,2088,1
2,0.2,2089,1
2,0.2,2090,1
2,0.2,2091,-1
2,0.2,2092,1
2,0.2,2093,1
2,0.2,2094,1
2,0.2,2095,1
2,0.2,2096,1
2,0.2,2097,1
2,0.2,2098,1
2,0.2,2099,1
2,0.2,2100,1
2,0.2,2101,1
2,0.2,2102,-1
2,0.2,2103,1
2,0.2,2104,1
2,0.2,2105,-1
2,0.2,2106,1
2,0.2,2107,1
2,0.2,2108,1
2,0.2,2109,1
2,0.2,2110,-1
2,0.2,2111,1
2,0.2,2112,-1
2,0.2,2113,1
2,0.2,2114,1
2,0.2,2115,1
2,0.2,2116,-1
2,0.2,2117,1
2,0.2,2118,1
2,0.2,2119,1
2,0.2,2120,1
2,0.2,2121,1
2,0.2,2122,1
2,0.2,2123,1
2,0.2,2124,1
2,0.2,2125,1
2,0.2,2126,1
2,0.2,2127,1
2,0.2,2128,1
2,0.2,2129,1
2,0.2,2130,1
2,0.2,2131,1
2,0.2,2132,1
2,0.2,2133,1
2,0.2,2134,1
2,0.2,2135,1
2,0.2,2136,1
2,0.2,2137,1
2,0.2,2138,1
2,0.2,2139,1
2,0.2,2140,1
2,0.2,2141,-1
2,0.2,2142,1
2,0.2,2143,1
2,0.2,2144,-1
2,0.2,2145,1
2,0.2,2146,1
2,0.2,2147,-1
2,0.2,2148,1
2,0.2,2149,1
2,0.2,2150,1
2,0.2,2151,1
2,0.2,2152,1
2,0.2,2153,1
2,0.2,2154,-1
2,0.2,2155,1
2,0.2,2156,1
2,0.2,2157,1
2,0.2,2158,1
2,0.2,2159,1
2,0.2,2160,1
2,0.2,2161,1
2,0.2,2162,1
2,0.2,2163,1
2,0.2,2164,-1
2,0.2,2165,1
2,0.2,2166,1
2,0.2,2167,1
2,0.2,2168,1
2,0.2,2169,1
2,0.2,2170,-1
2,0.2,2171,1
2,0.2,2172,1
2,0.2,2173,1
2,0.2,2174,-1
2,0.2,2175,1
2,0.2,2176,1
2,0.2,2177,1
2,0.2,2178,-1
2,0.2,2179,-1
2,0.2,2180,1
2,0.2,2181,1
2,0.2,2182,1
2,0.2,2183,1
2,0.2,2184,1
2,0.2,2185,1
2,0.2,2186,1
2,0.2,2187,-1
2,0.2,2188,1
2,0.2,2189,1
2,0.2,2190,1
2,0.2,2191,1
2,0.2,2192,1
2,0.2,2193,1
2,0.2,2194,1
2,0.2,2195,1
2,0.2,2196,1
2,0.2,2197,1
2,0.2,2198,1
2,0.2,2199,1
2,0.2,2200,1
2,0.2,2201,1
2,0.2,2202,1
2,0.2,2203,1
2,0.2,2204,1
2,0.2,2205,1
2,0.2,2206,1
2,0.2,2207,1
2,0.2,2208,1
2,0.2,2209,-1
2,0.2,2210,1
2,0.2,2211,1
2,0.2,2212,1
2,0.2,2213,1
2,0.2,2214,1
2,0.2,2215,1
2,0.2,2216,1
2,0.2,2217,1
2,0.2,2218,-1
2,0.2,2219,1
2,0.2,2220,1
2,0.2,2221,1
2,0.2,2222,1
2,0.2,2223,1
2,0.2,2224,1
2,0.2,2225,1
2,0.2,2226,1
2,0.2,2227,-1
2,0.2,2228,1
2,0.2,2229,1
2,0.2,2230,1
2,0.2,2231,1
2,0.2,2232,1
2,0.2,2233,1
2,0.2,2234,1
2,0.2,2235,1
2,0.2,2236,1
2,0.2,2237,1
2,0.2,2238,1
2,0.2,2239,-1
2,0.2,2240,-1
2,0.2,2241,1
2,0.2,2242,1
2,0.2,2243,1
2,0.2,2244,1
2,0.2,2245,1
2,0.2,2246,1
2,0.2,2247,1
2,0.2,2248,1
2,0.2,2249,1
2,0.2,2250,1
2,0.2,2251,1
2,0.2,2252,1
2,0.2,2253,1
2,0.2,2254,-1
2,0.2,2255,1
2,0.2,2256,1
2,0.2,2257,1
2,0.2,2258,1
2,0.2,2259,1
2,0.2,2260,-1
2,0.2,2261,1
2,0.2,2262,1
2,0.2,2263,-1
2,0.2,2264,-1
2,0.2,2265,1
2,0.2,2266,1
2,0.2,2267,1
2,0.2,2268,-1
2,0.2,2269,1
2,0.2,2270,1
2,0.2,2271,-1
2,0.2,2272,1
2,0.2,2273,1
2,0.2,2274,1
2,0.2,2275,1
2,0.2,2276,1
2,0.2,2277,1
2,0.2,2278,1
2,0.2,2279,1
2,0.2,2280,1
2,0.2,2281,1
2,0.2,2282,1
2,0.2,2283,1
2,0.2,2284,1
2,0.2,2285,1
2,0.2,2286,1
2,0.2,2287,1
2,0.2,2288,1
2,0.2,2289,1
2,0.2,2290,1
2,0.2,2291,1
2,0.2,2292,1
2,0.2,2293,-1
2,0.2,2294,1
2,0.2,2295,1
2,0.2,2296,1
2,0.2,2297,1
2,0.2,2298,1
2,0.2,2299,1
2,0.2,2300,1
2,0.2,2301,1
2,0.2,2302,1
2,0.2,2303,1
2,0.2,2304,1
2,0.2,2305,1
2,0.2,2306,1
2,0.2,2307,1
2,0.2,2308,-1
2,0.2,2309,1
2,0.2,2310,1
2,0.2,2311,1
2,0.2,2312,1
2,0.2,2313,1
2,0.2,2314,1
2,0.2,2315,1
2,0.2,2316,1
2,0.2,2317,1
2,0.2,2318,1
2,0.2,2319,1
2,0.2,2320,1
2,0.2,2321,1
2,0.2,2322,-1
2,0.2,2323,1
2,0.2,2324,1
2,0.2,2325,-1
2,0.2,2326,-1
2,0.2,2327,1
2,0.2,2328,1
2,0.2,2329,1
2,0.2,2330,1
2,0.2,2331,1
2,0.2,2332,1
2,0.2,2333,1
2,0.2,2334,-1
2,0.2,2335,1
2,0.2,2336,1
2,0.2,2337,1
2,0.2,2338,1
2,0.2,2339,1
2,0.2,2340,1
2,0.2,2341,1
2,0.2,2342,1
2,0.2,2343,1
2,0.2,2344,1
2,0.2,2345,-1
2,0.2,2346,1
2,0.2,2347,1
2,0.2,2348,1
2,0.2,2349,1
2,0.2,2350,1
2,0.2,2351,1
2,0.2,2352,1
2,0.2,2353,1
2,0.2,2354,1
2,0.2,2355,1
2,0.2,2356,1
2,0.2,2357,1
2,0.2,2358,1
2,0.2,2359,1
2,0.2,2360,1
2,0.2,2361,1
2,0.2,2362,1
2,0.2,2363,-1
2,0.2,2364,1
2,0.2,2365,1
2,0.2,2366,1
2,0.2,2367,1
2,0.2,2368,1
2,0.2,2369,1
2,0.2,2370,1
2,0.2,2371,1
2,0.2,2372,1
2,0.2,2373,1
2,0.2,2374,-1
2,0.2,2375,1
2,0.2,2376,1
2,0.2,2377,1
2,0.2,2378,1
2,0.2,2379,1
2,0.2,2380,1
2,0.2,2381,-1
2,0.2,2382,1
2,0.2,2383,-1
2,0.2,2384,1
2,0.2,2385,1
2,0.2,2386,1
2,0.2,2387,1
2,0.2,2388,1
2,0.2,2389,-1
2,0.2,2390,1
2,0.2,2391,1
2,0.2,2392,1
2,0.2,2393,1
2,0.2,2394,-1
2,0.2,2395,1
2,0.2,2396,1
2,0.2,2397,1
2,0.2,2398,-1
2,0.2,2399,1
2,0.2,2400,1
2,0.2,2401,-1
2,0.2,2402,1
2,0.2,2403,1
2,0.2,2404,1
2,0.2,2405,1
2,0.2,2406,1
2,0.2,2407,1
2,0.2,2408,1
2,0.2,2409,1
2,0.2,2410,1
2,0.2,2411,1
2,0.2,2412,1
2,0.2,2413,-1
2,0.2,2414,1
2,0.2,2415,1
2,0.2,2416,1
2,0.2,2417,-1
2,0.2,2418,1
2,0.2,2419,1
2,0.2,2420,1
2,0.2,2421,1
2,0.2,2422,-1
2,0.2,2423,1
2,0.2,2424,1
2,0.2,2425,1
2,0.2,2426,1
2,0.2,2427,1
2,0.2,2428,1
2,0.2,2429,-1
2,0.2,2430,1
2,0.2,2431,1
2,0.2,2432,-1
2,0.2,2433,1
2,0.2,2434,1
2,0.2,2435,-1
2,0.2,2436,1
2,0.2,2437,1
2,0.2,2438,1
2,0.2,2439,1
2,0.2,2440,1
2,0.2,2441,1
2,0.2,2442,1
2,0.2,2443,1
2,0.2,2444,-1
2,0.2,2445,-1
2,0.2,2446,1
2,0.2,2447,1
2,0.2,2448,1
2,0.2,2449,1
2,0.2,2450,1
2,0.2,2451,1
2,0.2,2452,-1
2,0.2,2453,-1
2,0.2,2454,1
2,0.2,2455,1
2,0.2,2456,1
2,0.2,2457,-1
2,0.2,2458,1
2,0.2,2459,1
2,0.2,2460,1
2,0.2,2461,1
2,0.2,2462,1
2,0.2,2463,1
2,0.2,2464,1
2,0.2,2465,1
2,0.2,2466,1
2,0.2,2467,-1
2,0.2,2468,1
2,0.2,2469,1
2,0.2,2470,1
2,0.2,2471,1
2,0.2,2472,1
2,0.2,2473,1
2,0.2,2474,1
2,0.2,2475,1
2,0.2,2476,1
2,0.2,2477,1
2,0.2,2478,1
2,0.2,2479,1
2,0.2,2480,-1
2,0.2,2481,1
2,0.2,2482,1
2,0.2,2483,1
2,0.2,2484,1
2,0.2,2485,1
2,0.2,2486,1
2,0.2,2487,1
2,0.2,2488,1
2,0.2,2489,1
2,0.2,2490,-1
2,0.2,2491,1
2,0.2,2492,1
2,0.2,2493,1
2,0.2,2494,1
2,0.2,2495,-1
2,0.2,2496,-1
2,0.2,2497,1
2,0.2,2498,1
2,0.2,2499,1
2,0.2,2500,-1
3,0.0,1,1
3,0.0,2,-1
3,0.0,3,-1
3,0.0,4,1
3,0.0,5,-1
3,0.0,6,1
3,0.0,7,-1
3,0.0,8,-1
3,0.0,9,-1
3,0.0,10,-1
3,0.0,11,1
3,0.0,12,1
3,0.0,13,1
3,0.0,14,1
3,0.0,15,-1
3,0.0,16,-1
3,0.0,17,1
3,0.0,18,-1
3,0.0,19,1
3,0.0,20,-1
3,0.0,21,1
3,0.0,22,-1
3,0.0,23,1
3,0.0,24,-1
3,0.0,25,1
3,0.0,26,-1
3,0.0,27,1
3,0.0,28,-1
3,0.0,29,-1
3,0.0,30,-1
3,0.0,31,-1
3,0.0,32,-1
3,0.0,33,1
3,0.0,34,1
3,0.0,35,-1
3,0.0,36,1
3,0.0,37,-1
3,0.0,38,-1
3,0.0,39,1
3,0.0,40,1
3,0.0,41,1
3,0.0,42,-1
3,0.0,43,-1
3,0.0,44,1
3,0.0,45,1
3,0.0,46,-1
3,0.0,47,1
3,0.0,48,-1
3,0.0,49,-1
3,0.0,50,1
3,0.0,51,-1
3,0.0,52,-1
3,0.0,53,-1
3,0.0,54,1
3,0.0,55,-1
3,0.0,56,-1
3,0.0,57,-1
3,0.0,58,-1
3,0.0,59,1
3,0.0,60,1
3,0.0,61,1
3,0.0,62,-1
3,0.0,63,1
3,0.0,64,-1
3,0.0,65,1
3,0.0,66,1
3,0.0,67,1
3,0.0,68,1
3,0.0,69,1
3,0.0,70,1
3,0.0,71,1
3,0.0,72,1
3,0.0,73,1
3,0.0,74,-1
3,0.0,75,1
3,0.0,76,1
3,0.0,77,1
3,0.0,78,1
3,0.0,79,-1
3,0.0,80,1
3,0.0,81,1
3,0.0,82,1
3,0.0,83,1
3,0.0,84,1
3,0.0,85,-1
3,0.0,86,1
3,0.0,87,-1
3,0.0,88,1
3,0.0,89,-1
3,0.0,90,1
3,0.0,91,1
3,0.0,92,1
3,0.0,93,1
3,0.0,94,1
3,0.0,95,1
3,0.0,96,1
3,0.0,97,-1
3,0.0,98,1
3,0.0,99,1
3,0.0,100,1
3,0.0,101,1
3,0.0,102,1
3,0.0,103,-1
3,0.0,104,-1
3,0.0,105,1
3,0.0,106,1
3,0.0,107,1
3,0.0,108,1
3,0.0,109,1
3,0.0,110,1
3,0.0,111,1
3,0.0,112,-1
3,0.0,113,1
3,0.0,114,1
3,0.0,115,1
3,0.0,116,-1
3,0.0,117,1
3,0.0,118,-1
3,0.0,119,1
3,0.0,120,1
3,0.0,121,1
3,0.0,122,1
3,0.0,123,1
3,0.0,124,1
3,0.0,125,1
3,0.0,126,1
3,0.0,127,1
3,0.0,128,-1
3,0.0,129,-1
3,0.0,130,-1
3,0.0,131,1
3,0.0,132,-1
3,0.0,133,1
3,0.0,134,1
3,0.0,135,1
3,0.0,136,1
3,0.0,137,1
3,0.0,138,1
3,0.0,139,1
3,0.0,140,1
3,0.0,141,1
3,0.0,142,-1
3,0.0,143,1
3,0.0,144,1
3,0.0,145,1
3,0.0,146,-1
3,0.0,147,1
3,0.0,148,1
3,0.0,149,1
3,0.0,150,1
3,0.0,151,1
3,0.0,152,1
3,0.0,153,1
3,0.0,154,1
3,0.0,155,1
3,0.0,156,1
3,0.0,157,1
3,0.0,158,1
3,0.0,159,1
3,0.0,160,1
3,0.0,161,1
3,0.0,162,1
3,0.0,163,1
3,0.0,164,1
3,0.0,165,1
3,0.0,166,1
3,0.0,167,1
3,0.0,168,1
3,0.0,169,1
3,0.0,170,1
3,0.0,171,1
3,0.0,172,1
3,0.0,173,-1
3,0.0,174,1
3,0.0,175,1
3,0.0,176,1
3,0.0,177,1
3,0.0,178,1
3,0.0,179,1
3,0.0,180,1
3,0.0,181,1
3,0.0,182,1
3,0.0,183,1
3,0.0,184,1
3,0.0,185,1
3,0.0,186,1
3,0.0,187,1
3,0.0,188,-1
3,0.0,189,1
3,0.0,190,1
3,0.0,191,-1
3,0.0,192,1
3,0.0,193,-1
3,0.0,194,1
3,0.0,195,1
3,0.0,196,1
3,0.0,197,1
3,0.0,198,1
3,0.0,199,1
3,0.0,200,1
3,0.0,201,1
3,0.0,202,1
3,0.0,203,1
3,0.0,204,1
3,0.0,205,1
3,0.0,206,1
3,0.0,207,1
3,0.0,208,1
3,0.0,209,1
3,0.0,210,1
3,0.0,211,1
3,0.0,212,1
3,0.0,213,1
3,0.0,214,1
3,0.0,215,1
3,0.0,216,1
3,0.0,217,1
3,0.0,218,1
3,0.0,219,1
3,0.0,220,1
3,0.0,221,1
3,0.0,222,1
3,0.0,223,1
3,0.0,224,1
3,0.0,225,1
3,0.0,226,1
3,0.0,227,1
3,0.0,228,1
3,0.0,229,1
3,0.0,230,1
3,0.0,231,1
3,0.0,232,1
3,0.0,233,1
3,0.0,234,1
3,0.0,235,1
3,0.0,236,1
3,0.0,237,1
3,0.0,238,1
3,0.0,239,1
3,0.0,240,1
3,0.0,241,1
3,0.0,242,1
3,0.0,243,1
3,0.0,244,1
3,0.0,245,1
3,0.0,246,1
3,0.0,247,1
3,0.0,248,1
3,0.0,249,1
3,0.0,250,1
3,0.0,251,1
3,0.0,252,1
3,0.0,253,1
3,0.0,254,1
3,0.0,255,1
3,0.0,256,1
3,0.0,257,1
3,0.0,258,1
3,0.0,259,1
3,0.0,260,1
3,0.0,261,1
3,0.0,262,1
3,0.0,263,1
3,0.0,264,1
3,0.0,265,1
3,0.0,266,1
3,0.0,267,1
3,0.0,268,1
3,0.0,269,1
3,0.0,270,1
3,0.0,271,1
3,0.0,272,1
3,0.0,273,1
3,0.0,274,1
3,0.0,275,1
3,0.0,276,1
3,0.0,277,-1
3,0.0,278,1
3,0.0,279,1
3,0.0,280,1
3,0.0,281,1
3,0.0,282,1
3,0.0,283,1
3,0.0,284,1
3,0.0,285,1
3,0.0,286,1
3,0.0,287,1
3,0.0,288,1
3,0.0,289,1
3,0.0,290,1
3,0.0,291,1
3,0.0,292,1
3,0.0,293,1
3,0.0,294,1
3,0.0,295,1
3,0.0,296,1
3,0.0,297,1
3,0.0,298,1
3,0.0,299,1
3,0.0,300,1
3,0.0,301,1
3,0.0,302,1
3,0.0,303,1
3,0.0,304,1
3,0.0,305,1
3,0.0,306,1
3,0.0,307,1
3,0.0,308,1
3,0.0,309,1
3,0.0,310,1
3,0.0,311,1
3,0.0,312,1
3,0.0,313,1
3,0.0,314,1
3,0.0,315,1
3,0.0,316,1
3,0.0,317,1
3,0.0,318,1
3,0.0,319,1
3,0.0,320,1
3,0.0,321,1
3,0.0,322,1
3,0.0,323,1
3,0.0,324,1
3,0.0,325,1
3,0.0,326,1
3,0.0,327,1
3,0.0,328,1
3,0.0,329,1
3,0.0,330,1
3,0.0,331,1
3,0.0,332,1
3,0.0,333,1
3,0.0,334,1
3,0.0,335,1
3,0.0,336,1
3,0.0,337,1
3,0.0,338,1
3,0.0,339,1
3,0.0,340,1
3,0.0,341,1
3,0.0,342,1
3,0.0,343,1
3,0.0,344,1
3,0.0,345,1
3,0.0,346,1
3,0.0,347,1
3,0.0,348,1
3,0.0,349,1
3,0.0,350,1
3,0.0,351,1
3,0.0,352,1
3,0.0,353,1
3,0.0,354,1
3,0.0,355,1
3,0.0,356,1
3,0.0,357,1
3,0.0,358,1
3,0.0,359,1
3,0.0,360,1
3,0.0,361,1
3,0.0,362,1
3,0.0,363,1
3,0.0,364,1
3,0.0,365,1
3,0.0,366,1
3,0.0,367,1
3,0.0,368,1
3,0.0,369,1
3,0.0,370,1
3,0.0,371,1
3,0.0,372,1
3,0.0,373,1
3,0.0,374,1
3,0.0,375,1
3,0.0,376,1
3,0.0,377,1
3,0.0,378,-1
3,0.0,379,1
3,0.0,380,-1
3,0.0,381,1
3,0.0,382,1
3,0.0,383,1
3,0.0,384,1
3,0.0,385,1
3,0.0,386,1
3,0.0,387,1
3,0.0,388,1
3,0.0,389,1
3,0.0,390,1
3,0.0,391,1
3,0.0,392,1
3,0.0,393,1
3,0.0,394,1
3,0.0,395,1
3,0.0,396,1
3,0.0,397,1
3,0.0,398,1
3,0.0,399,1
3,0.0,400,1
3,0.0,401,1
3,0.0,402,1
3,0.0,403,1
3,0.0,404,1
3,0.0,405,1
3,0.0,406,1
3,0.0,407,1
3,0.0,408,1
3,0.0,409,1
3,0.0,410,1
3,0.0,411,1
3,0.0,412,1
3,0.0,413,1
3,0.0,414,1
3,0.0,415,1
3,0.0,416,1
3,0.0,417,1
3,0.0,418,1
3,0.0,419,1
3,0.0,420,1
3,0.0,421,1
3,0.0,422,1
3,0.0,423,1
3,0.0,424,1
3,0.0,425,1
3,0.0,426,1
3,0.0,427,1
3,0.0,428,1
3,0.0,429,1
3,0.0,430,1
3,0.0,431,1
3,0.0,432,1
3,0.0,433,1
3,0.0,434,1
3,0.0,435,1
3,0.0,436,1
3,0.0,437,-1
3,0.0,438,1
3,0.0,439,1
3,0.0,440,1
3,0.0,441,1
3,0.0,442,1
3,0.0,443,1
3,0.0,444,1
3,0.0,445,1
3,0.0,446,1
3,0.0,447,1
3,0.0,448,1
3,0.0,449,1
3,0.0,450,1
3,0.0,451,1
3,0.0,452,1
3,0.0,453,1
3,0.0,454,1
3,0.0,455,1
3,0.0,456,1
3,0.0,457,1
3,0.0,458,1
3,0.0,459,1
3,0.0,460,1
3,0.0,461,1
3,0.0,462,1
3,0.0,463,1
3,0.0,464,1
3,0.0,465,1
3,0.0,466,1
3,0.0,467,1
3,0.0,468,1
3,0.0,469,1
3,0.0,470,1
3,0.0,471,1
3,0.0,472,1
3,0.0,473,1
3,0.0,474,1
3,0.0,475,1
3,0.0,476,1
3,0.0,477,1
3,0.0,478,1
3,0.0,479,1
3,0.0,480,1
3,0.0,481,1
3,0.0,482,1
3,0.0,483,1
3,0.0,484,1
3,0.0,485,1
3,0.0,486,1
3,0.0,487,1
3,0.0,488,1
3,0.0,489,1
3,0.0,490,1
3,0.0,491,1
3,0.0,492,1
3,0.0,493,1
3,0.0,494,1
3,0.0,495,1
3,0.0,496,1
3,0.0,497,1
3,0.0,498,1
3,0.0,499,1
3,0.0,500,1
3,0.0,501,1
3,0.0,502,1
3,0.0,503,1
3,0.0,504,1
3,0.0,505,1
3,0.0,506,1
3,0.0,507,1
3,0.0,508,1
3,0.0,509,1
3,0.0,510,1
3,0.0,511,1
3,0.0,512,1
3,0.0,513,1
3,0.0,514,1
3,0.0,515,1
3,0.0,516,1
3,0.0,517,1
3,0.0,518,1
3,0.0,519,1
3,0.0,520,1
3,0.0,521,1
3,0.0,522,1
3,0.0,523,1
3,0.0,524,1
3,0.0,525,1
3,0.0,526,1
3,0.0,527,1
3,0.0,528,1
3,0.0,529,1
3,0.0,530,1
3,0.0,531,1
3,0.0,532,1
3,0.0,533,1
3,0.0,534,1
3,0.0,535,1
3,0.0,536,1
3,0.0,537,1
3,0.0,538,1
3,0.0,539,1
3,0.0,540,1
3,0.0,541,1
3,0.0,542,1
3,0.0,543,-1
3,0.0,544,1
3,0.0,545,1
3,0.0,546,1
3,0.0,547,1
3,0.0,548,1
3,0.0,549,1
3,0.0,550,1
3,0.0,551,1
3,0.0,552,1
3,0.0,553,1
3,0.0,554,1
3,0.0,555,1
3,0.0,556,1
3,0.0,557,1
3,0.0,558,1
3,0.0,559,1
3,0.0,560,1
3,0.0,561,1
3,0.0,562,1
3,0.0,563,1
3,0.0,564,1
3,0.0,565,1
3,0.0,566,1
3,0.0,567,1
3,0.0,568,1
3,0.0,569,1
3,0.0,570,1
3,0.0,571,1
3,0.0,572,1
3,0.0,573,1
3,0.0,574,1
3,0.0,575,1
3,0.0,576,1
3,0.0,577,1
3,0.0,578,1
3,0.0,579,1
3,0.0,580,1
3,0.0,581,1
3,0.0,582,1
3,0.0,583,1
3,0.0,584,1
3,0.0,585,1
3,0.0,586,1
3,0.0,587,1
3,0.0,588,1
3,0.0,589,1
3,0.0,590,1
3,0.0,591,1
3,0.0,592,1
3,0.0,593,1
3,0.0,594,1
3,0.0,595,1
3,0.0,596,1
3,0.0,597,1
3,0.0,598,1
3,0.0,599,1
3,0.0,600,1
3,0.0,601,1
3,0.0,602,1
3,0.0,603,1
3,0.0,604,1
3,0.0,605,1
3,0.0,606,1
3,0.0,607,1
3,0.0,608,1
3,0.0,609,1
3,0.0,610,1
3,0.0,611,1
3,0.0,612,1
3,0.0,613,1
3,0.0,614,1
3,0.0,615,1
3,0.0,616,1
3,0.0,617,1
3,0.0,618,1
3,0.0,619,1
3,0.0,620,1
3,0.0,621,1
3,0.0,622,1
3,0.0,623,1
3,0.0,624,1
3,0.0,625,1
3,0.0,626,1
3,0.0,627,1
3,0.0,628,1
3,0.0,629,1
3,0.0,630,1
3,0.0,631,1
3,0.0,632,1
3,0.0,633,1
3,0.0,634,1
3,0.0,635,1
3,0.0,636,1
3,0.0,637,1
3,0.0,638,1
3,0.0,639,1
3,0.0,640,1
3,0.0,641,1
3,0.0,642,1
3,0.0,643,1
3,0.0,644,1
3,0.0,645,1
3,0.0,646,1
3,0.0,647,1
3,0.0,648,1
3,0.0,649,1
3,0.0,650,1
3,0.0,651,1
3,0.0,652,1
3,0.0,653,1
3,0.0,654,1
3,0.0,655,1
3,0.0,656,1
3,0.0,657,1
3,0.0,658,1
3,0.0,659,1
3,0.0,660,1
3,0.0,661,1
3,0.0,662,1
3,0.0,663,1
3,0.0,664,1
3,0.0,665,1
3,0.0,666,1
3,0.0,667,1
3,0.0,668,1
3,0.0,669,1
3,0.0,670,1
3,0.0,671,1
3,0.0,672,1
3,0.0,673,1
3,0.0,674,1
3,0.0,675,1
3,0.0,676,1
3,0.0,677,1
3,0.0,678,1
3,0.0,679,1
3,0.0,680,1
3,0.0,681,1
3,0.0,682,1
3,0.0,683,1
3,0.0,684,1
3,0.0,685,1
3,0.0,686,1
3,0.0,687,1
3,0.0,688,1
3,0.0,689,1
3,0.0,690,1
3,0.0,691,1
3,0.0,692,1
3,0.0,693,1
3,0.0,694,1
3,0.0,695,1
3,0.0,696,1
3,0.0,697,1
3,0.0,698,1
3,0.0,699,1
3,0.0,700,1
3,0.0,701,1
3,0.0,702,1
3,0.0,703,1
3,0.0,704,1
3,0.0,705,1
3,0.0,706,1
3,0.0,707,1
3,0.0,708,1
3,0.0,709,1
3,0.0,710,1
3,0.0,711,1
3,0.0,712,1
3,0.0,713,1
3,0.0,714,1
3,0.0,715,1
3,0.0,716,1
3,0.0,717,1
3,0.0,718,1
3,0.0,719,1
3,0.0,720,1
3,0.0,721,1
3,0.0,722,1
3,0.0,723,1
3,0.0,724,1
3,0.0,725,1
3,0.0,726,1
3,0.0,727,1
3,0.0,728,1
3,0.0,729,1
3,0.0,730,1
3,0.0,731,1
3,0.0,732,1
3,0.0,733,1
3,0.0,734,1
3,0.0,735,1
3,0.0,736,1
3,0.0,737,1
3,0.0,738,1
3,0.0,739,1
3,0.0,740,1
3,0.0,741,1
3,0.0,742,1
3,0.0,743,1
3,0.0,744,1
3,0.0,745,1
3,0.0,746,1
3,0.0,747,1
3,0.0,748,1
3,0.0,749,1
3,0.0,750,1
3,0.0,751,1
3,0.0,752,1
3,0.0,753,1
3,0.0,754,1
3,0.0,755,1
3,0.0,756,1
3,0.0,757,1
3,0.0,758,1
3,0.0,759,1
3,0.0,760,1
3,0.0,761,1
3,0.0,762,1
3,0.0,763,1
3,0.0,764,1
3,0.0,765,1
3,0.0,766,1
3,0.0,767,1
3,0.0,768,1
3,0.0,769,1
3,0.0,770,1
3,0.0,771,1
3,0.0,772,1
3,0.0,773,1
3,0.0,774,1
3,0.0,775,1
3,0.0,776,1
3,0.0,777,1
3,0.0,778,1
3,0.0,779,1
3,0.0,780,1
3,0.0,781,1
3,0.0,782,1
3,0.0,783,1
3,0.0,784,1
3,0.0,785,1
3,0.0,786,1
3,0.0,787,1
3,0.0,788,1
3,0.0,789,1
3,0.0,790,1
3,0.0,791,1
3,0.0,792,1
3,0.0,793,1
3,0.0,794,1
3,0.0,795,1
3,0.0,796,1
3,0.0,797,1
3,0.0,798,1
3,0.0,799,1
3,0.0,800,1
3,0.0,801,1
3,0.0,802,1
3,0.0,803,1
3,0.0,804,1
3,0.0,805,1
3,0.0,806,1
3,0.0,807,1
3,0.0,808,1
3,0.0,809,1
3,0.0,810,1
3,0.0,811,1
3,0.0,812,1
3,0.0,813,1
3,0.0,814,1
3,0.0,815,1
3,0.0,816,1
3,0.0,817,1
3,0.0,818,1
3,0.0,819,1
3,0.0,820,1
3,0.0,821,1
3,0.0,822,1
3,0.0,823,1
3,0.0,824,1
3,0.0,825,1
3,0.0,826,1
3,0.0,827,1
3,0.0,828,1
3,0.0,829,1
3,0.0,830,1
3,0.0,831,1
3,0.0,832,1
3,0.0,833,1
3,0.0,834,1
3,0.0,835,1
3,0.0,836,1
3,0.0,837,1
3,0.0,838,1
3,0.0,839,1
3,0.0,840,1
3,0.0,841,1
3,0.0,842,1
3,0.0,843,1
3,0.0,844,1
3,0.0,845,1
3,0.0,846,1
3,0.0,847,1
3,0.0,848,1
3,0.0,849,1
3,0.0,850,1
3,0.0,851,1
3,0.0,852,1
3,0.0,853,1
3,0.0,854,1
3,0.0,855,1
3,0.0,856,1
3,0.0,857,1
3,0.0,858,1
3,0.0,859,1
3,0.0,860,1
3,0.0,861,1
3,0.0,862,1
3,0.0,863,1
3,0.0,864,1
3,0.0,865,1
3,0.0,866,1
3,0.0,867,1
3,0.0,868,1
3,0.0,869,1
3,0.0,870,1
3,0.0,871,1
3,0.0,872,1
3,0.0,873,1
3,0.0,874,1
3,0.0,875,1
3,0.0,876,1
3,0.0,877,1
3,0.0,878,1
3,0.0,879,1
3,0.0,880,1
3,0.0,881,1
3,0.0,882,1
3,0.0,883,1
3,0.0,884,1
3,0.0,885,1
3,0.0,886,1
3,0.0,887,1
3,0.0,888,1
3,0.0,889,1
3,0.0,890,1
3,0.0,891,1
3,0.0,892,1
3,0.0,893,1
3,0.0,894,1
3,0.0,895,1
3,0.0,896,1
3,0.0,897,1
3,0.0,898,1
3,0.0,899,1
3,0.0,900,1
3,0.0,901,1
3,0.0,902,1
3,0.0,903,1
3,0.0,904,1
3,0.0,905,1
3,0.0,906,1
3,0.0,907,1
3,0.0,908,1
3,0.0,909,1
3,0.0,910,1
3,0.0,911,1
3,0.0,912,1
3,0.0,913,1
3,0.0,914,1
3,0.0,915,1
3,0.0,916,1
3,0.0,917,1
3,0.0,918,1
3,0.0,919,1
3,0.0,920,1
3,0.0,921,1
3,0.0,922,1
3,0.0,923,1
3,0.0,924,1
3,0.0,925,1
3,0.0,926,1
3,0.0,927,1
3,0.0,928,1
3,0.0,929,1
3,0.0,930,1
3,0.0,931,1
3,0.0,932,1
3,0.0,933,1
3,0.0,934,1
3,0.0,935,1
3,0.0,936,1
3,0.0,937,1
3,0.0,938,1
3,0.0,939,1
3,0.0,940,1
3,0.0,941,1
3,0.0,942,1
3,0.0,943,1
3,0.0,944,1
3,0.0,945,1
3,0.0,946,1
3,0.0,947,1
3,0.0,948,1
3,0.0,949,1
3,0.0,950,1
3,0.0,951,1
3,0.0,952,1
3,0.0,953,1
3,0.0,954,1
3,0.0,955,1
3,0.0,956,1
3,0.0,957,1
3,0.0,958,1
3,0.0,959,1
3,0.0,960,1
3,0.0,961,1
3,0.0,962,1
3,0.0,963,1
3,0.0,964,1
3,0.0,965,1
3,0.0,966,1
3,0.0,967,1
3,0.0,968,1
3,0.0,969,1
3,0.0,970,1
3,0.0,971,1
3,0.0,972,1
3,0.0,973,1
3,0.0,974,1
3,0.0,975,1
3,0.0,976,1
3,0.0,977,1
3,0.0,978,1
3,0.0,979,1
3,0.0,980,1
3,0.0,981,1
3,0.0,982,1
3,0.0,983,1
3,0.0,984,1
3,0.0,985,1
3,0.0,986,1
3,0.0,987,1
3,0.0,988,1
3,0.0,989,1
3,0.0,990,1
3,0.0,991,1
3,0.0,992,1
3,0.0,993,1
3,0.0,994,1
3,0.0,995,1
3,0.0,996,1
3,0.0,997,1
3,0.0,998,1
3,0.0,999,1
3,0.0,1000,1
3,0.0,1001,1
3,0.0,1002,1
3,0.0,1003,1
3,0.0,1004,1
3,0.0,1005,1
3,0.0,1006,1
3,0.0,1007,1
3,0.0,1008,1
3,0.0,1009,1
3,0.0,1010,1
3,0.0,1011,1
3,0.0,1012,1
3,0.0,1013,1
3,0.0,1014,1
3,0.0,1015,1
3,0.0,1016,1
3,0.0,1017,1
3,0.0,1018,1
3,0.0,1019,1
3,0.0,1020,1
3,0.0,1021,1
3,0.0,1022,1
3,0.0,1023,1
3,0.0,1024,1
3,0.0,1025,1
3,0.0,1026,1
3,0.0,1027,1
3,0.0,1028,1
3,0.0,1029,1
3,0.0,1030,1
3,0.0,1031,1
3,0.0,1032,1
3,0.0,1033,1
3,0.0,1034,1
3,0.0,1035,1
3,0.0,1036,1
3,0.0,1037,1
3,0.0,1038,1
3,0.0,1039,1
3,0.0,1040,1
3,0.0,1041,1
3,0.0,1042,1
3,0.0,1043,1
3,0.0,1044,1
3,0.0,1045,1
3,0.0,1046,1
3,0.0,1047,1
3,0.0,1048,1
3,0.0,1049,1
3,0.0,1050,1
3,0.0,1051,1
3,0.0,1052,1
3,0.0,1053,1
3,0.0,1054,1
3,0.0,1055,1
3,0.0,1056,1
3,0.0,1057,1
3,0.0,1058,1
3,0.0,1059,1
3,0.0,1060,1
3,0.0,1061,1
3,0.0,1062,1
3,0.0,1063,1
3,0.0,1064,1
3,0.0,1065,1
3,0.0,1066,1
3,0.0,1067,1
3,0.0,1068,1
3,0.0,1069,1
3,0.0,1070,1
3,0.0,1071,1
3,0.0,1072,1
3,0.0,1073,1
3,0.0,1074,1
3,0.0,1075,1
3,0.0,1076,1
3,0.0,1077,1
3,0.0,1078,1
3,0.0,1079,1
3,0.0,1080,1
3,0.0,1081,1
3,0.0,1082,1
3,0.0,1083,1
3,0.0,1084,1
3,0.0,1085,1
3,0.0,1086,1
3,0.0,1087,1
3,0.0,1088,1
3,0.0,1089,1
3,0.0,1090,1
3,0.0,1091,1
3,0.0,1092,1
3,0.0,1093,1
3,0.0,1094,1
3,0.0,1095,1
3,0.0,1096,1
3,0.0,1097,1
3,0.0,1098,1
3,0.0,1099,1
3,0.0,1100,1
3,0.0,1101,1
3,0.0,1102,1
3,0.0,1103,1
3,0.0,1104,1
3,0.0,1105,1
3,0.0,1106,1
3,0.0,1107,1
3,0.0,1108,1
3,0.0,1109,1
3,0.0,1110,1
3,0.0,1111,1
3,0.0,1112,1
3,0.0,1113,1
3,0.0,1114,1
3,0.0,1115,1
3,0.0,1116,1
3,0.0,1117,1
3,0.0,1118,1
3,0.0,1119,1
3,0.0,1120,1
3,0.0,1121,1
3,0.0,1122,1
3,0.0,1123,1
3,0.0,1124,1
3,0.0,1125,1
3,0.0,1126,1
3,0.0,1127,1
3,0.0,1128,1
3,0.0,1129,1
3,0.0,1130,1
3,0.0,1131,1
3,0.0,1132,1
3,0.0,1133,1
3,0.0,1134,1
3,0.0,1135,1
3,0.0,1136,1
3,0.0,1137,1
3,0.0,1138,1
3,0.0,1139,1
3,0.0,1140,1
3,0.0,1141,1
3,0.0,1142,1
3,0.0,1143,1
3,0.0,1144,1
3,0.0,1145,1
3,0.0,1146,1
3,0.0,1147,1
3,0.0,1148,1
3,0.0,1149,1
3,0.0,1150,1
3,0.0,1151,1
3,0.0,1152,1
3,0.0,1153,1
3,0.0,1154,1
3,0.0,1155,1
3,0.0,1156,1
3,0.0,1157,1
3,0.0,1158,1
3,0.0,1159,1
3,0.0,1160,1
3,0.0,1161,1
3,0.0,1162,1
3,0.0,1163,1
3,0.0,1164,1
3,0.0,1165,1
3,0.0,1166,1
3,0.0,1167,1
3,0.0,1168,1
3,0.0,1169,1
3,0.0,1170,1
3,0.0,1171,1
3,0.0,1172,1
3,0.0,1173,1
3,0.0,1174,1
3,0.0,1175,1
3,0.0,1176,1
3,0.0,1177,1
3,0.0,1178,1
3,0.0,1179,1
3,0.0,1180,1
3,0.0,1181,1
3,0.0,1182,1
3,0.0,1183,1
3,0.0,1184,1
3,0.0,1185,1
3,0.0,1186,1
3,0.0,1187,1
3,0.0,1188,1
3,0.0,1189,1
3,0.0,1190,1
3,0.0,1191,1
3,0.0,1192,1
3,0.0,1193,1
3,0.0,1194,1
3,0.0,1195,1
3,0.0,1196,1
3,0.0,1197,1
3,0.0,1198,1
3,0.0,1199,1
3,0.0,1200,1
3,0.0,1201,1
3,0.0,1202,1
3,0.0,1203,1
3,0.0,1204,1
3,0.0,1205,1
3,0.0,1206,1
3,0.0,1207,1
3,0.0,1208,1
3,0.0,1209,1
3,0.0,1210,1
3,0.0,1211,1
3,0.0,1212,1
3,0.0,1213,1
3,0.0,1214,1
3,0.0,1215,1
3,0.0,1216,1
3,0.0,1217,1
3,0.0,1218,1
3,0.0,1219,1
3,0.0,1220,1
3,0.0,1221,1
3,0.0,1222,1
3,0.0,1223,1
3,0.0,1224,1
3,0.0,1225,1
3,0.0,1226,1
3,0.0,1227,1
3,0.0,1228,1
3,0.0,1229,1
3,0.0,1230,1
3,0.0,1231,1
3,0.0,1232,1
3,0.0,1233,1
3,0.0,1234,1
3,0.0,1235,1
3,0.0,1236,1
3,0.0,1237,1
3,0.0,1238,1
3,0.0,1239,1
3,0.0,1240,1
3,0.0,1241,1
3,0.0,1242,1
3,0.0,1243,1
3,0.0,1244,1
3,0.0,1245,1
3,0.0,1246,1
3,0.0,1247,1
3,0.0,1248,1
3,0.0,1249,1
3,0.0,1250,1
3,0.0,1251,1
3,0.0,1252,1
3,0.0,1253,1
3,0.0,1254,1
3,0.0,1255,1
3,0.0,1256,1
3,0.0,1257,1
3,0.0,1258,1
3,0.0,1259,1
3,0.0,1260,1
3,0.0,1261,1
3,0.0,1262,1
3,0.0,1263,1
3,0.0,1264,1
3,0.0,1265,1
3,0.0,1266,1
3,0.0,1267,1
3,0.0,1268,1
3,0.0,1269,1
3,0.0,1270,1
3,0.0,1271,1
3,0.0,1272,1
3,0.0,1273,1
3,0.0,1274,1
3,0.0,1275,1
3,0.0,1276,1
3,0.0,1277,1
3,0.0,1278,1
3,0.0,1279,1
3,0.0,1280,1
3,0.0,1281,1
3,0.0,1282,1
3,0.0,1283,1
3,0.0,1284,1
3,0.0,1285,1
3,0.0,1286,1
3,0.0,1287,1
3,0.0,1288,1
3,0.0,1289,1
3,0.0,1290,1
3,0.0,1291,1
3,0.0,1292,1
3,0.0,1293,1
3,0.0,1294,1
3,0.0,1295,1
3,0.0,1296,1
3,0.0,1297,1
3,0.0,1298,1
3,0.0,1299,1
3,0.0,1300,1
3,0.0,1301,1
3,0.0,1302,1
3,0.0,1303,1
3,0.0,1304,1
3,0.0,1305,1
3,0.0,1306,1
3,0.0,1307,1
3,0.0,1308,1
3,0.0,1309,1
3,0.0,1310,1
3,0.0,1311,1
3,0.0,1312,1
3,0.0,1313,1
3,0.0,1314,1
3,0.0,1315,1
3,0.0,1316,1
3,0.0,1317,1
3,0.0,1318,1
3,0.0,1319,1
3,0.0,1320,1
3,0.0,1321,1
3,0.0,1322,1
3,0.0,1323,1
3,0.0,1324,1
3,0.0,1325,1
3,0.0,1326,1
3,0.0,1327,1
3,0.0,1328,1
3,0.0,1329,1
3,0.0,1330,1
3,0.0,1331,1
3,0.0,1332,1
3,0.0,1333,1
3,0.0,1334,1
3,0.0,1335,1
3,0.0,1336,1
3,0.0,1337,1
3,0.0,1338,1
3,0.0,1339,1
3,0.0,1340,1
3,0.0,1341,1
3,0.0,1342,1
3,0.0,1343,1
3,0.0,1344,1
3,0.0,1345,1
3,0.0,1346,1
3,0.0,1347,1
3,0.0,1348,1
3,0.0,1349,1
3,0.0,1350,1
3,0.0,1351,1
3,0.0,1352,1
3,0.0,1353,1
3,0.0,1354,1
3,0.0,1355,1
3,0.0,1356,1
3,0.0,1357,1
3,0.0,1358,1
3,0.0,1359,1
3,0.0,1360,1
3,0.0,1361,1
3,0.0,1362,1
3,0.0,1363,1
3,0.0,1364,1
3,0.0,1365,1
3,0.0,1366,1
3,0.0,1367,1
3,0.0,1368,1
3,0.0,1369,1
3,0.0,1370,1
3,0.0,1371,1
3,0.0,1372,1
3,0.0,1373,1
3,0.0,1374,1
3,0.0,1375,1
3,0.0,1376,1
3,0.0,1377,1
3,0.0,1378,1
3,0.0,1379,1
3,0.0,1380,1
3,0.0,1381,1
3,0.0,1382,1
3,0.0,1383,1
3,0.0,1384,1
3,0.0,1385,1
3,0.0,1386,1
3,0.0,1387,1
3,0.0,1388,1
3,0.0,1389,1
3,0.0,1390,1
3,0.0,1391,1
3,0.0,1392,1
3,0.0,1393,1
3,0.0,1394,1
3,0.0,1395,1
3,0.0,1396,1
3,0.0,1397,1
3,0.0,1398,1
3,0.0,1399,1
3,0.0,1400,1
3,0.0,1401,1
3,0.0,1402,1
3,0.0,1403,1
3,0.0,1404,1
3,0.0,1405,1
3,0.0,1406,1
3,0.0,1407,1
3,0.0,1408,1
3,0.0,1409,1
3,0.0,1410,1
3,0.0,1411,1
3,0.0,1412,1
3,0.0,1413,1
3,0.0,1414,1
3,0.0,1415,1
3,0.0,1416,1
3,0.0,1417,1
3,0.0,1418,1
3,0.0,1419,1
3,0.0,1420,1
3,0.0,1421,1
3,0.0,1422,1
3,0.0,1423,1
3,0.0,1424,1
3,0.0,1425,1
3,0.0,1426,1
3,0.0,1427,1
3,0.0,1428,1
3,0.0,1429,1
3,0.0,1430,1
3,0.0,1431,1
3,0.0,1432,1
3,0.0,1433,1
3,0.0,1434,1
3,0.0,1435,1
3,0.0,1436,1
3,0.0,1437,1
3,0.0,1438,1
3,0.0,1439,1
3,0.0,1440,1
3,0.0,1441,1
3,0.0,1442,1
3,0.0,1443,1
3,0.0,1444,1
3,0.0,1445,1
3,0.0,1446,1
3,0.0,1447,1
3,0.0,1448,1
3,0.0,1449,1
3,0.0,1450,1
3,0.0,1451,1
3,0.0,1452,1
3,0.0,1453,1
3,0.0,1454,1
3,0.0,1455,1
3,0.0,1456,1
3,0.0,1457,1
3,0.0,1458,1
3,0.0,1459,1
3,0.0,1460,1
3,0.0,1461,1
3,0.0,1462,1
3,0.0,1463,1
3,0.0,1464,1
3,0.0,1465,1
3,0.0,1466,1
3,0.0,1467,1
3,0.0,1468,1
3,0.0,1469,1
3,0.0,1470,1
3,0.0,1471,1
3,0.0,1472,1
3,0.0,1473,1
3,0.0,1474,1
3,0.0,1475,1
3,0.0,1476,1
3,0.0,1477,1
3,0.0,1478,1
3,0.0,1479,1
3,0.0,1480,1
3,0.0,1481,1
3,0.0,1482,1
3,0.0,1483,1
3,0.0,1484,1
3,0.0,1485,1
3,0.0,1486,1
3,0.0,1487,1
3,0.0,1488,1
3,0.0,1489,1
3,0.0,1490,1
3,0.0,1491,1
3,0.0,1492,1
3,0.0,1493,1
3,0.0,1494,1
3,0.0,1495,1
3,0.0,1496,1
3,0.0,1497,1
3,0.0,1498,1
3,0.0,1499,1
3,0.0,1500,1
3,0.0,1501,1
3,0.0,1502,1
3,0.0,1503,1
3,0.0,1504,1
3,0.0,1505,1
3,0.0,1506,1
3,0.0,1507,1
3,0.0,1508,1
3,0.0,1509,1
3,0.0,1510,1
3,0.0,1511,1
3,0.0,1512,1
3,0.0,1513,1
3,0.0,1514,1
3,0.0,1515,1
3,0.0,1516,1
3,0.0,1517,1
3,0.0,1518,1
3,0.0,1519,1
3,0.0,1520,1
3,0.0,1521,1
3,0.0,1522,1
3,0.0,1523,1
3,0.0,1524,1
3,0.0,1525,1
3,0.0,1526,1
3,0.0,1527,1
3,0.0,1528,1
3,0.0,1529,1
3,0.0,1530,1
3,0.0,1531,1
3,0.0,1532,1
3,0.0,1533,1
3,0.0,1534,1
3,0.0,1535,1
3,0.0,1536,1
3,0.0,1537,1
3,0.0,1538,1
3,0.0,1539,1
3,0.0,1540,1
3,0.0,1541,1
3,0.0,1542,1
3,0.0,1543,1
3,0.0,1544,1
3,0.0,1545,1
3,0.0,1546,1
3,0.0,1547,1
3,0.0,1548,1
3,0.0,1549,1
3,0.0,1550,1
3,0.0,1551,1
3,0.0,1552,1
3,0.0,1553,1
3,0.0,1554,1
3,0.0,1555,1
3,0.0,1556,1
3,0.0,1557,1
3,0.0,1558,1
3,0.0,1559,1
3,0.0,1560,1
3,0.0,1561,1
3,0.0,1562,1
3,0.0,1563,1
3,0.0,1564,1
3,0.0,1565,1
3,0.0,1566,1
3,0.0,1567,1
3,0.0,1568,1
3,0.0,1569,1
3,0.0,1570,1
3,0.0,1571,1
3,0.0,1572,1
3,0.0,1573,1
3,0.0,1574,1
3,0.0,1575,1
3,0.0,1576,1
3,0.0,1577,1
3,0.0,1578,1
3,0.0,1579,1
3,0.0,1580,1
3,0.0,1581,1
3,0.0,1582,1
3,0.0,1583,1
3,0.0,1584,1
3,0.0,1585,1
3,0.0,1586,1
3,0.0,1587,1
3,0.0,1588,1
3,0.0,1589,1
3,0.0,1590,1
3,0.0,1591,1
3,0.0,1592,1
3,0.0,1593,1
3,0.0,1594,1
3,0.0,1595,1
3,0.0,1596,1
3,0.0,1597,1
3,0.0,1598,1
3,0.0,1599,1
3,0.0,1600,1
3,0.0,1601,1
3,0.0,1602,1
3,0.0,1603,1
3,0.0,1604,1
3,0.0,1605,1
3,0.0,1606,1
3,0.0,1607,1
3,0.0,1608,1
3,0.0,1609,1
3,0.0,1610,1
3,0.0,1611,1
3,0.0,1612,1
3,0.0,1613,1
3,0.0,1614,1
3,0.0,1615,1
3,0.0,1616,1
3,0.0,1617,1
3,0.0,1618,1
3,0.0,1619,1
3,0.0,1620,1
3,0.0,1621,1
3,0.0,1622,1
3,0.0,1623,1
3,0.0,1624,1
3,0.0,1625,1
3,0.0,1626,1
3,0.0,1627,1
3,0.0,1628,1
3,0.0,1629,1
3,0.0,1630,1
3,0.0,1631,1
3,0.0,1632,1
3,0.0,1633,1
3,0.0,1634,1
3,0.0,1635,1
3,0.0,1636,1
3,0.0,1637,1
3,0.0,1638,1
3,0.0,1639,1
3,0.0,1640,1
3,0.0,1641,1
3,0.0,1642,1
3,0.0,1643,1
3,0.0,1644,1
3,0.0,1645,1
3,0.0,1646,1
3,0.0,1647,1
3,0.0,1648,1
3,0.0,1649,1
3,0.0,1650,1
3,0.0,1651,1
3,0.0,1652,1
3,0.0,1653,1
3,0.0,1654,1
3,0.0,1655,1
3,0.0,1656,1
3,0.0,1657,1
3,0.0,1658,1
3,0.0,1659,1
3,0.0,1660,1
3,0.0,1661,1
3,0.0,1662,1
3,0.0,1663,1
3,0.0,1664,1
3,0.0,1665,1
3,0.0,1666,1
3,0.0,1667,1
3,0.0,1668,1
3,0.0,1669,1
3,0.0,1670,1
3,0.0,1671,1
3,0.0,1672,1
3,0.0,1673,1
3,0.0,1674,1
3,0.0,1675,1
3,0.0,1676,1
3,0.0,1677,1
3,0.0,1678,1
3,0.0,1679,1
3,0.0,1680,1
3,0.0,1681,1
3,0.0,1682,1
3,0.0,1683,1
3,0.0,1684,1
3,0.0,1685,1
3,0.0,1686,1
3,0.0,1687,1
3,0.0,1688,1
3,0.0,1689,1
3,0.0,1690,1
3,0.0,1691,1
3,0.0,1692,1
3,0.0,1693,1
3,0.0,1694,1
3,0.0,1695,1
3,0.0,1696,1
3,0.0,1697,1
3,0.0,1698,1
3,0.0,1699,1
3,0.0,1700,1
3,0.0,1701,1
3,0.0,1702,1
3,0.0,1703,1
3,0.0,1704,1
3,0.0,1705,1
3,0.0,1706,1
3,0.0,1707,1
3,0.0,1708,1
3,0.0,1709,1
3,0.0,1710,1
3,0.0,1711,1
3,0.0,1712,1
3,0.0,1713,1
3,0.0,1714,1
3,0.0,1715,1
3,0.0,1716,1
3,0.0,1717,1
3,0.0,1718,1
3,0.0,1719,1
3,0.0,1720,1
3,0.0,1721,1
3,0.0,1722,1
3,0.0,1723,1
3,0.0,1724,1
3,0.0,1725,1
3,0.0,1726,1
3,0.0,1727,1
3,0.0,1728,1
3,0.0,1729,1
3,0.0,1730,1
3,0.0,1731,1
3,0.0,1732,1
3,0.0,1733,1
3,0.0,1734,1
3,0.0,1735,1
3,0.0,1736,1
3,0.0,1737,1
3,0.0,1738,1
3,0.0,1739,1
3,0.0,1740,1
3,0.0,1741,1
3,0.0,1742,1
3,0.0,1743,1
3,0.0,1744,1
3,0.0,1745,1
3,0.0,1746,1
3,0.0,1747,1
3,0.0,1748,1
3,0.0,1749,1
3,0.0,1750,1
3,0.0,1751,1
3,0.0,1752,1
3,0.0,1753,1
3,0.0,1754,1
3,0.0,1755,1
3,0.0,1756,1
3,0.0,1757,1
3,0.0,1758,1
3,0.0,1759,1
3,0.0,1760,1
3,0.0,1761,1
3,0.0,1762,1
3,0.0,1763,1
3,0.0,1764,1
3,0.0,1765,1
3,0.0,1766,1
3,0.0,1767,1
3,0.0,1768,1
3,0.0,1769,1
3,0.0,1770,1
3,0.0,1771,1
3,0.0,1772,1
3,0.0,1773,1
3,0.0,1774,1
3,0.0,1775,1
3,0.0,1776,1
3,0.0,1777,1
3,0.0,1778,1
3,0.0,1779,1
3,0.0,1780,1
3,0.0,1781,1
3,0.0,1782,1
3,0.0,1783,1
3,0.0,1784,1
3,0.0,1785,1
3,0.0,1786,1
3,0.0,1787,1
3,0.0,1788,1
3,0.0,1789,1
3,0.0,1790,1
3,0.0,1791,1
3,0.0,1792,1
3,0.0,1793,1
3,0.0,1794,1
3,0.0,1795,1
3,0.0,1796,1
3,0.0,1797,1
3,0.0,1798,1
3,0.0,1799,1
3,0.0,1800,1
3,0.0,1801,1
3,0.0,1802,1
3,0.0,1803,1
3,0.0,1804,1
3,0.0,1805,1
3,0.0,1806,1
3,0.0,1807,1
3,0.0,1808,1
3,0.0,1809,1
3,0.0,1810,1
3,0.0,1811,1
3,0.0,1812,1
3,0.0,1813,1
3,0.0,1814,1
3,0.0,1815,1
3,0.0,1816,1
3,0.0,1817,1
3,0.0,1818,1
3,0.0,1819,1
3,0.0,1820,1
3,0.0,1821,1
3,0.0,1822,1
3,0.0,1823,1
3,0.0,1824,1
3,0.0,1825,1
3,0.0,1826,1
3,0.0,1827,1
3,0.0,1828,1
3,0.0,1829,1
3,0.0,1830,1
3,0.0,1831,1
3,0.0,1832,1
3,0.0,1833,1
3,0.0,1834,1
3,0.0,1835,1
3,0.0,1836,1
3,0.0,1837,1
3,0.0,1838,1
3,0.0,1839,1
3,0.0,1840,1
3,0.0,1841,1
3,0.0,1842,1
3,0.0,1843,1
3,0.0,1844,1
3,0.0,1845,1
3,0.0,1846,1
3,0.0,1847,1
3,0.0,1848,1
3,0.0,1849,1
3,0.0,1850,1
3,0.0,1851,1
3,0.0,1852,1
3,0.0,1853,1
3,0.0,1854,1
3,0.0,1855,1
3,0.0,1856,1
3,0.0,1857,1
3,0.0,1858,1
3,0.0,1859,1
3,0.0,1860,1
3,0.0,1861,1
3,0.0,1862,1
3,0.0,1863,1
3,0.0,1864,1
3,0.0,1865,1
3,0.0,1866,1
3,0.0,1867,1
3,0.0,1868,1
3,0.0,1869,1
3,0.0,1870,1
3,0.0,1871,1
3,0.0,1872,1
3,0.0,1873,1
3,0.0,1874,1
3,0.0,1875,1
3,0.0,1876,1
3,0.0,1877,1
3,0.0,1878,1
3,0.0,1879,1
3,0.0,1880,1
3,0.0,1881,1
3,0.0,1882,1
3,0.0,1883,1
3,0.0,1884,1
3,0.0,1885,1
3,0.0,1886,1
3,0.0,1887,1
3,0.0,1888,1
3,0.0,1889,1
3,0.0,1890,1
3,0.0,1891,1
3,0.0,1892,1
3,0.0,1893,1
3,0.0,1894,1
3,0.0,1895,1
3,0.0,1896,1
3,0.0,1897,1
3,0.0,1898,1
3,0.0,1899,1
3,0.0,1900,1
3,0.0,1901,1
3,0.0,1902,1
3,0.0,1903,1
3,0.0,1904,1
3,0.0,1905,1
3,0.0,1906,1
3,0.0,1907,1
3,0.0,1908,1
3,0.0,1909,1
3,0.0,1910,1
3,0.0,1911,1
3,0.0,1912,1
3,0.0,1913,1
3,0.0,1914,1
3,0.0,1915,1
3,0.0,1916,1
3,0.0,1917,1
3,0.0,1918,1
3,0.0,1919,1
3,0.0,1920,1
3,0.0,1921,1
3,0.0,1922,1
3,0.0,1923,1
3,0.0,1924,1
3,0.0,1925,1
3,0.0,1926,1
3,0.0,1927,1
3,0.0,1928,1
3,0.0,1929,1
3,0.0,1930,1
3,0.0,1931,1
3,0.0,1932,1
3,0.0,1933,1
3,0.0,1934,1
3,0.0,1935,1
3,0.0,1936,1
3,0.0,1937,1
3,0.0,1938,1
3,0.0,1939,1
3,0.0,1940,1
3,0.0,1941,1
3,0.0,1942,1
3,0.0,1943,1
3,0.0,1944,1
3,0.0,1945,1
3,0.0,1946,1
3,0.0,1947,1
3,0.0,1948,1
3,0.0,1949,1
3,0.0,1950,1
3,0.0,1951,1
3,0.0,1952,1
3,0.0,1953,1
3,0.0,1954,1
3,0.0,1955,1
3,0.0,1956,1
3,0.0,1957,1
3,0.0,1958,1
3,0.0,1959,1
3,0.0,1960,1
3,0.0,1961,1
3,0.0,1962,1
3,0.0,1963,1
3,0.0,1964,1
3,0.0,1965,1
3,0.0,1966,1
3,0.0,1967,1
3,0.0,1968,1
3,0.0,1969,1
3,0.0,1970,1
3,0.0,1971,1
3,0.0,1972,1
3,0.0,1973,1
3,0.0,1974,1
3,0.0,1975,1
3,0.0,1976,1
3,0.0,1977,1
3,0.0,1978,1
3,0.0,1979,1
3,0.0,1980,1
3,0.0,1981,1
3,0.0,1982,1
3,0.0,1983,1
3,0.0,1984,1
3,0.0,1985,1
3,0.0,1986,1
3,0.0,1987,1
3,0.0,1988,1
3,0.0,1989,1
3,0.0,1990,1
3,0.0,1991,1
3,0.0,1992,1
3,0.0,1993,1
3,0.0,1994,1
3,0.0,1995,1
3,0.0,1996,1
3,0.0,1997,1
3,0.0,1998,1
3,0.0,1999,1
3,0.0,2000,1
3,0.0,2001,1
3,0.0,2002,1
3,0.0,2003,1
3,0.0,2004,1
3,0.0,2005,1
3,0.0,2006,1
3,0.0,2007,1
3,0.0,2008,1
3,0.0,2009,1
3,0.0,2010,1
3,0.0,2011,1
3,0.0,2012,1
3,0.0,2013,1
3,0.0,2014,1
3,0.0,2015,1
3,0.0,2016,1
3,0.0,2017,1
3,0.0,2018,1
3,0.0,2019,1
3,0.0,2020,1
3,0.0,2021,1
3,0.0,2022,1
3,0.0,2023,1
3,0.0,2024,1
3,0.0,2025,1
3,0.0,2026,1
3,0.0,2027,1
3,0.0,2028,1
3,0.0,2029,1
3,0.0,2030,1
3,0.0,2031,1
3,0.0,2032,1
3,0.0,2033,1
3,0.0,2034,1
3,0.0,2035,1
3,0.0,2036,1
3,0.0,2037,1
3,0.0,2038,1
3,0.0,2039,1
3,0.0,2040,1
3,0.0,2041,1
3,0.0,2042,1
3,0.0,2043,1
3,0.0,2044,1
3,0.0,2045,1
3,0.0,2046,1
3,0.0,2047,1
3,0.0,2048,1
3,0.0,2049,1
3,0.0,2050,1
3,0.0,2051,1
3,0.0,2052,1
3,0.0,2053,1
3,0.0,2054,1
3,0.0,2055,1
3,0.0,2056,1
3,0.0,2057,1
3,0.0,2058,1
3,0.0,2059,1
3,0.0,2060,1
3,0.0,2061,1
3,0.0,2062,1
3,0.0,2063,1
3,0.0,2064,1
3,0.0,2065,1
3,0.0,2066,1
3,0.0,2067,1
3,0.0,2068,1
3,0.0,2069,1
3,0.0,2070,1
3,0.0,2071,1
3,0.0,2072,1
3,0.0,2073,1
3,0.0,2074,1
3,0.0,2075,1
3,0.0,2076,1
3,0.0,2077,1
3,0.0,2078,1
3,0.0,2079,1
3,0.0,2080,1
3,0.0,2081,1
3,0.0,2082,1
3,0.0,2083,1
3,0.0,2084,1
3,0.0,2085,1
3,0.0,2086,1
3,0.0,2087,1
3,0.0,2088,1
3,0.0,2089,1
3,0.0,2090,1
3,0.0,2091,1
3,0.0,2092,1
3,0.0,2093,1
3,0.0,2094,1
3,0.0,2095,1
3,0.0,2096,1
3,0.0,2097,1
3,0.0,2098,1
3,0.0,2099,1
3,0.0,2100,1
3,0.0,2101,1
3,0.0,2102,1
3,0.0,2103,1
3,0.0,2104,1
3,0.0,2105,1
3,0.0,2106,1
3,0.0,2107,1
3,0.0,2108,1
3,0.0,2109,1
3,0.0,2110,1
3,0.0,2111,1
3,0.0,2112,1
3,0.0,2113,1
3,0.0,2114,1
3,0.0,2115,1
3,0.0,2116,1
3,0.0,2117,1
3,0.0,2118,1
3,0.0,2119,1
3,0.0,2120,1
3,0.0,2121,1
3,0.0,2122,1
3,0.0,2123,1
3,0.0,2124,1
3,0.0,2125,1
3,0.0,2126,1
3,0.0,2127,1
3,0.0,2128,1
3,0.0,2129,1
3,0.0,2130,1
3,0.0,2131,1
3,0.0,2132,1
3,0.0,2133,1
3,0.0,2134,1
3,0.0,2135,1
3,0.0,2136,1
3,0.0,2137,1
3,0.0,2138,1
3,0.0,2139,1
3,0.0,2140,1
3,0.0,2141,1
3,0.0,2142,1
3,0.0,2143,1
3,0.0,2144,1
3,0.0,2145,1
3,0.0,2146,1
3,0.0,2147,1
3,0.0,2148,1
3,0.0,2149,1
3,0.0,2150,1
3,0.0,2151,1
3,0.0,2152,1
3,0.0,2153,1
3,0.0,2154,1
3,0.0,2155,1
3,0.0,2156,1
3,0.0,2157,1
3,0.0,2158,1
3,0.0,2159,1
3,0.0,2160,1
3,0.0,2161,1
3,0.0,2162,1
3,0.0,2163,1
3,0.0,2164,1
3,0.0,2165,1
3,0.0,2166,1
3,0.0,2167,1
3,0.0,2168,1
3,0.0,2169,1
3,0.0,2170,1
3,0.0,2171,1
3,0.0,2172,1
3,0.0,2173,1
3,0.0,2174,1
3,0.0,2175,1
3,0.0,2176,1
3,0.0,2177,1
3,0.0,2178,1
3,0.0,2179,1
3,0.0,2180,1
3,0.0,2181,1
3,0.0,2182,1
3,0.0,2183,1
3,0.0,2184,1
3,0.0,2185,1
3,0.0,2186,1
3,0.0,2187,1
3,0.0,2188,1
3,0.0,2189,1
3,0.0,2190,1
3,0.0,2191,1
3,0.0,2192,1
3,0.0,2193,1
3,0.0,2194,1
3,0.0,2195,1
3,0.0,2196,1
3,0.0,2197,1
3,0.0,2198,1
3,0.0,2199,1
3,0.0,2200,1
3,0.0,2201,1
3,0.0,2202,1
3,0.0,2203,1
3,0.0,2204,1
3,0.0,2205,1
3,0.0,2206,1
3,0.0,2207,1
3,0.0,2208,1
3,0.0,2209,1
3,0.0,2210,1
3,0.0,2211,1
3,0.0,2212,1
3,0.0,2213,1
3,0.0,2214,1
3,0.0,2215,1
3,0.0,2216,1
3,0.0,2217,1
3,0.0,2218,1
3,0.0,2219,1
3,0.0,2220,1
3,0.0,2221,1
3,0.0,2222,1
3,0.0,2223,1
3,0.0,2224,1
3,0.0,2225,1
3,0.0,2226,1
3,0.0,2227,1
3,0.0,2228,1
3,0.0,2229,1
3,0.0,2230,1
3,0.0,2231,1
3,0.0,2232,1
3,0.0,2233,1
3,0.0,2234,1
3,0.0,2235,1
3,0.0,2236,1
3,0.0,2237,1
3,0.0,2238,1
3,0.0,2239,1
3,0.0,2240,1
3,0.0,2241,1
3,0.0,2242,1
3,0.0,2243,1
3,0.0,2244,1
3,0.0,2245,1
3,0.0,2246,1
3,0.0,2247,1
3,0.0,2248,1
3,0.0,2249,1
3,0.0,2250,1
3,0.0,2251,1
3,0.0,2252,1
3,0.0,2253,1
3,0.0,2254,1
3,0.0,2255,1
3,0.0,2256,1
3,0.0,2257,1
3,0.0,2258,1
3,0.0,2259,1
3,0.0,2260,1
3,0.0,2261,1
3,0.0,2262,1
3,0.0,2263,1
3,0.0,2264,1
3,0.0,2265,1
3,0.0,2266,1
3,0.0,2267,1
3,0.0,2268,1
3,0.0,2269,1
3,0.0,2270,1
3,0.0,2271,1
3,0.0,2272,1
3,0.0,2273,1
3,0.0,2274,1
3,0.0,2275,1
3,0.0,2276,1
3,0.0,2277,1
3,0.0,2278,1
3,0.0,2279,1
3,0.0,2280,1
3,0.0,2281,1
3,0.0,2282,1
3,0.0,2283,1
3,0.0,2284,1
3,0.0,2285,1
3,0.0,2286,1
3,0.0,2287,1
3,0.0,2288,1
3,0.0,2289,1
3,0.0,2290,1
3,0.0,2291,1
3,0.0,2292,1
3,0.0,2293,1
3,0.0,2294,1
3,0.0,2295,1
3,0.0,2296,1
3,0.0,2297,1
3,0.0,2298,1
3,0.0,2299,1
3,0.0,2300,1
3,0.0,2301,1
3,0.0,2302,1
3,0.0,2303,1
3,0.0,2304,1
3,0.0,2305,1
3,0.0,2306,1
3,0.0,2307,1
3,0.0,2308,1
3,0.0,2309,1
3,0.0,2310,1
3,0.0,2311,1
3,0.0,2312,1
3,0.0,2313,1
3,0.0,2314,1
3,0.0,2315,1
3,0.0,2316,1
3,0.0,2317,1
3,0.0,2318,1
3,0.0,2319,1
3,0.0,2320,1
3,0.0,2321,1
3,0.0,2322,1
3,0.0,2323,1
3,0.0,2324,1
3,0.0,2325,1
3,0.0,2326,1
3,0.0,2327,1
3,0.0,2328,1
3,0.0,2329,1
3,0.0,2330,1
3,0.0,2331,1
3,0.0,2332,1
3,0.0,2333,1
3,0.0,2334,1
3,0.0,2335,1
3,0.0,2336,1
3,0.0,2337,1
3,0.0,2338,1
3,0.0,2339,1
3,0.0,2340,1
3,0.0,2341,1
3,0.0,2342,1
3,0.0,2343,1
3,0.0,2344,1
3,0.0,2345,1
3,0.0,2346,1
3,0.0,2347,1
3,0.0,2348,1
3,0.0,2349,1
3,0.0,2350,1
3,0.0,2351,1
3,0.0,2352,1
3,0.0,2353,1
3,0.0,2354,1
3,0.0,2355,1
3,0.0,2356,1
3,0.0,2357,1
3,0.0,2358,1
3,0.0,2359,1
3,0.0,2360,1
3,0.0,2361,1
3,0.0,2362,1
3,0.0,2363,1
3,0.0,2364,1
3,0.0,2365,1
3,0.0,2366,1
3,0.0,2367,1
3,0.0,2368,1
3,0.0,2369,1
3,0.0,2370,1
3,0.0,2371,1
3,0.0,2372,1
3,0.0,2373,1
3,0.0,2374,1
3,0.0,2375,1
3,0.0,2376,1
3,0.0,2377,1
3,0.0,2378,1
3,0.0,2379,1
3,0.0,2380,1
3,0.0,2381,1
3,0.0,2382,1
3,0.0,2383,1
3,0.0,2384,1
3,0.0,2385,1
3,0.0,2386,1
3,0.0,2387,1
3,0.0,2388,1
3,0.0,2389,1
3,0.0,2390,1
3,0.0,2391,1
3,0.0,2392,1
3,0.0,2393,1
3,0.0,2394,1
3,0.0,2395,1
3,0.0,2396,1
3,0.0,2397,1
3,0.0,2398,1
3,0.0,2399,1
3,0.0,2400,1
3,0.0,2401,1
3,0.0,2402,1
3,0.0,2403,1
3,0.0,2404,1
3,0.0,2405,1
3,0.0,2406,1
3,0.0,2407,1
3,0.0,2408,1
3,0.0,2409,1
3,0.0,2410,1
3,0.0,2411,1
3,0.0,2412,1
3,0.0,2413,1
3,0.0,2414,1
3,0.0,2415,1
3,0.0,2416,1
3,0.0,2417,1
3,0.0,2418,1
3,0.0,2419,1
3,0.0,2420,1
3,0.0,2421,1
3,0.0,2422,1
3,0.0,2423,1
3,0.0,2424,1
3,0.0,2425,1
3,0.0,2426,1
3,0.0,2427,1
3,0.0,2428,1
3,0.0,2429,1
3,0.0,2430,1
3,0.0,2431,1
3,0.0,2432,1
3,0.0,2433,1
3,0.0,2434,1
3,0.0,2435,1
3,0.0,2436,1
3,0.0,2437,1
3,0.0,2438,1
3,0.0,2439,1
3,0.0,2440,1
3,0.0,2441,1
3,0.0,2442,1
3,0.0,2443,1
3,0.0,2444,1
3,0.0,2445,1
3,0.0,2446,1
3,0.0,2447,1
3,0.0,2448,1
3,0.0,2449,1
3,0.0,2450,1
3,0.0,2451,1
3,0.0,2452,1
3,0.0,2453,1
3,0.0,2454,1
3,0.0,2455,1
3,0.0,2456,1
3,0.0,2457,1
3,0.0,2458,1
3,0.0,2459,1
3,0.0,2460,1
3,0.0,2461,1
3,0.0,2462,1
3,0.0,2463,1
3,0.0,2464,1
3,0.0,2465,1
3,0.0,2466,1
3,0.0,2467,1
3,0.0,2468,1
3,0.0,2469,1
3,0.0,2470,1
3,0.0,2471,1
3,0.0,2472,1
3,0.0,2473,1
3,0.0,2474,1
3,0.0,2475,1
3,0.0,2476,1
3,0.0,2477,1
3,0.0,2478,1
3,0.0,2479,1
3,0.0,2480,1
3,0.0,2481,1
3,0.0,2482,1
3,0.0,2483,1
3,0.0,2484,1
3,0.0,2485,1
3,0.0,2486,1
3,0.0,2487,1
3,0.0,2488,1
3,0.0,2489,1
3,0.0,2490,1
3,0.0,2491,1
3,0.0,2492,1
3,0.0,2493,1
3,0.0,2494,1
3,0.0,2495,1
3,0.0,2496,1
3,0.0,2497,1
3,0.0,2498,1
3,0.0,2499,1
3,0.0,2500,1
3,0.2,1,1
3,0.2,2,-1
3,0.2,3,-1
3,0.2,4,1
3,0.2,5,-1
3,0.2,6,1
3,0.2,7,-1
3,0.2,8,-1
3,0.2,9,-1
3,0.2,10,-1
3,0.2,11,1
3,0.2,12,1
3,0.2,13,1
3,0.2,14,1
3,0.2,15,-1
3,0.2,16,-1
3,0.2,17,1
3,0.2,18,-1
3,0.2,19,1
3,0.2,20,-1
3,0.2,21,1
3,0.2,22,-1
3,0.2,23,-1
3,0.2,24,-1
3,0.2,25,-1
3,0.2,26,-1
3,0.2,27,1
3,0.2,28,1
3,0.2,29,-1
3,0.2,30,1
3,0.2,31,-1
3,0.2,32,-1
3,0.2,33,1
3,0.2,34,1
3,0.2,35,-1
3,0.2,36,1
3,0.2,37,-1
3,0.2,38,-1
3,0.2,39,1
3,0.2,40,-1
3,0.2,41,1
3,0.2,42,-1
3,0.2,43,-1
3,0.2,44,1
3,0.2,45,-1
3,0.2,46,-1
3,0.2,47,-1
3,0.2,48,-1
3,0.2,49,-1
3,0.2,50,-1
3,0.2,51,-1
3,0.2,52,1
3,0.2,53,-1
3,0.2,54,1
3,0.2,55,-1
3,0.2,56,1
3,0.2,57,-1
3,0.2,58,-1
3,0.2,59,-1
3,0.2,60,1
3,0.2,61,1
3,0.2,62,1
3,0.2,63,-1
3,0.2,64,-1
3,0.2,65,1
3,0.2,66,-1
3,0.2,67,-1
3,0.2,68,1
3,0.2,69,1
3,0.2,70,1
3,0.2,71,1
3,0.2,72,1
3,0.2,73,1
3,0.2,74,1
3,0.2,75,1
3,0.2,76,1
3,0.2,77,1
3,0.2,78,1
3,0.2,79,1
3,0.2,80,-1
3,0.2,81,-1
3,0.2,82,-1
3,0.2,83,1
3,0.2,84,1
3,0.2,85,-1
3,0.2,86,1
3,0.2,87,1
3,0.2,88,1
3,0.2,89,1
3,0.2,90,1
3,0.2,91,1
3,0.2,92,1
3,0.2,93,1
3,0.2,94,1
3,0.2,95,1
3,0.2,96,-1
3,0.2,97,-1
3,0.2,98,-1
3,0.2,99,-1
3,0.2,100,1
3,0.2,101,1
3,0.2,102,-1
3,0.2,103,1
3,0.2,104,1
3,0.2,105,-1
3,0.2,106,1
3,0.2,107,1
3,0.2,108,-1
3,0.2,109,-1
3,0.2,110,-1
3,0.2,111,-1
3,0.2,112,-1
3,0.2,113,1
3,0.2,114,1
3,0.2,115,1
3,0.2,116,1
3,0.2,117,1
3,0.2,118,1
3,0.2,119,1
3,0.2,120,-1
3,0.2,121,1
3,0.2,122,1
3,0.2,123,1
3,0.2,124,1
3,0.2,125,1
3,0.2,126,1
3,0.2,127,-1
3,0.2,128,1
3,0.2,129,1
3,0.2,130,-1
3,0.2,131,-1
3,0.2,132,1
3,0.2,133,1
3,0.2,134,-1
3,0.2,135,1
3,0.2,136,1
3,0.2,137,1
3,0.2,138,1
3,0.2,139,-1
3,0.2,140,1
3,0.2,141,1
3,0.2,142,1
3,0.2,143,1
3,0.2,144,1
3,0.2,145,1
3,0.2,146,1
3,0.2,147,-1
3,0.2,148,1
3,0.2,149,-1
3,0.2,150,1
3,0.2,151,1
3,0.2,152,1
3,0.2,153,-1
3,0.2,154,1
3,0.2,155,1
3,0.2,156,1
3,0.2,157,-1
3,0.2,158,-1
3,0.2,159,1
3,0.2,160,-1
3,0.2,161,-1
3,0.2,162,1
3,0.2,163,-1
3,0.2,164,-1
3,0.2,165,1
3,0.2,166,-1
3,0.2,167,1
3,0.2,168,1
3,0.2,169,1
3,0.2,170,-1
3,0.2,171,1
3,0.2,172,-1
3,0.2,173,-1
3,0.2,174,1
3,0.2,175,1
3,0.2,176,1
3,0.2,177,1
3,0.2,178,-1
3,0.2,179,1
3,0.2,180,1
3,0.2,181,-1
3,0.2,182,1
3,0.2,183,-1
3,0.2,184,1
3,0.2,185,1
3,0.2,186,-1
3,0.2,187,1
3,0.2,188,-1
3,0.2,189,1
3,0.2,190,1
3,0.2,191,1
3,0.2,192,1
3,0.2,193,1
3,0.2,194,1
3,0.2,195,1
3,0.2,196,1
3,0.2,197,1
3,0.2,198,1
3,0.2,199,-1
3,0.2,200,1
3,0.2,201,-1
3,0.2,202,1
3,0.2,203,1
3,0.2,204,-1
3,0.2,205,1
3,0.2,206,1
3,0.2,207,1
3,0.2,208,-1
3,0.2,209,1
3,0.2,210,-1
3,0.2,211,-1
3,0.2,212,-1
3,0.2,213,1
3,0.2,214,1
3,0.2,215,-1
3,0.2,216,-1
3,0.2,217,-1
3,0.2,218,1
3,0.2,219,-1
3,0.2,220,-1
3,0.2,221,-1
3,0.2,222,1
3,0.2,223,1
3,0.2,224,1
3,0.2,225,1
3,0.2,226,1
3,0.2,227,1
3,0.2,228,1
3,0.2,229,1
3,0.2,230,1
3,0.2,231,1
3,0.2,232,1
3,0.2,233,1
3,0.2,234,-1
3,0.2,235,-1
3,0.2,236,1
3,0.2,237,1
3,0.2,238,1
3,0.2,239,-1
3,0.2,240,1
3,0.2,241,1
3,0.2,242,1
3,0.2,243,1
3,0.2,244,-1
3,0.2,245,1
3,0.2,246,-1
3,0.2,247,1
3,0.2,248,1
3,0.2,249,1
3,0.2,250,1
3,0.2,251,1
3,0.2,252,1
3,0.2,253,1
3,0.2,254,1
3,0.2,255,1
3,0.2,256,-1
3,0.2,257,1
3,0.2,258,1
3,0.2,259,1
3,0.2,260,1
3,0.2,261,1
3,0.2,262,1
3,0.2,263,1
3,0.2,264,1
3,0.2,265,1
3,0.2,266,1
3,0.2,267,1
3,0.2,268,1
3,0.2,269,1
3,0.2,270,1
3,0.2,271,1
3,0.2,272,1
3,0.2,273,1
3,0.2,274,1
3,0.2,275,1
3,0.2,276,1
3,0.2,277,1
3,0.2,278,1
3,0.2,279,-1
3,0.2,280,1
3,0.2,281,1
3,0.2,282,1
3,0.2,283,1
3,0.2,284,1
3,0.2,285,1
3,0.2,286,1
3,0.2,287,1
3,0.2,288,1
3,0.2,289,-1
3,0.2,290,-1
3,0.2,291,1
3,0.2,292,1
3,0.2,293,1
3,0.2,294,1
3,0.2,295,1
3,0.2,296,-1
3,0.2,297,1
3,0.2,298,-1
3,0.2,299,1
3,0.2,300,1
3,0.2,301,-1
3,0.2,302,1
3,0.2,303,1
3,0.2,304,1
3,0.2,305,-1
3,0.2,306,1
3,0.2,307,1
3,0.2,308,-1
3,0.2,309,1
3,0.2,310,-1
3,0.2,311,1
3,0.2,312,1
3,0.2,313,-1
3,0.2,314,-1
3,0.2,315,1
3,0.2,316,1
3,0.2,317,1
3,0.2,318,1
3,0.2,319,1
3,0.2,320,-1
3,0.2,321,1
3,0.2,322,-1
3,0.2,323,1
3,0.2,324,1
3,0.2,325,1
3,0.2,326,1
3,0.2,327,1
3,0.2,328,1
3,0.2,329,1
3,0.2,330,1
3,0.2,331,-1
3,0.2,332,1
3,0.2,333,1
3,0.2,334,1
3,0.2,335,-1
3,0.2,336,1
3,0.2,337,1
3,0.2,338,1
3,0.2,339,1
3,0.2,340,1
3,0.2,341,1
3,0.2,342,1
3,0.2,343,1
3,0.2,344,1
3,0.2,345,1
3,0.2,346,1
3,0.2,347,1
3,0.2,348,1
3,0.2,349,-1
3,0.2,350,1
3,0.2,351,1
3,0.2,352,-1
3,0.2,353,-1
3,0.2,354,1
3,0.2,355,1
3,0.2,356,1
3,0.2,357,1
3,0.2,358,1
3,0.2,359,1
3,0.2,360,1
3,0.2,361,1
3,0.2,362,1
3,0.2,363,1
3,0.2,364,1
3,0.2,365,1
3,0.2,366,-1
3,0.2,367,1
3,0.2,368,1
3,0.2,369,-1
3,0.2,370,1
3,0.2,371,-1
3,0.2,372,1
3,0.2,373,1
3,0.2,374,1
3,0.2,375,1
3,0.2,376,1
3,0.2,377,1
3,0.2,378,1
3,0.2,379,1
3,0.2,380,1
3,0.2,381,1
3,0.2,382,1
3,0.2,383,1
3,0.2,384,1
3,0.2,385,1
3,0.2,386,1
3,0.2,387,1
3,0.2,388,1
3,0.2,389,1
3,0.2,390,-1
3,0.2,391,1
3,0.2,392,1
3,0.2,393,1
3,0.2,394,1
3,0.2,395,-1
3,0.2,396,1
3,0.2,397,1
3,0.2,398,1
3,0.2,399,1
3,0.2,400,1
3,0.2,401,1
3,0.2,402,-1
3,0.2,403,-1
3,0.2,404,1
3,0.2,405,1
3,0.2,406,1
3,0.2,407,1
3,0.2,408,1
3,0.2,409,1
3,0.2,410,1
3,0.2,411,1
3,0.2,412,1
3,0.2,413,1
3,0.2,414,1
3,0.2,415,1
3,0.2,416,1
3,0.2,417,1
3,0.2,418,1
3,0.2,419,1
3,0.2,420,1
3,0.2,421,1
3,0.2,422,1
3,0.2,423,-1
3,0.2,424,1
3,0.2,425,1
3,0.2,426,-1
3,0.2,427,1
3,0.2,428,-1
3,0.2,429,-1
3,0.2,430,1
3,0.2,431,1
3,0.2,432,1
3,0.2,433,1
3,0.2,434,-1
3,0.2,435,1
3,0.2,436,1
3,0.2,437,1
3,0.2,438,1
3,0.2,439,-1
3,0.2,440,-1
3,0.2,441,1
3,0.2,442,1
3,0.2,443,-1
3,0.2,444,1
3,0.2,445,1
3,0.2,446,1
3,0.2,447,1
3,0.2,448,1
3,0.2,449,1
3,0.2,450,1
3,0.2,451,1
3,0.2,452,1
3,0.2,453,1
3,0.2,454,1
3,0.2,455,1
3,0.2,456,1
3,0.2,457,-1
3,0.2,458,1
3,0.2,459,1
3,0.2,460,1
3,0.2,461,1
3,0.2,462,-1
3,0.2,463,1
3,0.2,464,1
3,0.2,465,1
3,0.2,466,1
3,0.2,467,1
3,0.2,468,1
3,0.2,469,-1
3,0.2,470,1
3,0.2,471,1
3,0.2,472,1
3,0.2,473,1
3,0.2,474,1
3,0.2,475,1
3,0.2,476,1
3,0.2,477,-1
3,0.2,478,1
3,0.2,479,1
3,0.2,480,1
3,0.2,481,1
3,0.2,482,1
3,0.2,483,1
3,0.2,484,1
3,0.2,485,1
3,0.2,486,1
3,0.2,487,1
3,0.2,488,1
3,0.2,489,1
3,0.2,490,1
3,0.2,491,1
3,0.2,492,1
3,0.2,493,1
3,0.2,494,1
3,0.2,495,1
3,0.2,496,1
3,0.2,497,1
3,0.2,498,1
3,0.2,499,1
3,0.2,500,1
3,0.2,501,1
3,0.2,502,1
3,0.2,503,1
3,0.2,504,1
3,0.2,505,1
3,0.2,506,-1
3,0.2,507,1
3,0.2,508,-1
3,0.2,509,1
3,0.2,510,1
3,0.2,511,1
3,0.2,512,1
3,0.2,513,1
3,0.2,514,-1
3,0.2,515,1
3,0.2,516,1
3,0.2,517,1
3,0.2,518,1
3,0.2,519,1
3,0.2,520,1
3,0.2,521,-1
3,0.2,522,1
3,0.2,523,1
3,0.2,524,1
3,0.2,525,1
3,0.2,526,1
3,0.2,527,1
3,0.2,528,1
3,0.2,529,-1
3,0.2,530,1
3,0.2,531,1
3,0.2,532,1
3,0.2,533,1
3,0.2,534,1
3,0.2,535,-1
3,0.2,536,1
3,0.2,537,1
3,0.2,538,1
3,0.2,539,-1
3,0.2,540,1
3,0.2,541,1
3,0.2,542,1
3,0.2,543,1
3,0.2,544,1
3,0.2,545,1
3,0.2,546,1
3,0.2,547,1
3,0.2,548,-1
3,0.2,549,-1
3,0.2,550,1
3,0.2,551,-1
3,0.2,552,1
3,0.2,553,1
3,0.2,554,1
3,0.2,555,1
3,0.2,556,1
3,0.2,557,1
3,0.2,558,1
3,0.2,559,1
3,0.2,560,1
3,0.2,561,1
3,0.2,562,1
3,0.2,563,-1
3,0.2,564,1
3,0.2,565,1
3,0.2,566,1
3,0.2,567,1
3,0.2,568,1
3,0.2,569,1
3,0.2,570,1
3,0.2,571,1
3,0.2,572,1
3,0.2,573,1
3,0.2,574,-1
3,0.2,575,-1
3,0.2,576,1
3,0.2,577,1
3,0.2,578,-1
3,0.2,579,1
3,0.2,580,1
3,0.2,581,1
3,0.2,582,1
3,0.2,583,1
3,0.2,584,1
3,0.2,585,1
3,0.2,586,-1
3,0.2,587,1
3,0.2,588,-1
3,0.2,589,1
3,0.2,590,1
3,0.2,591,1
3,0.2,592,-1
3,0.2,593,1
3,0.2,594,1
3,0.2,595,1
3,0.2,596,1
3,0.2,597,1
3,0.2,598,1
3,0.2,599,-1
3,0.2,600,1
3,0.2,601,1
3,0.2,602,1
3,0.2,603,1
3,0.2,604,1
3,0.2,605,1
3,0.2,606,1
3,0.2,607,1
3,0.2,608,-1
3,0.2,609,-1
3,0.2,610,1
3,0.2,611,1
3,0.2,612,1
3,0.2,613,1
3,0.2,614,1
3,0.2,615,1
3,0.2,616,1
3,0.2,617,-1
3,0.2,618,1
3,0.2,619,1
3,0.2,620,1
3,0.2,621,1
3,0.2,622,1
3,0.2,623,-1
3,0.2,624,1
3,0.2,625,1
3,0.2,626,1
3,0.2,627,1
3,0.2,628,-1
3,0.2,629,1
3,0.2,630,1
3,0.2,631,1
3,0.2,632,1
3,0.2,633,1
3,0.2,634,1
3,0.2,635,-1
3,0.2,636,-1
3,0.2,637,1
3,0.2,638,1
3,0.2,639,1
3,0.2,640,1
3,0.2,641,1
3,0.2,642,-1
3,0.2,643,1
3,0.2,644,1
3,0.2,645,1
3,0.2,646,1
3,0.2,647,1
3,0.2,648,1
3,0.2,649,1
3,0.2,650,1
3,0.2,651,1
3,0.2,652,1
3,0.2,653,-1
3,0.2,654,1
3,0.2,655,1
3,0.2,656,1
3,0.2,657,1
3,0.2,658,1
3,0.2,659,1
3,0.2,660,-1
3,0.2,661,1
3,0.2,662,1
3,0.2,663,1
3,0.2,664,1
3,0.2,665,1
3,0.2,666,-1
3,0.2,667,1
3,0.2,668,1
3,0.2,669,1
3,0.2,670,1
3,0.2,671,1
3,0.2,672,1
3,0.2,673,1
3,0.2,674,1
3,0.2,675,1
3,0.2,676,1
3,0.2,677,1
3,0.2,678,-1
3,0.2,679,1
3,0.2,680,-1
3,0.2,681,1
3,0.2,682,1
3,0.2,683,1
3,0.2,684,1
3,0.2,685,1
3,0.2,686,-1
3,0.2,687,1
3,0.2,688,1
3,0.2,689,1
3,0.2,690,1
3,0.2,691,1
3,0.2,692,1
3,0.2,693,1
3,0.2,694,1
3,0.2,695,1
3,0.2,696,1
3,0.2,697,1
3,0.2,698,1
3,0.2,699,1
3,0.2,700,1
3,0.2,701,1
3,0.2,702,1
3,0.2,703,1
3,0.2,704,-1
3,0.2,705,1
3,0.2,706,1
3,0.2,707,1
3,0.2,708,1
3,0.2,709,1
3,0.2,710,1
3,0.2,711,1
3,0.2,712,1
3,0.2,713,1
3,0.2,714,1
3,0.2,715,1
3,0.2,716,1
3,0.2,717,-1
3,0.2,718,1
3,0.2,719,1
3,0.2,720,-1
3,0.2,721,-1
3,0.2,722,1
3,0.2,723,1
3,0.2,724,1
3,0.2,725,1
3,0.2,726,1
3,0.2,727,1
3,0.2,728,1
3,0.2,729,1
3,0.2,730,1
3,0.2,731,1
3,0.2,732,1
3,0.2,733,-1
3,0.2,734,-1
3,0.2,735,-1
3,0.2,736,1
3,0.2,737,1
3,0.2,738,1
3,0.2,739,1
3,0.2,740,1
3,0.2,741,1
3,0.2,742,1
3,0.2,743,1
3,0.2,744,1
3,0.2,745,1
3,0.2,746,1
3,0.2,747,1
3,0.2,748,1
3,0.2,749,1
3,0.2,750,1
3,0.2,751,1
3,0.2,752,1
3,0.2,753,1
3,0.2,754,1
3,0.2,755,1
3,0.2,756,1
3,0.2,757,1
3,0.2,758,1
3,0.2,759,1
3,0.2,760,1
3,0.2,761,1
3,0.2,762,-1
3,0.2,763,-1
3,0.2,764,1
3,0.2,765,1
3,0.2,766,1
3,0.2,767,-1
3,0.2,768,1
3,0.2,769,1
3,0.2,770,1
3,0.2,771,1
3,0.2,772,1
3,0.2,773,1
3,0.2,774,1
3,0.2,775,1
3,0.2,776,1
3,0.2,777,1
3,0.2,778,1
3,0.2,779,1
3,0.2,780,1
3,0.2,781,-1
3,0.2,782,1
3,0.2,783,1
3,0.2,784,1
3,0.2,785,1
3,0.2,786,1
3,0.2,787,1
3,0.2,788,-1
3,0.2,789,1
3,0.2,790,1
3,0.2,791,1
3,0.2,792,1
3,0.2,793,1
3,0.2,794,1
3,0.2,795,1
3,0.2,796,1
3,0.2,797,1
3,0.2,798,-1
3,0.2,799,1
3,0.2,800,1
3,0.2,801,1
3,0.2,802,1
3,0.2,803,-1
3,0.2,804,1
3,0.2,805,1
3,0.2,806,1
3,0.2,807,-1
3,0.2,808,1
3,0.2,809,1
3,0.2,810,1
3,0.2,811,1
3,0.2,812,1
3,0.2,813,1
3,0.2,814,1
3,0.2,815,-1
3,0.2,816,-1
3,0.2,817,1
3,0.2,818,1
3,0.2,819,1
3,0.2,820,1
3,0.2,821,1
3,0.2,822,1
3,0.2,823,1
3,0.2,824,1
3,0.2,825,1
3,0.2,826,-1
3,0.2,827,1
3,0.2,828,1
3,0.2,829,1
3,0.2,830,1
3,0.2,831,1
3,0.2,832,1
3,0.2,833,1
3,0.2,834,1
3,0.2,835,1
3,0.2,836,1
3,0.2,837,1
3,0.2,838,1
3,0.2,839,-1
3,0.2,840,-1
3,0.2,841,-1
3,0.2,842,1
3,0.2,843,1
3,0.2,844,1
3,0.2,845,1
3,0.2,846,1
3,0.2,847,1
3,0.2,848,1
3,0.2,849,1
3,0.2,850,1
3,0.2,851,1
3,0.2,852,1
3,0.2,853,1
3,0.2,854,1
3,0.2,855,1
3,0.2,856,-1
3,0.2,857,1
3,0.2,858,1
3,0.2,859,1
3,0.2,860,1
3,0.2,861,1
3,0.2,862,1
3,0.2,863,-1
3,0.2,864,-1
3,0.2,865,1
3,0.2,866,1
3,0.2,867,1
3,0.2,868,-1
3,0.2,869,1
3,0.2,870,1
3,0.2,871,1
3,0.2,872,1
3,0.2,873,1
3,0.2,874,1
3,0.2,875,1
3,0.2,876,1
3,0.2,877,1
3,0.2,878,1
3,0.2,879,1
3,0.2,880,1
3,0.2,881,1
3,0.2,882,1
3,0.2,883,1
3,0.2,884,1
3,0.2,885,1
3,0.2,886,1
3,0.2,887,1
3,0.2,888,1
3,0.2,889,1
3,0.2,890,1
3,0.2,891,1
3,0.2,892,1
3,0.2,893,1
3,0.2,894,1
3,0.2,895,1
3,0.2,896,1
3,0.2,897,1
3,0.2,898,1
3,0.2,899,1
3,0.2,900,1
3,0.2,901,1
3,0.2,902,1
3,0.2,903,1
3,0.2,904,1
3,0.2,905,1
3,0.2,906,1
3,0.2,907,1
3,0.2,908,1
3,0.2,909,1
3,0.2,910,1
3,0.2,911,1
3,0.2,912,1
3,0.2,913,1
3,0.2,914,-1
3,0.2,915,1
3,0.2,916,1
3,0.2,917,1
3,0.2,918,-1
3,0.2,919,1
3,0.2,920,1
3,0.2,921,1
3,0.2,922,1
3,0.2,923,1
3,0.2,924,1
3,0.2,925,1
3,0.2,926,1
3,0.2,927,1
3,0.2,928,1
3,0.2,929,-1
3,0.2,930,1
3,0.2,931,1
3,0.2,932,1
3,0.2,933,1
3,0.2,934,1
3,0.2,935,-1
3,0.2,936,1
3,0.2,937,1
3,0.2,938,1
3,0.2,939,1
3,0.2,940,1
3,0.2,941,1
3,0.2,942,-1
3,0.2,943,1
3,0.2,944,1
3,0.2,945,1
3,0.2,946,1
3,0.2,947,1
3,0.2,948,1
3,0.2,949,1
3,0.2,950,-1
3,0.2,951,1
3,0.2,952,1
3,0.2,953,1
3,0.2,954,1
3,0.2,955,1
3,0.2,956,1
3,0.2,957,-1
3,0.2,958,1
3,0.2,959,1
3,0.2,960,1
3,0.2,961,-1
3,0.2,962,1
3,0.2,963,-1
3,0.2,964,1
3,0.2,965,1
3,0.2,966,1
3,0.2,967,1
3,0.2,968,1
3,0.2,969,1
3,0.2,970,1
3,0.2,971,1
3,0.2,972,1
3,0.2,973,1
3,0.2,974,1
3,0.2,975,1
3,0.2,976,1
3,0.2,977,1
3,0.2,978,1
3,0.2,979,1
3,0.2,980,-1
3,0.2,981,1
3,0.2,982,1
3,0.2,983,1
3,0.2,984,1
3,0.2,985,1
3,0.2,986,1
3,0.2,987,1
3,0.2,988,1
3,0.2,989,1
3,0.2,990,1
3,0.2,991,1
3,0.2,992,1
3,0.2,993,1
3,0.2,994,1
3,0.2,995,1
3,0.2,996,1
3,0.2,997,1
3,0.2,998,1
3,0.2,999,-1
3,0.2,1000,-1
3,0.2,1001,1
3,0.2,1002,1
3,0.2,1003,1
3,0.2,1004,1
3,0.2,1005,1
3,0.2,1006,1
3,0.2,1007,1
3,0.2,1008,1
3,0.2,1009,1
3,0.2,1010,1
3,0.2,1011,1
3,0.2,1012,1
3,0.2,1013,-1
3,0.2,1014,1
3,0.2,1015,1
3,0.2,1016,1
3,0.2,1017,-1
3,0.2,1018,1
3,0.2,1019,1
3,0.2,1020,1
3,0.2,1021,1
3,0.2,1022,1
3,0.2,1023,1
3,0.2,1024,1
3,0.2,1025,1
3,0.2,1026,-1
3,0.2,1027,-1
3,0.2,1028,1
3,0.2,1029,1
3,0.2,1030,1
3,0.2,1031,1
3,0.2,1032,1
3,0.2,1033,1
3,0.2,1034,1
3,0.2,1035,1
3,0.2,1036,1
3,0.2,1037,1
3,0.2,1038,1
3,0.2,1039,1
3,0.2,1040,1
3,0.2,1041,1
3,0.2,1042,1
3,0.2,1043,-1
3,0.2,1044,1
3,0.2,1045,1
3,0.2,1046,1
3,0.2,1047,1
3,0.2,1048,1
3,0.2,1049,1
3,0.2,1050,1
3,0.2,1051,1
3,0.2,1052,1
3,0.2,1053,1
3,0.2,1054,1
3,0.2,1055,1
3,0.2,1056,1
3,0.2,1057,1
3,0.2,1058,1
3,0.2,1059,1
3,0.2,1060,1
3,0.2,1061,1
3,0.2,1062,1
3,0.2,1063,1
3,0.2,1064,1
3,0.2,1065,1
3,0.2,1066,1
3,0.2,1067,1
3,0.2,1068,1
3,0.2,1069,1
3,0.2,1070,1
3,0.2,1071,1
3,0.2,1072,1
3,0.2,1073,1
3,0.2,1074,1
3,0.2,1075,1
3,0.2,1076,1
3,0.2,1077,1
3,0.2,1078,1
3,0.2,1079,1
3,0.2,1080,1
3,0.2,1081,1
3,0.2,1082,1
3,0.2,1083,1
3,0.2,1084,-1
3,0.2,1085,1
3,0.2,1086,1
3,0.2,1087,1
3,0.2,1088,1
3,0.2,1089,1
3,0.2,1090,-1
3,0.2,1091,1
3,0.2,1092,1
3,0.2,1093,1
3,0.2,1094,1
3,0.2,1095,1
3,0.2,1096,1
3,0.2,1097,1
3,0.2,1098,1
3,0.2,1099,1
3,0.2,1100,1
3,0.2,1101,1
3,0.2,1102,1
3,0.2,1103,1
3,0.2,1104,1
3,0.2,1105,1
3,0.2,1106,1
3,0.2,1107,1
3,0.2,1108,1
3,0.2,1109,-1
3,0.2,1110,-1
3,0.2,1111,-1
3,0.2,1112,1
3,0.2,1113,1
3,0.2,1114,1
3,0.2,1115,-1
3,0.2,1116,1
3,0.2,1117,-1
3,0.2,1118,1
3,0.2,1119,1
3,0.2,1120,1
3,0.2,1121,1
3,0.2,1122,1
3,0.2,1123,1
3,0.2,1124,1
3,0.2,1125,1
3,0.2,1126,1
3,0.2,1127,1
3,0.2,1128,1
3,0.2,1129,1
3,0.2,1130,1
3,0.2,1131,1
3,0.2,1132,-1
3,0.2,1133,-1
3,0.2,1134,1
3,0.2,1135,1
3,0.2,1136,1
3,0.2,1137,1
3,0.2,1138,1
3,0.2,1139,1
3,0.2,1140,1
3,0.2,1141,-1
3,0.2,1142,1
3,0.2,1143,1
3,0.2,1144,-1
3,0.2,1145,-1
3,0.2,1146,1
3,0.2,1147,1
3,0.2,1148,1
3,0.2,1149,1
3,0.2,1150,1
3,0.2,1151,1
3,0.2,1152,1
3,0.2,1153,1
3,0.2,1154,1
3,0.2,1155,1
3,0.2,1156,1
3,0.2,1157,1
3,0.2,1158,1
3,0.2,1159,1
3,0.2,1160,1
3,0.2,1161,1
3,0.2,1162,1
3,0.2,1163,1
3,0.2,1164,1
3,0.2,1165,1
3,0.2,1166,-1
3,0.2,1167,-1
3,0.2,1168,1
3,0.2,1169,-1
3,0.2,1170,1
3,0.2,1171,-1
3,0.2,1172,1
3,0.2,1173,1
3,0.2,1174,1
3,0.2,1175,1
3,0.2,1176,-1
3,0.2,1177,1
3,0.2,1178,1
3,0.2,1179,1
3,0.2,1180,1
3,0.2,1181,1
3,0.2,1182,1
3,0.2,1183,1
3,0.2,1184,1
3,0.2,1185,1
3,0.2,1186,1
3,0.2,1187,1
3,0.2,1188,1
3,0.2,1189,1
3,0.2,1190,1
3,0.2,1191,-1
3,0.2,1192,1
3,0.2,1193,1
3,0.2,1194,1
3,0.2,1195,1
3,0.2,1196,1
3,0.2,1197,1
3,0.2,1198,1
3,0.2,1199,1
3,0.2,1200,1
3,0.2,1201,1
3,0.2,1202,1
3,0.2,1203,1
3,0.2,1204,1
3,0.2,1205,1
3,0.2,1206,1
3,0.2,1207,1
3,0.2,1208,1
3,0.2,1209,1
3,0.2,1210,1
3,0.2,1211,1
3,0.2,1212,1
3,0.2,1213,1
3,0.2,1214,1
3,0.2,1215,1
3,0.2,1216,-1
3,0.2,1217,1
3,0.2,1218,1
3,0.2,1219,1
3,0.2,1220,1
3,0.2,1221,1
3,0.2,1222,1
3,0.2,1223,1
3,0.2,1224,1
3,0.2,1225,1
3,0.2,1226,1
3,0.2,1227,-1
3,0.2,1228,1
3,0.2,1229,1
3,0.2,1230,1
3,0.2,1231,1
3,0.2,1232,1
3,0.2,1233,1
3,0.2,1234,1
3,0.2,1235,1
3,0.2,1236,1
3,0.2,1237,1
3,0.2,1238,1
3,0.2,1239,1
3,0.2,1240,1
3,0.2,1241,1
3,0.2,1242,1
3,0.2,1243,1
3,0.2,1244,1
3,0.2,1245,1
3,0.2,1246,1
3,0.2,1247,-1
3,0.2,1248,1
3,0.2,1249,1
3,0.2,1250,1
3,0.2,1251,1
3,0.2,1252,1
3,0.2,1253,1
3,0.2,1254,1
3,0.2,1255,1
3,0.2,1256,1
3,0.2,1257,1
3,0.2,1258,1
3,0.2,1259,1
3,0.2,1260,1
3,0.2,1261,1
3,0.2,1262,1
3,0.2,1263,1
3,0.2,1264,1
3,0.2,1265,-1
3,0.2,1266,-1
3,0.2,1267,-1
3,0.2,1268,1
3,0.2,1269,1
3,0.2,1270,1
3,0.2,1271,1
3,0.2,1272,1
3,0.2,1273,1
3,0.2,1274,1
3,0.2,1275,1
3,0.2,1276,1
3,0.2,1277,1
3,0.2,1278,1
3,0.2,1279,1
3,0.2,1280,1
3,0.2,1281,1
3,0.2,1282,1
3,0.2,1283,-1
3,0.2,1284,1
3,0.2,1285,1
3,0.2,1286,1
3,0.2,1287,-1
3,0.2,1288,1
3,0.2,1289,1
3,0.2,1290,1
3,0.2,1291,1
3,0.2,1292,1
3,0.2,1293,1
3,0.2,1294,1
3,0.2,1295,1
3,0.2,1296,1
3,0.2,1297,1
3,0.2,1298,1
3,0.2,1299,1
3,0.2,1300,-1
3,0.2,1301,1
3,0.2,1302,1
3,0.2,1303,1
3,0.2,1304,1
3,0.2,1305,1
3,0.2,1306,1
3,0.2,1307,1
3,0.2,1308,-1
3,0.2,1309,1
3,0.2,1310,1
3,0.2,1311,1
3,0.2,1312,1
3,0.2,1313,1
3,0.2,1314,-1
3,0.2,1315,1
3,0.2,1316,1
3,0.2,1317,1
3,0.2,1318,1
3,0.2,1319,1
3,0.2,1320,1
3,0.2,1321,1
3,0.2,1322,1
3,0.2,1323,1
3,0.2,1324,1
3,0.2,1325,1
3,0.2,1326,1
3,0.2,1327,1
3,0.2,1328,1
3,0.2,1329,1
3,0.2,1330,1
3,0.2,1331,1
3,0.2,1332,1
3,0.2,1333,-1
3,0.2,1334,1
3,0.2,1335,1
3,0.2,1336,1
3,0.2,1337,1
3,0.2,1338,1
3,0.2,1339,1
3,0.2,1340,1
3,0.2,1341,1
3,0.2,1342,1
3,0.2,1343,1
3,0.2,1344,1
3,0.2,1345,1
3,0.2,1346,1
3,0.2,1347,1
3,0.2,1348,1
3,0.2,1349,1
3,0.2,1350,1
3,0.2,1351,1
3,0.2,1352,1
3,0.2,1353,1
3,0.2,1354,1
3,0.2,1355,1
3,0.2,1356,1
3,0.2,1357,1
3,0.2,1358,1
3,0.2,1359,1
3,0.2,1360,1
3,0.2,1361,1
3,0.2,1362,1
3,0.2,1363,-1
3,0.2,1364,1
3,0.2,1365,1
3,0.2,1366,1
3,0.2,1367,1
3,0.2,1368,-1
3,0.2,1369,1
3,0.2,1370,1
3,0.2,1371,1
3,0.2,1372,1
3,0.2,1373,1
3,0.2,1374,1
3,0.2,1375,-1
3,0.2,1376,1
3,0.2,1377,1
3,0.2,1378,-1
3,0.2,1379,-1
3,0.2,1380,1
3,0.2,1381,1
3,0.2,1382,1
3,0.2,1383,1
3,0.2,1384,-1
3,0.2,1385,1
3,0.2,1386,1
3,0.2,1387,1
3,0.2,1388,1
3,0.2,1389,1
3,0.2,1390,-1
3,0.2,1391,1
3,0.2,1392,1
3,0.2,1393,1
3,0.2,1394,1
3,0.2,1395,1
3,0.2,1396,1
3,0.2,1397,1
3,0.2,1398,1
3,0.2,1399,1
3,0.2,1400,1
3,0.2,1401,1
3,0.2,1402,1
3,0.2,1403,1
3,0.2,1404,1
3,0.2,1405,1
3,0.2,1406,1
3,0.2,1407,1
3,0.2,1408,-1
3,0.2,1409,1
3,0.2,1410,1
3,0.2,1411,1
3,0.2,1412,1
3,0.2,1413,1
3,0.2,1414,1
3,0.2,1415,1
3,0.2,1416,1
3,0.2,1417,1
3,0.2,1418,1
3,0.2,1419,1
3,0.2,1420,1
3,0.2,1421,1
3,0.2,1422,-1
3,0.2,1423,1
3,0.2,1424,1
3,0.2,1425,1
3,0.2,1426,1
3,0.2,1427,1
3,0.2,1428,-1
3,0.2,1429,1
3,0.2,1430,1
3,0.2,1431,1
3,0.2,1432,1
3,0.2,1433,1
3,0.2,1434,1
3,0.2,1435,1
3,0.2,1436,1
3,0.2,1437,-1
3,0.2,1438,1
3,0.2,1439,-1
3,0.2,1440,1
3,0.2,1441,1
3,0.2,1442,1
3,0.2,1443,1
3,0.2,1444,1
3,0.2,1445,1
3,0.2,1446,-1
3,0.2,1447,1
3,0.2,1448,1
3,0.2,1449,-1
3,0.2,1450,1
3,0.2,1451,1
3,0.2,1452,1
3,0.2,1453,1
3,0.2,1454,-1
3,0.2,1455,-1
3,0.2,1456,1
3,0.2,1457,1
3,0.2,1458,1
3,0.2,1459,1
3,0.2,1460,1
3,0.2,1461,1
3,0.2,1462,-1
3,0.2,1463,1
3,0.2,1464,1
3,0.2,1465,1
3,0.2,1466,1
3,0.2,1467,1
3,0.2,1468,1
3,0.2,1469,1
3,0.2,1470,1
3,0.2,1471,1
3,0.2,1472,1
3,0.2,1473,1
3,0.2,1474,1
3,0.2,1475,1
3,0.2,1476,1
3,0.2,1477,1
3,0.2,1478,1
3,0.2,1479,1
3,0.2,1480,1
3,0.2,1481,1
3,0.2,1482,1
3,0.2,1483,1
3,0.2,1484,1
3,0.2,1485,-1
3,0.2,1486,1
3,0.2,1487,1
3,0.2,1488,-1
3,0.2,1489,-1
3,0.2,1490,1
3,0.2,1491,1
3,0.2,1492,-1
3,0.2,1493,1
3,0.2,1494,1
3,0.2,1495,1
3,0.2,1496,1
3,0.2,1497,1
3,0.2,1498,1
3,0.2,1499,1
3,0.2,1500,1
3,0.2,1501,1
3,0.2,1502,1
3,0.2,1503,1
3,0.2,1504,1
3,0.2,1505,-1
3,0.2,1506,1
3,0.2,1507,1
3,0.2,1508,-1
3,0.2,1509,1
3,0.2,1510,1
3,0.2,1511,1
3,0.2,1512,1
3,0.2,1513,1
3,0.2,1514,1
3,0.2,1515,1
3,0.2,1516,1
3,0.2,1517,1
3,0.2,1518,1
3,0.2,1519,1
3,0.2,1520,1
3,0.2,1521,1
3,0.2,1522,1
3,0.2,1523,-1
3,0.2,1524,1
3,0.2,1525,1
3,0.2,1526,1
3,0.2,1527,1
3,0.2,1528,1
3,0.2,1529,1
3,0.2,1530,1
3,0.2,1531,1
3,0.2,1532,1
3,0.2,1533,1
3,0.2,1534,1
3,0.2,1535,1
3,0.2,1536,1
3,0.2,1537,1
3,0.2,1538,1
3,0.2,1539,1
3,0.2,1540,1
3,0.2,1541,1
3,0.2,1542,1
3,0.2,1543,1
3,0.2,1544,1
3,0.2,1545,-1
3,0.2,1546,-1
3,0.2,1547,1
3,0.2,1548,1
3,0.2,1549,1
3,0.2,1550,1
3,0.2,1551,1
3,0.2,1552,1
3,0.2,1553,1
3,0.2,1554,1
3,0.2,1555,1
3,0.2,1556,1
3,0.2,1557,1
3,0.2,1558,1
3,0.2,1559,1
3,0.2,1560,1
3,0.2,1561,1
3,0.2,1562,-1
3,0.2,1563,1
3,0.2,1564,1
3,0.2,1565,1
3,0.2,1566,1
3,0.2,1567,1
3,0.2,1568,1
3,0.2,1569,1
3,0.2,1570,1
3,0.2,1571,1
3,0.2,1572,1
3,0.2,1573,1
3,0.2,1574,1
3,0.2,1575,1
3,0.2,1576,1
3,0.2,1577,1
3,0.2,1578,1
3,0.2,1579,1
3,0.2,1580,1
3,0.2,1581,1
3,0.2,1582,1
3,0.2,1583,1
3,0.2,1584,1
3,0.2,1585,1
3,0.2,1586,1
3,0.2,1587,-1
3,0.2,1588,1
3,0.2,1589,1
3,0.2,1590,1
3,0.2,1591,1
3,0.2,1592,-1
3,0.2,1593,1
3,0.2,1594,1
3,0.2,1595,1
3,0.2,1596,1
3,0.2,1597,1
3,0.2,1598,1
3,0.2,1599,1
3,0.2,1600,-1
3,0.2,1601,1
3,0.2,1602,1
3,0.2,1603,1
3,0.2,1604,1
3,0.2,1605,1
3,0.2,1606,1
3,0.2,1607,1
3,0.2,1608,1
3,0.2,1609,-1
3,0.2,1610,1
3,0.2,1611,1
3,0.2,1612,1
3,0.2,1613,1
3,0.2,1614,1
3,0.2,1615,1
3,0.2,1616,1
3,0.2,1617,1
3,0.2,1618,1
3,0.2,1619,1
3,0.2,1620,1
3,0.2,1621,1
3,0.2,1622,1
3,0.2,1623,1
3,0.2,1624,1
3,0.2,1625,1
3,0.2,1626,-1
3,0.2,1627,1
3,0.2,1628,1
3,0.2,1629,1
3,0.2,1630,1
3,0.2,1631,1
3,0.2,1632,1
3,0.2,1633,1
3,0.2,1634,1
3,0.2,1635,-1
3,0.2,1636,1
3,0.2,1637,-1
3,0.2,1638,1
3,0.2,1639,1
3,0.2,1640,1
3,0.2,1641,1
3,0.2,1642,1
3,0.2,1643,-1
3,0.2,1644,-1
3,0.2,1645,1
3,0.2,1646,1
3,0.2,1647,1
3,0.2,1648,-1
3,0.2,1649,1
3,0.2,1650,1
3,0.2,1651,-1
3,0.2,1652,-1
3,0.2,1653,1
3,0.2,1654,1
3,0.2,1655,1
3,0.2,1656,-1
3,0.2,1657,1
3,0.2,1658,1
3,0.2,1659,1
3,0.2,1660,1
3,0.2,1661,1
3,0.2,1662,1
3,0.2,1663,1
3,0.2,1664,1
3,0.2,1665,1
3,0.2,1666,1
3,0.2,1667,1
3,0.2,1668,1
3,0.2,1669,1
3,0.2,1670,1
3,0.2,1671,1
3,0.2,1672,-1
3,0.2,1673,1
3,0.2,1674,1
3,0.2,1675,1
3,0.2,1676,1
3,0.2,1677,1
3,0.2,1678,1
3,0.2,1679,1
3,0.2,1680,-1
3,0.2,1681,-1
3,0.2,1682,1
3,0.2,1683,1
3,0.2,1684,-1
3,0.2,1685,1
3,0.2,1686,1
3,0.2,1687,1
3,0.2,1688,1
3,0.2,1689,-1
3,0.2,1690,-1
3,0.2,1691,1
3,0.2,1692,1
3,0.2,1693,1
3,0.2,1694,1
3,0.2,1695,1
3,0.2,1696,1
3,0.2,1697,1
3,0.2,1698,1
3,0.2,1699,1
3,0.2,1700,1
3,0.2,1701,1
3,0.2,1702,1
3,0.2,1703,1
3,0.2,1704,1
3,0.2,1705,1
3,0.2,1706,1
3,0.2,1707,1
3,0.2,1708,1
3,0.2,1709,1
3,0.2,1710,1
3,0.2,1711,1
3,0.2,1712,1
3,0.2,1713,-1
3,0.2,1714,-1
3,0.2,1715,-1
3,0.2,1716,1
3,0.2,1717,1
3,0.2,1718,-1
3,0.2,1719,1
3,0.2,1720,1
3,0.2,1721,1
3,0.2,1722,1
3,0.2,1723,1
3,0.2,1724,1
3,0.2,1725,1
3,0.2,1726,1
3,0.2,1727,1
3,0.2,1728,1
3,0.2,1729,1
3,0.2,1730,-1
3,0.2,1731,1
3,0.2,1732,1
3,0.2,1733,1
3,0.2,1734,1
3,0.2,1735,1
3,0.2,1736,1
3,0.2,1737,-1
3,0.2,1738,1
3,0.2,1739,1
3,0.2,1740,-1
3,0.2,1741,1
3,0.2,1742,-1
3,0.2,1743,1
3,0.2,1744,1
3,0.2,1745,1
3,0.2,1746,1
3,0.2,1747,1
3,0.2,1748,-1
3,0.2,1749,1
3,0.2,1750,1
3,0.2,1751,1
3,0.2,1752,1
3,0.2,1753,1
3,0.2,1754,1
3,0.2,1755,1
3,0.2,1756,1
3,0.2,1757,1
3,0.2,1758,1
3,0.2,1759,1
3,0.2,1760,-1
3,0.2,1761,-1
3,0.2,1762,1
3,0.2,1763,1
3,0.2,1764,1
3,0.2,1765,1
3,0.2,1766,1
3,0.2,1767,1
3,0.2,1768,1
3,0.2,1769,1
3,0.2,1770,1
3,0.2,1771,-1
3,0.2,1772,1
3,0.2,1773,-1
3,0.2,1774,1
3,0.2,1775,1
3,0.2,1776,-1
3,0.2,1777,1
3,0.2,1778,1
3,0.2,1779,-1
3,0.2,1780,1
3,0.2,1781,1
3,0.2,1782,1
3,0.2,1783,1
3,0.2,1784,-1
3,0.2,1785,-1
3,0.2,1786,1
3,0.2,1787,1
3,0.2,1788,1
3,0.2,1789,1
3,0.2,1790,1
3,0.2,1791,1
3,0.2,1792,1
3,0.2,1793,1
3,0.2,1794,1
3,0.2,1795,1
3,0.2,1796,1
3,0.2,1797,1
3,0.2,1798,1
3,0.2,1799,1
3,0.2,1800,-1
3,0.2,1801,1
3,0.2,1802,1
3,0.2,1803,1
3,0.2,1804,1
3,0.2,1805,-1
3,0.2,1806,1
3,0.2,1807,1
3,0.2,1808,1
3,0.2,1809,1
3,0.2,1810,1
3,0.2,1811,1
3,0.2,1812,1
3,0.2,1813,1
3,0.2,1814,1
3,0.2,1815,1
3,0.2,1816,1
3,0.2,1817,1
3,0.2,1818,1
3,0.2,1819,1
3,0.2,1820,1
3,0.2,1821,1
3,0.2,1822,1
3,0.2,1823,1
3,0.2,1824,-1
3,0.2,1825,1
3,0.2,1826,-1
3,0.2,1827,1
3,0.2,1828,1
3,0.2,1829,1
3,0.2,1830,1
3,0.2,1831,1
3,0.2,1832,1
3,0.2,1833,1
3,0.2,1834,1
3,0.2,1835,1
3,0.2,1836,-1
3,0.2,1837,1
3,0.2,1838,1
3,0.2,1839,1
3,0.2,1840,1
3,0.2,1841,1
3,0.2,1842,1
3,0.2,1843,-1
3,0.2,1844,1
3,0.2,1845,1
3,0.2,1846,1
3,0.2,1847,1
3,0.2,1848,1
3,0.2,1849,1
3,0.2,1850,1
3,0.2,1851,1
3,0.2,1852,1
3,0.2,1853,1
3,0.2,1854,1
3,0.2,1855,1
3,0.2,1856,1
3,0.2,1857,1
3,0.2,1858,-1
3,0.2,1859,1
3,0.2,1860,1
3,0.2,1861,1
3,0.2,1862,1
3,0.2,1863,1
3,0.2,1864,1
3,0.2,1865,-1
3,0.2,1866,1
3,0.2,1867,1
3,0.2,1868,1
3,0.2,1869,1
3,0.2,1870,1
3,0.2,1871,1
3,0.2,1872,-1
3,0.2,1873,1
3,0.2,1874,1
3,0.2,1875,1
3,0.2,1876,1
3,0.2,1877,-1
3,0.2,1878,1
3,0.2,1879,1
3,0.2,1880,1
3,0.2,1881,1
3,0.2,1882,1
3,0.2,1883,1
3,0.2,1884,1
3,0.2,1885,1
3,0.2,1886,1
3,0.2,1887,-1
3,0.2,1888,1
3,0.2,1889,1
3,0.2,1890,-1
3,0.2,1891,-1
3,0.2,1892,1
3,0.2,1893,1
3,0.2,1894,1
3,0.2,1895,1
3,0.2,1896,1
3,0.2,1897,1
3,0.2,1898,1
3,0.2,1899,-1
3,0.2,1900,1
3,0.2,1901,1
3,0.2,1902,-1
3,0.2,1903,-1
3,0.2,1904,1
3,0.2,1905,1
3,0.2,1906,1
3,0.2,1907,1
3,0.2,1908,1
3,0.2,1909,1
3,0.2,1910,1
3,0.2,1911,1
3,0.2,1912,-1
3,0.2,1913,1
3,0.2,1914,1
3,0.2,1915,1
3,0.2,1916,-1
3,0.2,1917,1
3,0.2,1918,1
3,0.2,1919,1
3,0.2,1920,1
3,0.2,1921,-1
3,0.2,1922,1
3,0.2,1923,1
3,0.2,1924,-1
3,0.2,1925,1
3,0.2,1926,1
3,0.2,1927,1
3,0.2,1928,1
3,0.2,1929,1
3,0.2,1930,1
3,0.2,1931,1
3,0.2,1932,1
3,0.2,1933,1
3,0.2,1934,1
3,0.2,1935,1
3,0.2,1936,1
3,0.2,1937,1
3,0.2,1938,1
3,0.2,1939,1
3,0.2,1940,1
3,0.2,1941,-1
3,0.2,1942,-1
3,0.2,1943,1
3,0.2,1944,1
3,0.2,1945,1
3,0.2,1946,1
3,0.2,1947,1
3,0.2,1948,1
3,0.2,1949,1
3,0.2,1950,1
3,0.2,1951,1
3,0.2,1952,1
3,0.2,1953,1
3,0.2,1954,1
3,0.2,1955,1
3,0.2,1956,1
3,0.2,1957,1
3,0.2,1958,1
3,0.2,1959,1
3,0.2,1960,1
3,0.2,1961,1
3,0.2,1962,1
3,0.2,1963,1
3,0.2,1964,-1
3,0.2,1965,1
3,0.2,1966,1
3,0.2,1967,1
3,0.2,1968,1
3,0.2,1969,1
3,0.2,1970,1
3,0.2,1971,1
3,0.2,1972,1
3,0.2,1973,1
3,0.2,1974,1
3,0.2,1975,-1
3,0.2,1976,1
3,0.2,1977,1
3,0.2,1978,1
3,0.2,1979,1
3,0.2,1980,1
3,0.2,1981,1
3,0.2,1982,1
3,0.2,1983,1
3,0.2,1984,1
3,0.2,1985,-1
3,0.2,1986,1
3,0.2,1987,-1
3,0.2,1988,1
3,0.2,1989,1
3,0.2,1990,1
3,0.2,1991,1
3,0.2,1992,1
3,0.2,1993,1
3,0.2,1994,1
3,0.2,1995,1
3,0.2,1996,1
3,0.2,1997,1
3,0.2,1998,1
3,0.2,1999,1
3,0.2,2000,-1
3,0.2,2001,-1
3,0.2,2002,1
3,0.2,2003,1
3,0.2,2004,1
3,0.2,2005,1
3,0.2,2006,1
3,0.2,2007,1
3,0.2,2008,1
3,0.2,2009,1
3,0.2,2010,1
3,0.2,2011,-1
3,0.2,2012,1
3,0.2,2013,-1
3,0.2,2014,1
3,0.2,2015,1
3,0.2,2016,1
3,0.2,2017,1
3,0.2,2018,1
3,0.2,2019,1
3,0.2,2020,1
3,0.2,2021,1
3,0.2,2022,1
3,0.2,2023,1
3,0.2,2024,1
3,0.2,2025,1
3,0.2,2026,1
3,0.2,2027,-1
3,0.2,2028,-1
3,0.2,2029,1
3,0.2,2030,-1
3,0.2,2031,1
3,0.2,2032,1
3,0.2,2033,1
3,0.2,2034,1
3,0.2,2035,1
3,0.2,2036,1
3,0.2,2037,1
3,0.2,2038,1
3,0.2,2039,1
3,0.2,2040,1
3,0.2,2041,-1
3,0.2,2042,1
3,0.2,2043,1
3,0.2,2044,1
3,0.2,2045,1
3,0.2,2046,1
3,0.2,2047,1
3,0.2,2048,1
3,0.2,2049,1
3,0.2,2050,1
3,0.2,2051,1
3,0.2,2052,1
3,0.2,2053,1
3,0.2,2054,1
3,0.2,2055,1
3,0.2,2056,1
3,0.2,2057,1
3,0.2,2058,-1
3,0.2,2059,1
3,0.2,2060,1
3,0.2,2061,1
3,0.2,2062,1
3,0.2,2063,-1
3,0.2,2064,1
3,0.2,2065,1
3,0.2,2066,1
3,0.2,2067,1
3,0.2,2068,1
3,0.2,2069,1
3,0.2,2070,1
3,0.2,2071,1
3,0.2,2072,1
3,0.2,2073,1
3,0.2,2074,-1
3,0.2,2075,-1
3,0.2,2076,1
3,0.2,2077,-1
3,0.2,2078,1
3,0.2,2079,1
3,0.2,2080,1
3,0.2,2081,-1
3,0.2,2082,1
3,0.2,2083,1
3,0.2,2084,-1
3,0.2,2085,1
3,0.2,2086,1
3,0.2,2087,1
3,0.2,2088,1
3,0.2,2089,1
3,0.2,2090,1
3,0.2,2091,1
3,0.2,2092,1
3,0.2,2093,1
3,0.2,2094,-1
3,0.2,2095,-1
3,0.2,2096,1
3,0.2,2097,1
3,0.2,2098,1
3,0.2,2099,1
3,0.2,2100,1
3,0.2,2101,1
3,0.2,2102,1
3,0.2,2103,1
3,0.2,2104,1
3,0.2,2105,1
3,0.2,2106,1
3,0.2,2107,1
3,0.2,2108,1
3,0.2,2109,1
3,0.2,2110,-1
3,0.2,2111,1
3,0.2,2112,1
3,0.2,2113,1
3,0.2,2114,1
3,0.2,2115,1
3,0.2,2116,1
3,0.2,2117,1
3,0.2,2118,1
3,0.2,2119,1
3,0.2,2120,1
3,0.2,2121,1
3,0.2,2122,1
3,0.2,2123,1
3,0.2,2124,-1
3,0.2,2125,1
3,0.2,2126,1
3,0.2,2127,-1
3,0.2,2128,1
3,0.2,2129,1
3,0.2,2130,1
3,0.2,2131,1
3,0.2,2132,1
3,0.2,2133,1
3,0.2,2134,1
3,0.2,2135,-1
3,0.2,2136,1
3,0.2,2137,1
3,0.2,2138,1
3,0.2,2139,1
3,0.2,2140,1
3,0.2,2141,1
3,0.2,2142,-1
3,0.2,2143,1
3,0.2,2144,1
3,0.2,2145,1
3,0.2,2146,1
3,0.2,2147,1
3,0.2,2148,1
3,0.2,2149,1
3,0.2,2150,1
3,0.2,2151,-1
3,0.2,2152,1
3,0.2,2153,1
3,0.2,2154,1
3,0.2,2155,1
3,0.2,2156,1
3,0.2,2157,1
3,0.2,2158,1
3,0.2,2159,-1
3,0.2,2160,1
3,0.2,2161,1
3,0.2,2162,1
3,0.2,2163,1
3,0.2,2164,1
3,0.2,2165,1
3,0.2,2166,1
3,0.2,2167,1
3,0.2,2168,1
3,0.2,2169,-1
3,0.2,2170,-1
3,0.2,2171,1
3,0.2,2172,1
3,0.2,2173,1
3,0.2,2174,1
3,0.2,2175,1
3,0.2,2176,1
3,0.2,2177,1
3,0.2,2178,1
3,0.2,2179,1
3,0.2,2180,1
3,0.2,2181,1
3,0.2,2182,1
3,0.2,2183,1
3,0.2,2184,1
3,0.2,2185,-1
3,0.2,2186,1
3,0.2,2187,1
3,0.2,2188,1
3,0.2,2189,1
3,0.2,2190,1
3,0.2,2191,1
3,0.2,2192,1
3,0.2,2193,1
3,0.2,2194,1
3,0.2,2195,1
3,0.2,2196,1
3,0.2,2197,1
3,0.2,2198,1
3,0.2,2199,1
3,0.2,2200,-1
3,0.2,2201,1
3,0.2,2202,1
3,0.2,2203,1
3,0.2,2204,1
3,0.2,2205,1
3,0.2,2206,1
3,0.2,2207,1
3,0.2,2208,1
3,0.2,2209,1
3,0.2,2210,1
3,0.2,2211,1
3,0.2,2212,1
3,0.2,2213,1
3,0.2,2214,1
3,0.2,2215,1
3,0.2,2216,1
3,0.2,2217,-1
3,0.2,2218,1
3,0.2,2219,1
3,0.2,2220,1
3,0.2,2221,1
3,0.2,2222,1
3,0.2,2223,1
3,0.2,2224,1
3,0.2,2225,1
3,0.2,2226,1
3,0.2,2227,1
3,0.2,2228,1
3,0.2,2229,-1
3,0.2,2230,-1
3,0.2,2231,1
3,0.2,2232,1
3,0.2,2233,1
3,0.2,2234,1
3,0.2,2235,-1
3,0.2,2236,1
3,0.2,2237,1
3,0.2,2238,-1
3,0.2,2239,1
3,0.2,2240,1
3,0.2,2241,1
3,0.2,2242,1
3,0.2,2243,1
3,0.2,2244,1
3,0.2,2245,1
3,0.2,2246,1
3,0.2,2247,1
3,0.2,2248,1
3,0.2,2249,1
3,0.2,2250,1
3,0.2,2251,1
3,0.2,2252,-1
3,0.2,2253,1
3,0.2,2254,1
3,0.2,2255,1
3,0.2,2256,1
3,0.2,2257,1
3,0.2,2258,1
3,0.2,2259,1
3,0.2,2260,1
3,0.2,2261,1
3,0.2,2262,1
3,0.2,2263,1
3,0.2,2264,1
3,0.2,2265,-1
3,0.2,2266,1
3,0.2,2267,1
3,0.2,2268,1
3,0.2,2269,1
3,0.2,2270,1
3,0.2,2271,1
3,0.2,2272,1
3,0.2,2273,1
3,0.2,2274,1
3,0.2,2275,1
3,0.2,2276,1
3,0.2,2277,1
3,0.2,2278,1
3,0.2,2279,1
3,0.2,2280,-1
3,0.2,2281,1
3,0.2,2282,1
3,0.2,2283,1
3,0.2,2284,1
3,0.2,2285,-1
3,0.2,2286,1
3,0.2,2287,1
3,0.2,2288,1
3,0.2,2289,-1
3,0.2,2290,1
3,0.2,2291,1
3,0.2,2292,1
3,0.2,2293,1
3,0.2,2294,1
3,0.2,2295,1
3,0.2,2296,1
3,0.2,2297,1
3,0.2,2298,1
3,0.2,2299,1
3,0.2,2300,1
3,0.2,2301,1
3,0.2,2302,1
3,0.2,2303,-1
3,0.2,2304,1
3,0.2,2305,1
3,0.2,2306,1
3,0.2,2307,1
3,0.2,2308,1
3,0.2,2309,1
3,0.2,2310,-1
3,0.2,2311,1
3,0.2,2312,1
3,0.2,2313,-1
3,0.2,2314,1
3,0.2,2315,-1
3,0.2,2316,-1
3,0.2,2317,1
3,0.2,2318,1
3,0.2,2319,-1
3,0.2,2320,1
3,0.2,2321,1
3,0.2,2322,1
3,0.2,2323,1
3,0.2,2324,1
3,0.2,2325,1
3,0.2,2326,1
3,0.2,2327,-1
3,0.2,2328,1
3,0.2,2329,1
3,0.2,2330,1
3,0.2,2331,1
3,0.2,2332,-1
3,0.2,2333,-1
3,0.2,2334,1
3,0.2,2335,1
3,0.2,2336,1
3,0.2,2337,1
3,0.2,2338,1
3,0.2,2339,1
3,0.2,2340,1
3,0.2,2341,-1
3,0.2,2342,1
3,0.2,2343,1
3,0.2,2344,1
3,0.2,2345,1
3,0.2,2346,1
3,0.2,2347,1
3,0.2,2348,1
3,0.2,2349,1
3,0.2,2350,1
3,0.2,2351,1
3,0.2,2352,1
3,0.2,2353,1
3,0.2,2354,1
3,0.2,2355,1
3,0.2,2356,1
3,0.2,2357,1
3,0.2,2358,1
3,0.2,2359,1
3,0.2,2360,-1
3,0.2,2361,1
3,0.2,2362,1
3,0.2,2363,1
3,0.2,2364,1
3,0.2,2365,1
3,0.2,2366,1
3,0.2,2367,1
3,0.2,2368,-1
3,0.2,2369,1
3,0.2,2370,1
3,0.2,2371,1
3,0.2,2372,1
3,0.2,2373,1
3,0.2,2374,1
3,0.2,2375,-1
3,0.2,2376,1
3,0.2,2377,-1
3,0.2,2378,1
3,0.2,2379,-1
3,0.2,2380,1
3,0.2,2381,1
3,0.2,2382,1
3,0.2,2383,1
3,0.2,2384,1
3,0.2,2385,1
3,0.2,2386,1
3,0.2,2387,1
3,0.2,2388,1
3,0.2,2389,1
3,0.2,2390,1
3,0.2,2391,1
3,0.2,2392,1
3,0.2,2393,1
3,0.2,2394,1
3,0.2,2395,1
3,0.2,2396,1
3,0.2,2397,1
3,0.2,2398,-1
3,0.2,2399,1
3,0.2,2400,1
3,0.2,2401,1
3,0.2,2402,1
3,0.2,2403,1
3,0.2,2404,-1
3,0.2,2405,1
3,0.2,2406,1
3,0.2,2407,1
3,0.2,2408,1
3,0.2,2409,1
3,0.2,2410,1
3,0.2,2411,-1
3,0.2,2412,1
3,0.2,2413,1
3,0.2,2414,-1
3,0.2,2415,1
3,0.2,2416,-1
3,0.2,2417,1
3,0.2,2418,1
3,0.2,2419,1
3,0.2,2420,1
3,0.2,2421,1
3,0.2,2422,1
3,0.2,2423,1
3,0.2,2424,1
3,0.2,2425,1
3,0.2,2426,1
3,0.2,2427,1
3,0.2,2428,1
3,0.2,2429,-1
3,0.2,2430,1
3,0.2,2431,1
3,0.2,2432,1
3,0.2,2433,1
3,0.2,2434,1
3,0.2,2435,1
3,0.2,2436,1
3,0.2,2437,1
3,0.2,2438,1
3,0.2,2439,1
3,0.2,2440,1
3,0.2,2441,1
3,0.2,2442,-1
3,0.2,2443,1
3,0.2,2444,-1
3,0.2,2445,1
3,0.2,2446,1
3,0.2,2447,1
3,0.2,2448,1
3,0.2,2449,-1
3,0.2,2450,1
3,0.2,2451,1
3,0.2,2452,1
3,0.2,2453,1
3,0.2,2454,-1
3,0.2,2455,1
3,0.2,2456,1
3,0.2,2457,1
3,0.2,2458,1
3,0.2,2459,1
3,0.2,2460,1
3,0.2,2461,1
3,0.2,2462,1
3,0.2,2463,1
3,0.2,2464,1
3,0.2,2465,1
3,0.2,2466,1
3,0.2,2467,1
3,0.2,2468,1
3,0.2,2469,1
3,0.2,2470,1
3,0.2,2471,1
3,0.2,2472,1
3,0.2,2473,1
3,0.2,2474,1
3,0.2,2475,1
3,0.2,2476,1
3,0.2,2477,1
3,0.2,2478,1
3,0.2,2479,1
3,0.2,2480,1
3,0.2,2481,1
3,0.2,2482,1
3,0.2,2483,-1
3,0.2,2484,1
3,0.2,2485,1
3,0.2,2486,1
3,0.2,2487,1
3,0.2,2488,1
3,0.2,2489,-1
3,0.2,2490,1
3,0.2,2491,1
3,0.2,2492,1
3,0.2,2493,1
3,0.2,2494,1
3,0.2,2495,1
3,0.2,2496,1
3,0.2,2497,1
3,0.2,2498,1
3,0.2,2499,1
3,0.2,2500,1
4,0.0,1,-1
4,0.0,2,-1
4,0.0,3,-1
4,0.0,4,-1
4,0.0,5,-1
4,0.0,6,1
4,0.0,7,1
4,0.0,8,1
4,0.0,9,-1
4,0.0,10,-1
4,0.0,11,-1
4,0.0,12,1
4,0.0,13,1
4,0.0,14,1
4,0.0,15,-1
4,0.0,16,1
4,0.0,17,-1
4,0.0,18,1
4,0.0,19,1
4,0.0,20,-1
4,0.0,21,-1
4,0.0,22,-1
4,0.0,23,1
4,0.0,24,1
4,0.0,25,1
4,0.0,26,-1
4,0.0,27,1
4,0.0,28,-1
4,0.0,29,-1
4,0.0,30,-1
4,0.0,31,-1
4,0.0,32,-1
4,0.0,33,-1
4,0.0,34,1
4,0.0,35,1
4,0.0,36,1
4,0.0,37,1
4,0.0,38,1
4,0.0,39,-1
4,0.0,40,1
4,0.0,41,1
4,0.0,42,1
4,0.0,43,1
4,0.0,44,1
4,0.0,45,-1
4,0.0,46,-1
4,0.0,47,1
4,0.0,48,-1
4,0.0,49,1
4,0.0,50,1
4,0.0,51,1
4,0.0,52,-1
4,0.0,53,1
4,0.0,54,1
4,0.0,55,1
4,0.0,56,1
4,0.0,57,-1
4,0.0,58,1
4,0.0,59,1
4,0.0,60,1
4,0.0,61,1
4,0.0,62,1
4,0.0,63,-1
4,0.0,64,-1
4,0.0,65,1
4,0.0,66,-1
4,0.0,67,1
4,0.0,68,1
4,0.0,69,1
4,0.0,70,-1
4,0.0,71,1
4,0.0,72,1
4,0.0,73,1
4,0.0,74,1
4,0.0,75,1
4,0.0,76,1
4,0.0,77,-1
4,0.0,78,1
4,0.0,79,-1
4,0.0,80,1
4,0.0,81,1
4,0.0,82,1
4,0.0,83,1
4,0.0,84,1
4,0.0,85,1
4,0.0,86,1
4,0.0,87,1
4,0.0,88,1
4,0.0,89,1
4,0.0,90,1
4,0.0,91,-1
4,0.0,92,1
4,0.0,93,-1
4,0.0,94,1
4,0.0,95,-1
4,0.0,96,-1
4,0.0,97,1
4,0.0,98,1
4,0.0,99,-1
4,0.0,100,1
4,0.0,101,1
4,0.0,102,1
4,0.0,103,-1
4,0.0,104,1
4,0.0,105,-1
4,0.0,106,1
4,0.0,107,1
4,0.0,108,1
4,0.0,109,1
4,0.0,110,1
4,0.0,111,1
4,0.0,112,-1
4,0.0,113,1
4,0.0,114,1
4,0.0,115,1
4,0.0,116,1
4,0.0,117,1
4,0.0,118,1
4,0.0,119,1
4,0.0,120,1
4,0.0,121,1
4,0.0,122,1
4,0.0,123,1
4,0.0,124,-1
4,0.0,125,1
4,0.0,126,-1
4,0.0,127,1
4,0.0,128,-1
4,0.0,129,1
4,0.0,130,1
4,0.0,131,1
4,0.0,132,1
4,0.0,133,1
4,0.0,134,1
4,0.0,135,1
4,0.0,136,1
4,0.0,137,1
4,0.0,138,1
4,0.0,139,-1
4,0.0,140,1
4,0.0,141,1
4,0.0,142,1
4,0.0,143,-1
4,0.0,144,1
4,0.0,145,1
4,0.0,146,-1
4,0.0,147,1
4,0.0,148,1
4,0.0,149,1
4,0.0,150,1
4,0.0,151,1
4,0.0,152,1
4,0.0,153,1
4,0.0,154,1
4,0.0,155,1
4,0.0,156,-1
4,0.0,157,1
4,0.0,158,1
4,0.0,159,-1
4,0.0,160,1
4,0.0,161,-1
4,0.0,162,1
4,0.0,163,1
4,0.0,164,1
4,0.0,165,1
4,0.0,166,1
4,0.0,167,-1
4,0.0,168,1
4,0.0,169,1
4,0.0,170,1
4,0.0,171,1
4,0.0,172,1
4,0.0,173,1
4,0.0,174,1
4,0.0,175,1
4,0.0,176,1
4,0.0,177,1
4,0.0,178,-1
4,0.0,179,-1
4,0.0,180,1
4,0.0,181,1
4,0.0,182,-1
4,0.0,183,1
4,0.0,184,1
4,0.0,185,1
4,0.0,186,1
4,0.0,187,1
4,0.0,188,-1
4,0.0,189,1
4,0.0,190,1
4,0.0,191,1
4,0.0,192,1
4,0.0,193,1
4,0.0,194,1
4,0.0,195,1
4,0.0,196,1
4,0.0,197,1
4,0.0,198,1
4,0.0,199,1
4,0.0,200,1
4,0.0,201,1
4,0.0,202,1
4,0.0,203,1
4,0.0,204,1
4,0.0,205,1
4,0.0,206,1
4,0.0,207,1
4,0.0,208,1
4,0.0,209,1
4,0.0,210,1
4,0.0,211,-1
4,0.0,212,1
4,0.0,213,1
4,0.0,214,1
4,0.0,215,1
4,0.0,216,1
4,0.0,217,1
4,0.0,218,1
4,0.0,219,1
4,0.0,220,1
4,0.0,221,1
4,0.0,222,1
4,0.0,223,1
4,0.0,224,1
4,0.0,225,1
4,0.0,226,1
4,0.0,227,1
4,0.0,228,-1
4,0.0,229,1
4,0.0,230,1
4,0.0,231,1
4,0.0,232,1
4,0.0,233,-1
4,0.0,234,1
4,0.0,235,1
4,0.0,236,1
4,0.0,237,1
4,0.0,238,1
4,0.0,239,1
4,0.0,240,1
4,0.0,241,1
4,0.0,242,1
4,0.0,243,1
4,0.0,244,1
4,0.0,245,1
4,0.0,246,1
4,0.0,247,1
4,0.0,248,1
4,0.0,249,1
4,0.0,250,1
4,0.0,251,1
4,0.0,252,1
4,0.0,253,1
4,0.0,254,1
4,0.0,255,1
4,0.0,256,1
4,0.0,257,1
4,0.0,258,1
4,0.0,259,1
4,0.0,260,1
4,0.0,261,1
4,0.0,262,1
4,0.0,263,1
4,0.0,264,1
4,0.0,265,1
4,0.0,266,1
4,0.0,267,1
4,0.0,268,1
4,0.0,269,1
4,0.0,270,1
4,0.0,271,1
4,0.0,272,1
4,0.0,273,1
4,0.0,274,1
4,0.0,275,1
4,0.0,276,1
4,0.0,277,-1
4,0.0,278,1
4,0.0,279,1
4,0.0,280,1
4,0.0,281,1
4,0.0,282,1
4,0.0,283,1
4,0.0,284,1
4,0.0,285,1
4,0.0,286,1
4,0.0,287,1
4,0.0,288,1
4,0.0,289,1
4,0.0,290,1
4,0.0,291,1
4,0.0,292,1
4,0.0,293,1
4,0.0,294,1
4,0.0,295,1
4,0.0,296,1
4,0.0,297,1
4,0.0,298,1
4,0.0,299,1
4,0.0,300,1
4,0.0,301,1
4,0.0,302,1
4,0.0,303,1
4,0.0,304,1
4,0.0,305,1
4,0.0,306,1
4,0.0,307,1
4,0.0,308,1
4,0.0,309,1
4,0.0,310,1
4,0.0,311,1
4,0.0,312,1
4,0.0,313,1
4,0.0,314,1
4,0.0,315,1
4,0.0,316,1
4,0.0,317,1
4,0.0,318,1
4,0.0,319,1
4,0.0,320,1
4,0.0,321,1
4,0.0,322,1
4,0.0,323,1
4,0.0,324,1
4,0.0,325,1
4,0.0,326,1
4,0.0,327,1
4,0.0,328,1
4,0.0,329,1
4,0.0,330,1
4,0.0,331,1
4,0.0,332,1
4,0.0,333,1
4,0.0,334,1
4,0.0,335,1
4,0.0,336,1
4,0.0,337,1
4,0.0,338,1
4,0.0,339,1
4,0.0,340,1
4,0.0,341,1
4,0.0,342,1
4,0.0,343,1
4,0.0,344,1
4,0.0,345,1
4,0.0,346,1
4,0.0,347,1
4,0.0,348,1
4,0.0,349,1
4,0.0,350,1
4,0.0,351,1
4,0.0,352,1
4,0.0,353,1
4,0.0,354,1
4,0.0,355,1
4,0.0,356,1
4,0.0,357,1
4,0.0,358,1
4,0.0,359,1
4,0.0,360,1
4,0.0,361,1
4,0.0,362,1
4,0.0,363,1
4,0.0,364,1
4,0.0,365,1
4,0.0,366,1
4,0.0,367,1
4,0.0,368,1
4,0.0,369,1
4,0.0,370,1
4,0.0,371,1
4,0.0,372,1
4,0.0,373,1
4,0.0,374,1
4,0.0,375,1
4,0.0,376,1
4,0.0,377,1
4,0.0,378,1
4,0.0,379,1
4,0.0,380,1
4,0.0,381,1
4,0.0,382,1
4,0.0,383,1
4,0.0,384,1
4,0.0,385,1
4,0.0,386,1
4,0.0,387,1
4,0.0,388,1
4,0.0,389,1
4,0.0,390,1
4,0.0,391,1
4,0.0,392,1
4,0.0,393,1
4,0.0,394,1
4,0.0,395,1
4,0.0,396,1
4,0.0,397,1
4,0.0,398,1
4,0.0,399,1
4,0.0,400,1
4,0.0,401,1
4,0.0,402,1
4,0.0,403,1
4,0.0,404,1
4,0.0,405,1
4,0.0,406,1
4,0.0,407,1
4,0.0,408,1
4,0.0,409,-1
4,0.0,410,1
4,0.0,411,1
4,0.0,412,1
4,0.0,413,1
4,0.0,414,1
4,0.0,415,1
4,0.0,416,1
4,0.0,417,1
4,0.0,418,1
4,0.0,419,1
4,0.0,420,1
4,0.0,421,1
4,0.0,422,1
4,0.0,423,1
4,0.0,424,1
4,0.0,425,1
4,0.0,426,1
4,0.0,427,1
4,0.0,428,1
4,0.0,429,1
4,0.0,430,1
4,0.0,431,1
4,0.0,432,1
4,0.0,433,1
4,0.0,434,1
4,0.0,435,1
4,0.0,436,1
4,0.0,437,1
4,0.0,438,1
4,0.0,439,1
4,0.0,440,1
4,0.0,441,1
4,0.0,442,1
4,0.0,443,1
4,0.0,444,1
4,0.0,445,1
4,0.0,446,1
4,0.0,447,1
4,0.0,448,1
4,0.0,449,1
4,0.0,450,1
4,0.0,451,1
4,0.0,452,1
4,0.0,453,1
4,0.0,454,1
4,0.0,455,1
4,0.0,456,1
4,0.0,457,1
4,0.0,458,1
4,0.0,459,1
4,0.0,460,1
4,0.0,461,1
4,0.0,462,1
4,0.0,463,1
4,0.0,464,1
4,0.0,465,1
4,0.0,466,1
4,0.0,467,1
4,0.0,468,1
4,0.0,469,1
4,0.0,470,1
4,0.0,471,1
4,0.0,472,1
4,0.0,473,1
4,0.0,474,1
4,0.0,475,1
4,0.0,476,1
4,0.0,477,1
4,0.0,478,1
4,0.0,479,1
4,0.0,480,1
4,0.0,481,1
4,0.0,482,1
4,0.0,483,1
4,0.0,484,1
4,0.0,485,1
4,0.0,486,1
4,0.0,487,1
4,0.0,488,1
4,0.0,489,1
4,0.0,490,1
4,0.0,491,1
4,0.0,492,1
4,0.0,493,1
4,0.0,494,1
4,0.0,495,1
4,0.0,496,1
4,0.0,497,1
4,0.0,498,1
4,0.0,499,1
4,0.0,500,1
4,0.0,501,1
4,0.0,502,1
4,0.0,503,1
4,0.0,504,1
4,0.0,505,1
4,0.0,506,1
4,0.0,507,1
4,0.0,508,1
4,0.0,509,1
4,0.0,510,1
4,0.0,511,1
4,0.0,512,1
4,0.0,513,1
4,0.0,514,1
4,0.0,515,1
4,0.0,516,1
4,0.0,517,1
4,0.0,518,1
4,0.0,519,1
4,0.0,520,1
4,0.0,521,1
4,0.0,522,1
4,0.0,523,1
4,0.0,524,1
4,0.0,525,1
4,0.0,526,1
4,0.0,527,1
4,0.0,528,1
4,0.0,529,1
4,0.0,530,1
4,0.0,531,1
4,0.0,532,1
4,0.0,533,1
4,0.0,534,1
4,0.0,535,1
4,0.0,536,1
4,0.0,537,1
4,0.0,538,1
4,0.0,539,1
4,0.0,540,1
4,0.0,541,1
4,0.0,542,1
4,0.0,543,1
4,0.0,544,1
4,0.0,545,1
4,0.0,546,1
4,0.0,547,1
4,0.0,548,1
4,0.0,549,1
4,0.0,550,1
4,0.0,551,1
4,0.0,552,1
4,0.0,553,1
4,0.0,554,1
4,0.0,555,1
4,0.0,556,1
4,0.0,557,1
4,0.0,558,1
4,0.0,559,1
4,0.0,560,1
4,0.0,561,1
4,0.0,562,1
4,0.0,563,1
4,0.0,564,1
4,0.0,565,1
4,0.0,566,1
4,0.0,567,1
4,0.0,568,1
4,0.0,569,1
4,0.0,570,1
4,0.0,571,1
4,0.0,572,1
4,0.0,573,1
4,0.0,574,1
4,0.0,575,1
4,0.0,576,1
4,0.0,577,1
4,0.0,578,1
4,0.0,579,1
4,0.0,580,1
4,0.0,581,1
4,0.0,582,1
4,0.0,583,1
4,0.0,584,1
4,0.0,585,1
4,0.0,586,1
4,0.0,587,1
4,0.0,588,1
4,0.0,589,1
4,0.0,590,1
4,0.0,591,1
4,0.0,592,1
4,0.0,593,1
4,0.0,594,1
4,0.0,595,1
4,0.0,596,1
4,0.0,597,1
4,0.0,598,1
4,0.0,599,1
4,0.0,600,1
4,0.0,601,1
4,0.0,602,1
4,0.0,603,1
4,0.0,604,1
4,0.0,605,1
4,0.0,606,1
4,0.0,607,1
4,0.0,608,1
4,0.0,609,1
4,0.0,610,1
4,0.0,611,1
4,0.0,612,1
4,0.0,613,1
4,0.0,614,1
4,0.0,615,1
4,0.0,616,1
4,0.0,617,1
4,0.0,618,1
4,0.0,619,1
4,0.0,620,1
4,0.0,621,1
4,0.0,622,1
4,0.0,623,1
4,0.0,624,1
4,0.0,625,1
4,0.0,626,1
4,0.0,627,1
4,0.0,628,1
4,0.0,629,1
4,0.0,630,1
4,0.0,631,1
4,0.0,632,1
4,0.0,633,1
4,0.0,634,1
4,0.0,635,1
4,0.0,636,1
4,0.0,637,1
4,0.0,638,1
4,0.0,639,1
4,0.0,640,1
4,0.0,641,1
4,0.0,642,1
4,0.0,643,1
4,0.0,644,1
4,0.0,645,1
4,0.0,646,1
4,0.0,647,1
4,0.0,648,1
4,0.0,649,1
4,0.0,650,1
4,0.0,651,1
4,0.0,652,1
4,0.0,653,1
4,0.0,654,1
4,0.0,655,1
4,0.0,656,1
4,0.0,657,1
4,0.0,658,1
4,0.0,659,1
4,0.0,660,1
4,0.0,661,1
4,0.0,662,1
4,0.0,663,1
4,0.0,664,1
4,0.0,665,1
4,0.0,666,1
4,0.0,667,1
4,0.0,668,1
4,0.0,669,1
4,0.0,670,1
4,0.0,671,1
4,0.0,672,1
4,0.0,673,1
4,0.0,674,1
4,0.0,675,1
4,0.0,676,1
4,0.0,677,1
4,0.0,678,1
4,0.0,679,1
4,0.0,680,1
4,0.0,681,1
4,0.0,682,1
4,0.0,683,1
4,0.0,684,1
4,0.0,685,1
4,0.0,686,1
4,0.0,687,1
4,0.0,688,1
4,0.0,689,1
4,0.0,690,1
4,0.0,691,1
4,0.0,692,1
4,0.0,693,1
4,0.0,694,1
4,0.0,695,1
4,0.0,696,1
4,0.0,697,1
4,0.0,698,1
4,0.0,699,1
4,0.0,700,1
4,0.0,701,1
4,0.0,702,1
4,0.0,703,1
4,0.0,704,1
4,0.0,705,1
4,0.0,706,1
4,0.0,707,1
4,0.0,708,1
4,0.0,709,1
4,0.0,710,1
4,0.0,711,1
4,0.0,712,1
4,0.0,713,1
4,0.0,714,1
4,0.0,715,1
4,0.0,716,1
4,0.0,717,1
4,0.0,718,1
4,0.0,719,1
4,0.0,720,1
4,0.0,721,1
4,0.0,722,1
4,0.0,723,1
4,0.0,724,1
4,0.0,725,1
4,0.0,726,1
4,0.0,727,1
4,0.0,728,1
4,0.0,729,1
4,0.0,730,1
4,0.0,731,1
4,0.0,732,1
4,0.0,733,1
4,0.0,734,1
4,0.0,735,1
4,0.0,736,1
4,0.0,737,1
4,0.0,738,1
4,0.0,739,1
4,0.0,740,1
4,0.0,741,1
4,0.0,742,1
4,0.0,743,1
4,0.0,744,1
4,0.0,745,1
4,0.0,746,1
4,0.0,747,1
4,0.0,748,1
4,0.0,749,1
4,0.0,750,1
4,0.0,751,1
4,0.0,752,1
4,0.0,753,1
4,0.0,754,1
4,0.0,755,1
4,0.0,756,1
4,0.0,757,1
4,0.0,758,1
4,0.0,759,1
4,0.0,760,1
4,0.0,761,1
4,0.0,762,1
4,0.0,763,1
4,0.0,764,1
4,0.0,765,1
4,0.0,766,1
4,0.0,767,1
4,0.0,768,1
4,0.0,769,1
4,0.0,770,1
4,0.0,771,1
4,0.0,772,1
4,0.0,773,1
4,0.0,774,1
4,0.0,775,1
4,0.0,776,1
4,0.0,777,1
4,0.0,778,1
4,0.0,779,1
4,0.0,780,1
4,0.0,781,1
4,0.0,782,1
4,0.0,783,1
4,0.0,784,1
4,0.0,785,1
4,0.0,786,1
4,0.0,787,1
4,0.0,788,1
4,0.0,789,1
4,0.0,790,1
4,0.0,791,1
4,0.0,792,1
4,0.0,793,1
4,0.0,794,1
4,0.0,795,1
4,0.0,796,1
4,0.0,797,1
4,0.0,798,1
4,0.0,799,1
4,0.0,800,1
4,0.0,801,1
4,0.0,802,1
4,0.0,803,1
4,0.0,804,1
4,0.0,805,1
4,0.0,806,1
4,0.0,807,1
4,0.0,808,1
4,0.0,809,1
4,0.0,810,1
4,0.0,811,1
4,0.0,812,1
4,0.0,813,1
4,0.0,814,1
4,0.0,815,1
4,0.0,816,1
4,0.0,817,1
4,0.0,818,1
4,0.0,819,1
4,0.0,820,1
4,0.0,821,1
4,0.0,822,1
4,0.0,823,1
4,0.0,824,1
4,0.0,825,1
4,0.0,826,1
4,0.0,827,1
4,0.0,828,1
4,0.0,829,1
4,0.0,830,1
4,0.0,831,1
4,0.0,832,1
4,0.0,833,1
4,0.0,834,1
4,0.0,835,1
4,0.0,836,1
4,0.0,837,1
4,0.0,838,1
4,0.0,839,1
4,0.0,840,1
4,0.0,841,1
4,0.0,842,1
4,0.0,843,1
4,0.0,844,1
4,0.0,845,1
4,0.0,846,1
4,0.0,847,1
4,0.0,848,1
4,0.0,849,1
4,0.0,850,1
4,0.0,851,1
4,0.0,852,1
4,0.0,853,1
4,0.0,854,1
4,0.0,855,1
4,0.0,856,1
4,0.0,857,1
4,0.0,858,1
4,0.0,859,1
4,0.0,860,1
4,0.0,861,1
4,0.0,862,1
4,0.0,863,1
4,0.0,864,1
4,0.0,865,1
4,0.0,866,1
4,0.0,867,1
4,0.0,868,1
4,0.0,869,1
4,0.0,870,1
4,0.0,871,1
4,0.0,872,1
4,0.0,873,1
4,0.0,874,1
4,0.0,875,1
4,0.0,876,1
4,0.0,877,1
4,0.0,878,1
4,0.0,879,1
4,0.0,880,1
4,0.0,881,1
4,0.0,882,1
4,0.0,883,1
4,0.0,884,1
4,0.0,885,1
4,0.0,886,1
4,0.0,887,1
4,0.0,888,1
4,0.0,889,1
4,0.0,890,1
4,0.0,891,1
4,0.0,892,1
4,0.0,893,1
4,0.0,894,1
4,0.0,895,1
4,0.0,896,1
4,0.0,897,1
4,0.0,898,1
4,0.0,899,1
4,0.0,900,1
4,0.0,901,1
4,0.0,902,1
4,0.0,903,1
4,0.0,904,1
4,0.0,905,1
4,0.0,906,1
4,0.0,907,1
4,0.0,908,1
4,0.0,909,1
4,0.0,910,1
4,0.0,911,1
4,0.0,912,1
4,0.0,913,1
4,0.0,914,1
4,0.0,915,1
4,0.0,916,1
4,0.0,917,1
4,0.0,918,1
4,0.0,919,1
4,0.0,920,1
4,0.0,921,1
4,0.0,922,1
4,0.0,923,1
4,0.0,924,1
4,0.0,925,1
4,0.0,926,1
4,0.0,927,1
4,0.0,928,1
4,0.0,929,1
4,0.0,930,1
4,0.0,931,1
4,0.0,932,1
4,0.0,933,1
4,0.0,934,1
4,0.0,935,1
4,0.0,936,1
4,0.0,937,1
4,0.0,938,1
4,0.0,939,1
4,0.0,940,1
4,0.0,941,1
4,0.0,942,1
4,0.0,943,1
4,0.0,944,1
4,0.0,945,1
4,0.0,946,1
4,0.0,947,1
4,0.0,948,1
4,0.0,949,1
4,0.0,950,1
4,0.0,951,1
4,0.0,952,1
4,0.0,953,1
4,0.0,954,1
4,0.0,955,1
4,0.0,956,1
4,0.0,957,1
4,0.0,958,1
4,0.0,959,1
4,0.0,960,1
4,0.0,961,1
4,0.0,962,1
4,0.0,963,1
4,0.0,964,1
4,0.0,965,1
4,0.0,966,1
4,0.0,967,1
4,0.0,968,1
4,0.0,969,1
4,0.0,970,1
4,0.0,971,1
4,0.0,972,1
4,0.0,973,1
4,0.0,974,1
4,0.0,975,1
4,0.0,976,1
4,0.0,977,1
4,0.0,978,1
4,0.0,979,1
4,0.0,980,1
4,0.0,981,1
4,0.0,982,1
4,0.0,983,1
4,0.0,984,1
4,0.0,985,1
4,0.0,986,1
4,0.0,987,1
4,0.0,988,1
4,0.0,989,1
4,0.0,990,1
4,0.0,991,1
4,0.0,992,1
4,0.0,993,1
4,0.0,994,1
4,0.0,995,1
4,0.0,996,1
4,0.0,997,1
4,0.0,998,1
4,0.0,999,1
4,0.0,1000,1
4,0.0,1001,1
4,0.0,1002,1
4,0.0,1003,1
4,0.0,1004,1
4,0.0,1005,1
4,0.0,1006,1
4,0.0,1007,1
4,0.0,1008,1
4,0.0,1009,1
4,0.0,1010,1
4,0.0,1011,1
4,0.0,1012,1
4,0.0,1013,1
4,0.0,1014,1
4,0.0,1015,1
4,0.0,1016,1
4,0.0,1017,1
4,0.0,1018,1
4,0.0,1019,1
4,0.0,1020,1
4,0.0,1021,1
4,0.0,1022,1
4,0.0,1023,1
4,0.0,1024,1
4,0.0,1025,1
4,0.0,1026,1
4,0.0,1027,1
4,0.0,1028,1
4,0.0,1029,1
4,0.0,1030,1
4,0.0,1031,1
4,0.0,1032,1
4,0.0,1033,1
4,0.0,1034,1
4,0.0,1035,1
4,0.0,1036,1
4,0.0,1037,1
4,0.0,1038,1
4,0.0,1039,1
4,0.0,1040,1
4,0.0,1041,1
4,0.0,1042,1
4,0.0,1043,1
4,0.0,1044,1
4,0.0,1045,1
4,0.0,1046,1
4,0.0,1047,1
4,0.0,1048,1
4,0.0,1049,1
4,0.0,1050,1
4,0.0,1051,1
4,0.0,1052,1
4,0.0,1053,1
4,0.0,1054,1
4,0.0,1055,1
4,0.0,1056,1
4,0.0,1057,1
4,0.0,1058,1
4,0.0,1059,1
4,0.0,1060,1
4,0.0,1061,1
4,0.0,1062,1
4,0.0,1063,1
4,0.0,1064,1
4,0.0,1065,1
4,0.0,1066,1
4,0.0,1067,1
4,0.0,1068,1
4,0.0,1069,1
4,0.0,1070,1
4,0.0,1071,1
4,0.0,1072,1
4,0.0,1073,1
4,0.0,1074,1
4,0.0,1075,1
4,0.0,1076,1
4,0.0,1077,1
4,0.0,1078,1
4,0.0,1079,1
4,0.0,1080,1
4,0.0,1081,1
4,0.0,1082,1
4,0.0,1083,1
4,0.0,1084,1
4,0.0,1085,1
4,0.0,1086,1
4,0.0,1087,1
4,0.0,1088,1
4,0.0,1089,1
4,0.0,1090,1
4,0.0,1091,1
4,0.0,1092,1
4,0.0,1093,1
4,0.0,1094,1
4,0.0,1095,1
4,0.0,1096,1
4,0.0,1097,1
4,0.0,1098,1
4,0.0,1099,1
4,0.0,1100,1
4,0.0,1101,1
4,0.0,1102,1
4,0.0,1103,1
4,0.0,1104,1
4,0.0,1105,1
4,0.0,1106,1
4,0.0,1107,1
4,0.0,1108,1
4,0.0,1109,1
4,0.0,1110,1
4,0.0,1111,1
4,0.0,1112,1
4,0.0,1113,1
4,0.0,1114,1
4,0.0,1115,1
4,0.0,1116,1
4,0.0,1117,1
4,0.0,1118,1
4,0.0,1119,1
4,0.0,1120,1
4,0.0,1121,1
4,0.0,1122,1
4,0.0,1123,1
4,0.0,1124,1
4,0.0,1125,1
4,0.0,1126,1
4,0.0,1127,1
4,0.0,1128,1
4,0.0,1129,1
4,0.0,1130,1
4,0.0,1131,1
4,0.0,1132,1
4,0.0,1133,1
4,0.0,1134,1
4,0.0,1135,1
4,0.0,1136,1
4,0.0,1137,1
4,0.0,1138,1
4,0.0,1139,1
4,0.0,1140,1
4,0.0,1141,1
4,0.0,1142,1
4,0.0,1143,1
4,0.0,1144,1
4,0.0,1145,1
4,0.0,1146,1
4,0.0,1147,1
4,0.0,1148,1
4,0.0,1149,1
4,0.0,1150,1
4,0.0,1151,1
4,0.0,1152,1
4,0.0,1153,1
4,0.0,1154,1
4,0.0,1155,1
4,0.0,1156,1
4,0.0,1157,1
4,0.0,1158,1
4,0.0,1159,1
4,0.0,1160,1
4,0.0,1161,1
4,0.0,1162,1
4,0.0,1163,1
4,0.0,1164,1
4,0.0,1165,1
4,0.0,1166,1
4,0.0,1167,1
4,0.0,1168,1
4,0.0,1169,1
4,0.0,1170,1
4,0.0,1171,1
4,0.0,1172,1
4,0.0,1173,1
4,0.0,1174,1
4,0.0,1175,1
4,0.0,1176,1
4,0.0,1177,1
4,0.0,1178,1
4,0.0,1179,1
4,0.0,1180,1
4,0.0,1181,1
4,0.0,1182,1
4,0.0,1183,1
4,0.0,1184,1
4,0.0,1185,1
4,0.0,1186,1
4,0.0,1187,1
4,0.0,1188,1
4,0.0,1189,1
4,0.0,1190,1
4,0.0,1191,1
4,0.0,1192,1
4,0.0,1193,1
4,0.0,1194,1
4,0.0,1195,1
4,0.0,1196,1
4,0.0,1197,1
4,0.0,1198,1
4,0.0,1199,1
4,0.0,1200,1
4,0.0,1201,1
4,0.0,1202,1
4,0.0,1203,1
4,0.0,1204,1
4,0.0,1205,1
4,0.0,1206,1
4,0.0,1207,1
4,0.0,1208,1
4,0.0,1209,1
4,0.0,1210,1
4,0.0,1211,1
4,0.0,1212,1
4,0.0,1213,1
4,0.0,1214,1
4,0.0,1215,1
4,0.0,1216,1
4,0.0,1217,1
4,0.0,1218,1
4,0.0,1219,1
4,0.0,1220,1
4,0.0,1221,1
4,0.0,1222,1
4,0.0,1223,1
4,0.0,1224,1
4,0.0,1225,1
4,0.0,1226,1
4,0.0,1227,1
4,0.0,1228,1
4,0.0,1229,1
4,0.0,1230,1
4,0.0,1231,1
4,0.0,1232,1
4,0.0,1233,1
4,0.0,1234,1
4,0.0,1235,1
4,0.0,1236,1
4,0.0,1237,1
4,0.0,1238,1
4,0.0,1239,1
4,0.0,1240,1
4,0.0,1241,1
4,0.0,1242,1
4,0.0,1243,1
4,0.0,1244,1
4,0.0,1245,1
4,0.0,1246,1
4,0.0,1247,1
4,0.0,1248,1
4,0.0,1249,1
4,0.0,1250,1
4,0.0,1251,1
4,0.0,1252,1
4,0.0,1253,1
4,0.0,1254,1
4,0.0,1255,1
4,0.0,1256,1
4,0.0,1257,1
4,0.0,1258,1
4,0.0,1259,1
4,0.0,1260,1
4,0.0,1261,1
4,0.0,1262,1
4,0.0,1263,1
4,0.0,1264,1
4,0.0,1265,1
4,0.0,1266,1
4,0.0,1267,1
4,0.0,1268,1
4,0.0,1269,1
4,0.0,1270,1
4,0.0,1271,1
4,0.0,1272,1
4,0.0,1273,1
4,0.0,1274,1
4,0.0,1275,1
4,0.0,1276,1
4,0.0,1277,1
4,0.0,1278,1
4,0.0,1279,1
4,0.0,1280,1
4,0.0,1281,1
4,0.0,1282,1
4,0.0,1283,1
4,0.0,1284,1
4,0.0,1285,1
4,0.0,1286,1
4,0.0,1287,1
4,0.0,1288,1
4,0.0,1289,1
4,0.0,1290,1
4,0.0,1291,1
4,0.0,1292,1
4,0.0,1293,1
4,0.0,1294,1
4,0.0,1295,1
4,0.0,1296,1
4,0.0,1297,1
4,0.0,1298,1
4,0.0,1299,1
4,0.0,1300,1
4,0.0,1301,1
4,0.0,1302,1
4,0.0,1303,1
4,0.0,1304,1
4,0.0,1305,1
4,0.0,1306,1
4,0.0,1307,1
4,0.0,1308,1
4,0.0,1309,1
4,0.0,1310,1
4,0.0,1311,1
4,0.0,1312,1
4,0.0,1313,1
4,0.0,1314,1
4,0.0,1315,1
4,0.0,1316,1
4,0.0,1317,1
4,0.0,1318,1
4,0.0,1319,1
4,0.0,1320,1
4,0.0,1321,1
4,0.0,1322,1
4,0.0,1323,1
4,0.0,1324,1
4,0.0,1325,1
4,0.0,1326,1
4,0.0,1327,1
4,0.0,1328,1
4,0.0,1329,1
4,0.0,1330,1
4,0.0,1331,1
4,0.0,1332,1
4,0.0,1333,1
4,0.0,1334,1
4,0.0,1335,1
4,0.0,1336,1
4,0.0,1337,1
4,0.0,1338,1
4,0.0,1339,1
4,0.0,1340,1
4,0.0,1341,1
4,0.0,1342,1
4,0.0,1343,1
4,0.0,1344,1
4,0.0,1345,1
4,0.0,1346,1
4,0.0,1347,1
4,0.0,1348,1
4,0.0,1349,1
4,0.0,1350,1
4,0.0,1351,1
4,0.0,1352,1
4,0.0,1353,1
4,0.0,1354,1
4,0.0,1355,1
4,0.0,1356,1
4,0.0,1357,1
4,0.0,1358,1
4,0.0,1359,1
4,0.0,1360,1
4,0.0,1361,1
4,0.0,1362,1
4,0.0,1363,1
4,0.0,1364,1
4,0.0,1365,1
4,0.0,1366,1
4,0.0,1367,1
4,0.0,1368,1
4,0.0,1369,1
4,0.0,1370,1
4,0.0,1371,1
4,0.0,1372,1
4,0.0,1373,1
4,0.0,1374,1
4,0.0,1375,1
4,0.0,1376,1
4,0.0,1377,1
4,0.0,1378,1
4,0.0,1379,1
4,0.0,1380,1
4,0.0,1381,1
4,0.0,1382,1
4,0.0,1383,1
4,0.0,1384,1
4,0.0,1385,1
4,0.0,1386,1
4,0.0,1387,1
4,0.0,1388,1
4,0.0,1389,1
4,0.0,1390,1
4,0.0,1391,1
4,0.0,1392,1
4,0.0,1393,1
4,0.0,1394,1
4,0.0,1395,1
4,0.0,1396,1
4,0.0,1397,1
4,0.0,1398,1
4,0.0,1399,1
4,0.0,1400,1
4,0.0,1401,1
4,0.0,1402,1
4,0.0,1403,1
4,0.0,1404,1
4,0.0,1405,1
4,0.0,1406,1
4,0.0,1407,1
4,0.0,1408,1
4,0.0,1409,1
4,0.0,1410,1
4,0.0,1411,1
4,0.0,1412,1
4,0.0,1413,1
4,0.0,1414,1
4,0.0,1415,1
4,0.0,1416,1
4,0.0,1417,1
4,0.0,1418,1
4,0.0,1419,1
4,0.0,1420,1
4,0.0,1421,1
4,0.0,1422,1
4,0.0,1423,1
4,0.0,1424,1
4,0.0,1425,1
4,0.0,1426,1
4,0.0,1427,1
4,0.0,1428,1
4,0.0,1429,1
4,0.0,1430,1
4,0.0,1431,1
4,0.0,1432,1
4,0.0,1433,1
4,0.0,1434,1
4,0.0,1435,1
4,0.0,1436,1
4,0.0,1437,1
4,0.0,1438,1
4,0.0,1439,1
4,0.0,1440,1
4,0.0,1441,1
4,0.0,1442,1
4,0.0,1443,1
4,0.0,1444,1
4,0.0,1445,1
4,0.0,1446,1
4,0.0,1447,1
4,0.0,1448,1
4,0.0,1449,1
4,0.0,1450,1
4,0.0,1451,1
4,0.0,1452,1
4,0.0,1453,1
4,0.0,1454,1
4,0.0,1455,1
4,0.0,1456,1
4,0.0,1457,1
4,0.0,1458,1
4,0.0,1459,1
4,0.0,1460,1
4,0.0,1461,1
4,0.0,1462,1
4,0.0,1463,1
4,0.0,1464,1
4,0.0,1465,1
4,0.0,1466,1
4,0.0,1467,1
4,0.0,1468,1
4,0.0,1469,1
4,0.0,1470,1
4,0.0,1471,1
4,0.0,1472,1
4,0.0,1473,1
4,0.0,1474,1
4,0.0,1475,1
4,0.0,1476,1
4,0.0,1477,1
4,0.0,1478,1
4,0.0,1479,1
4,0.0,1480,1
4,0.0,1481,1
4,0.0,1482,1
4,0.0,1483,1
4,0.0,1484,1
4,0.0,1485,1
4,0.0,1486,1
4,0.0,1487,1
4,0.0,1488,1
4,0.0,1489,1
4,0.0,1490,1
4,0.0,1491,1
4,0.0,1492,1
4,0.0,1493,1
4,0.0,1494,1
4,0.0,1495,1
4,0.0,1496,1
4,0.0,1497,1
4,0.0,1498,1
4,0.0,1499,1
4,0.0,1500,1
4,0.0,1501,1
4,0.0,1502,1
4,0.0,1503,1
4,0.0,1504,1
4,0.0,1505,1
4,0.0,1506,1
4,0.0,1507,1
4,0.0,1508,1
4,0.0,1509,1
4,0.0,1510,1
4,0.0,1511,1
4,0.0,1512,1
4,0.0,1513,1
4,0.0,1514,1
4,0.0,1515,1
4,0.0,1516,1
4,0.0,1517,1
4,0.0,1518,1
4,0.0,1519,1
4,0.0,1520,1
4,0.0,1521,1
4,0.0,1522,1
4,0.0,1523,1
4,0.0,1524,1
4,0.0,1525,1
4,0.0,1526,1
4,0.0,1527,1
4,0.0,1528,1
4,0.0,1529,1
4,0.0,1530,1
4,0.0,1531,1
4,0.0,1532,1
4,0.0,1533,1
4,0.0,1534,1
4,0.0,1535,1
4,0.0,1536,1
4,0.0,1537,1
4,0.0,1538,1
4,0.0,1539,1
4,0.0,1540,1
4,0.0,1541,1
4,0.0,1542,1
4,0.0,1543,1
4,0.0,1544,1
4,0.0,1545,1
4,0.0,1546,1
4,0.0,1547,1
4,0.0,1548,1
4,0.0,1549,1
4,0.0,1550,1
4,0.0,1551,1
4,0.0,1552,1
4,0.0,1553,1
4,0.0,1554,1
4,0.0,1555,1
4,0.0,1556,1
4,0.0,1557,1
4,0.0,1558,1
4,0.0,1559,1
4,0.0,1560,1
4,0.0,1561,1
4,0.0,1562,1
4,0.0,1563,1
4,0.0,1564,1
4,0.0,1565,1
4,0.0,1566,1
4,0.0,1567,1
4,0.0,1568,1
4,0.0,1569,1
4,0.0,1570,1
4,0.0,1571,1
4,0.0,1572,1
4,0.0,1573,1
4,0.0,1574,1
4,0.0,1575,1
4,0.0,1576,1
4,0.0,1577,1
4,0.0,1578,1
4,0.0,1579,1
4,0.0,1580,1
4,0.0,1581,1
4,0.0,1582,1
4,0.0,1583,1
4,0.0,1584,1
4,0.0,1585,1
4,0.0,1586,1
4,0.0,1587,1
4,0.0,1588,1
4,0.0,1589,1
4,0.0,1590,1
4,0.0,1591,1
4,0.0,1592,1
4,0.0,1593,1
4,0.0,1594,1
4,0.0,1595,1
4,0.0,1596,1
4,0.0,1597,1
4,0.0,1598,1
4,0.0,1599,1
4,0.0,1600,1
4,0.0,1601,1
4,0.0,1602,1
4,0.0,1603,1
4,0.0,1604,1
4,0.0,1605,1
4,0.0,1606,1
4,0.0,1607,1
4,0.0,1608,1
4,0.0,1609,1
4,0.0,1610,1
4,0.0,1611,1
4,0.0,1612,1
4,0.0,1613,1
4,0.0,1614,1
4,0.0,1615,1
4,0.0,1616,1
4,0.0,1617,1
4,0.0,1618,1
4,0.0,1619,1
4,0.0,1620,1
4,0.0,1621,1
4,0.0,1622,1
4,0.0,1623,1
4,0.0,1624,1
4,0.0,1625,1
4,0.0,1626,1
4,0.0,1627,1
4,0.0,1628,1
4,0.0,1629,1
4,0.0,1630,1
4,0.0,1631,1
4,0.0,1632,1
4,0.0,1633,1
4,0.0,1634,1
4,0.0,1635,1
4,0.0,1636,1
4,0.0,1637,1
4,0.0,1638,1
4,0.0,1639,1
4,0.0,1640,1
4,0.0,1641,1
4,0.0,1642,1
4,0.0,1643,1
4,0.0,1644,1
4,0.0,1645,1
4,0.0,1646,1
4,0.0,1647,1
4,0.0,1648,1
4,0.0,1649,1
4,0.0,1650,1
4,0.0,1651,1
4,0.0,1652,1
4,0.0,1653,1
4,0.0,1654,1
4,0.0,1655,1
4,0.0,1656,1
4,0.0,1657,1
4,0.0,1658,1
4,0.0,1659,1
4,0.0,1660,1
4,0.0,1661,1
4,0.0,1662,1
4,0.0,1663,1
4,0.0,1664,1
4,0.0,1665,1
4,0.0,1666,1
4,0.0,1667,1
4,0.0,1668,1
4,0.0,1669,1
4,0.0,1670,1
4,0.0,1671,1
4,0.0,1672,1
4,0.0,1673,1
4,0.0,1674,1
4,0.0,1675,1
4,0.0,1676,1
4,0.0,1677,1
4,0.0,1678,1
4,0.0,1679,1
4,0.0,1680,1
4,0.0,1681,1
4,0.0,1682,1
4,0.0,1683,1
4,0.0,1684,1
4,0.0,1685,1
4,0.0,1686,1
4,0.0,1687,1
4,0.0,1688,1
4,0.0,1689,1
4,0.0,1690,1
4,0.0,1691,1
4,0.0,1692,1
4,0.0,1693,1
4,0.0,1694,1
4,0.0,1695,1
4,0.0,1696,1
4,0.0,1697,1
4,0.0,1698,1
4,0.0,1699,1
4,0.0,1700,1
4,0.0,1701,1
4,0.0,1702,1
4,0.0,1703,1
4,0.0,1704,1
4,0.0,1705,1
4,0.0,1706,1
4,0.0,1707,1
4,0.0,1708,1
4,0.0,1709,1
4,0.0,1710,1
4,0.0,1711,1
4,0.0,1712,1
4,0.0,1713,1
4,0.0,1714,1
4,0.0,1715,1
4,0.0,1716,1
4,0.0,1717,1
4,0.0,1718,1
4,0.0,1719,1
4,0.0,1720,1
4,0.0,1721,1
4,0.0,1722,1
4,0.0,1723,1
4,0.0,1724,1
4,0.0,1725,1
4,0.0,1726,1
4,0.0,1727,1
4,0.0,1728,1
4,0.0,1729,1
4,0.0,1730,1
4,0.0,1731,1
4,0.0,1732,1
4,0.0,1733,1
4,0.0,1734,1
4,0.0,1735,1
4,0.0,1736,1
4,0.0,1737,1
4,0.0,1738,1
4,0.0,1739,1
4,0.0,1740,1
4,0.0,1741,1
4,0.0,1742,1
4,0.0,1743,1
4,0.0,1744,1
4,0.0,1745,1
4,0.0,1746,1
4,0.0,1747,1
4,0.0,1748,1
4,0.0,1749,1
4,0.0,1750,1
4,0.0,1751,1
4,0.0,1752,1
4,0.0,1753,1
4,0.0,1754,1
4,0.0,1755,1
4,0.0,1756,1
4,0.0,1757,1
4,0.0,1758,1
4,0.0,1759,1
4,0.0,1760,1
4,0.0,1761,1
4,0.0,1762,1
4,0.0,1763,1
4,0.0,1764,1
4,0.0,1765,1
4,0.0,1766,1
4,0.0,1767,1
4,0.0,1768,1
4,0.0,1769,1
4,0.0,1770,1
4,0.0,1771,1
4,0.0,1772,1
4,0.0,1773,1
4,0.0,1774,1
4,0.0,1775,1
4,0.0,1776,1
4,0.0,1777,1
4,0.0,1778,1
4,0.0,1779,1
4,0.0,1780,1
4,0.0,1781,1
4,0.0,1782,1
4,0.0,1783,1
4,0.0,1784,1
4,0.0,1785,1
4,0.0,1786,1
4,0.0,1787,1
4,0.0,1788,1
4,0.0,1789,1
4,0.0,1790,1
4,0.0,1791,1
4,0.0,1792,1
4,0.0,1793,1
4,0.0,1794,1
4,0.0,1795,1
4,0.0,1796,1
4,0.0,1797,1
4,0.0,1798,1
4,0.0,1799,1
4,0.0,1800,1
4,0.0,1801,1
4,0.0,1802,1
4,0.0,1803,1
4,0.0,1804,1
4,0.0,1805,1
4,0.0,1806,1
4,0.0,1807,1
4,0.0,1808,1
4,0.0,1809,1
4,0.0,1810,1
4,0.0,1811,1
4,0.0,1812,1
4,0.0,1813,1
4,0.0,1814,1
4,0.0,1815,1
4,0.0,1816,1
4,0.0,1817,1
4,0.0,1818,1
4,0.0,1819,1
4,0.0,1820,1
4,0.0,1821,1
4,0.0,1822,1
4,0.0,1823,1
4,0.0,1824,1
4,0.0,1825,1
4,0.0,1826,1
4,0.0,1827,1
4,0.0,1828,1
4,0.0,1829,1
4,0.0,1830,1
4,0.0,1831,1
4,0.0,1832,1
4,0.0,1833,1
4,0.0,1834,1
4,0.0,1835,1
4,0.0,1836,1
4,0.0,1837,1
4,0.0,1838,1
4,0.0,1839,1
4,0.0,1840,1
4,0.0,1841,1
4,0.0,1842,1
4,0.0,1843,1
4,0.0,1844,1
4,0.0,1845,1
4,0.0,1846,1
4,0.0,1847,1
4,0.0,1848,1
4,0.0,1849,1
4,0.0,1850,1
4,0.0,1851,1
4,0.0,1852,1
4,0.0,1853,1
4,0.0,1854,1
4,0.0,1855,1
4,0.0,1856,1
4,0.0,1857,1
4,0.0,1858,1
4,0.0,1859,1
4,0.0,1860,1
4,0.0,1861,1
4,0.0,1862,1
4,0.0,1863,1
4,0.0,1864,1
4,0.0,1865,1
4,0.0,1866,1
4,0.0,1867,1
4,0.0,1868,1
4,0.0,1869,1
4,0.0,1870,1
4,0.0,1871,1
4,0.0,1872,1
4,0.0,1873,1
4,0.0,1874,1
4,0.0,1875,1
4,0.0,1876,1
4,0.0,1877,1
4,0.0,1878,1
4,0.0,1879,1
4,0.0,1880,1
4,0.0,1881,1
4,0.0,1882,1
4,0.0,1883,1
4,0.0,1884,1
4,0.0,1885,1
4,0.0,1886,1
4,0.0,1887,1
4,0.0,1888,1
4,0.0,1889,1
4,0.0,1890,1
4,0.0,1891,1
4,0.0,1892,1
4,0.0,1893,1
4,0.0,1894,1
4,0.0,1895,1
4,0.0,1896,1
4,0.0,1897,1
4,0.0,1898,1
4,0.0,1899,1
4,0.0,1900,1
4,0.0,1901,1
4,0.0,1902,1
4,0.0,1903,1
4,0.0,1904,1
4,0.0,1905,1
4,0.0,1906,1
4,0.0,1907,1
4,0.0,1908,1
4,0.0,1909,1
4,0.0,1910,1
4,0.0,1911,1
4,0.0,1912,1
4,0.0,1913,1
4,0.0,1914,1
4,0.0,1915,1
4,0.0,1916,1
4,0.0,1917,1
4,0.0,1918,1
4,0.0,1919,1
4,0.0,1920,1
4,0.0,1921,1
4,0.0,1922,1
4,0.0,1923,1
4,0.0,1924,1
4,0.0,1925,1
4,0.0,1926,1
4,0.0,1927,1
4,0.0,1928,1
4,0.0,1929,1
4,0.0,1930,1
4,0.0,1931,1
4,0.0,1932,1
4,0.0,1933,1
4,0.0,1934,1
4,0.0,1935,1
4,0.0,1936,1
4,0.0,1937,1
4,0.0,1938,1
4,0.0,1939,1
4,0.0,1940,1
4,0.0,1941,1
4,0.0,1942,1
4,0.0,1943,1
4,0.0,1944,1
4,0.0,1945,1
4,0.0,1946,1
4,0.0,1947,1
4,0.0,1948,1
4,0.0,1949,1
4,0.0,1950,1
4,0.0,1951,1
4,0.0,1952,1
4,0.0,1953,1
4,0.0,1954,1
4,0.0,1955,1
4,0.0,1956,1
4,0.0,1957,1
4,0.0,1958,1
4,0.0,1959,1
4,0.0,1960,1
4,0.0,1961,1
4,0.0,1962,1
4,0.0,1963,1
4,0.0,1964,1
4,0.0,1965,1
4,0.0,1966,1
4,0.0,1967,1
4,0.0,1968,1
4,0.0,1969,1
4,0.0,1970,1
4,0.0,1971,1
4,0.0,1972,1
4,0.0,1973,1
4,0.0,1974,1
4,0.0,1975,1
4,0.0,1976,1
4,0.0,1977,1
4,0.0,1978,1
4,0.0,1979,1
4,0.0,1980,1
4,0.0,1981,1
4,0.0,1982,1
4,0.0,1983,1
4,0.0,1984,1
4,0.0,1985,1
4,0.0,1986,1
4,0.0,1987,1
4,0.0,1988,1
4,0.0,1989,1
4,0.0,1990,1
4,0.0,1991,1
4,0.0,1992,1
4,0.0,1993,1
4,0.0,1994,1
4,0.0,1995,1
4,0.0,1996,1
4,0.0,1997,1
4,0.0,1998,1
4,0.0,1999,1
4,0.0,2000,1
4,0.0,2001,1
4,0.0,2002,1
4,0.0,2003,1
4,0.0,2004,1
4,0.0,2005,1
4,0.0,2006,1
4,0.0,2007,1
4,0.0,2008,1
4,0.0,2009,1
4,0.0,2010,1
4,0.0,2011,1
4,0.0,2012,1
4,0.0,2013,1
4,0.0,2014,1
4,0.0,2015,1
4,0.0,2016,1
4,0.0,2017,1
4,0.0,2018,1
4,0.0,2019,1
4,0.0,2020,1
4,0.0,2021,1
4,0.0,2022,1
4,0.0,2023,1
4,0.0,2024,1
4,0.0,2025,1
4,0.0,2026,1
4,0.0,2027,1
4,0.0,2028,1
4,0.0,2029,1
4,0.0,2030,1
4,0.0,2031,1
4,0.0,2032,1
4,0.0,2033,1
4,0.0,2034,1
4,0.0,2035,1
4,0.0,2036,1
4,0.0,2037,1
4,0.0,2038,1
4,0.0,2039,1
4,0.0,2040,1
4,0.0,2041,1
4,0.0,2042,1
4,0.0,2043,1
4,0.0,2044,1
4,0.0,2045,1
4,0.0,2046,1
4,0.0,2047,1
4,0.0,2048,1
4,0.0,2049,1
4,0.0,2050,1
4,0.0,2051,1
4,0.0,2052,1
4,0.0,2053,1
4,0.0,2054,1
4,0.0,2055,1
4,0.0,2056,1
4,0.0,2057,1
4,0.0,2058,1
4,0.0,2059,1
4,0.0,2060,1
4,0.0,2061,1
4,0.0,2062,1
4,0.0,2063,1
4,0.0,2064,1
4,0.0,2065,1
4,0.0,2066,1
4,0.0,2067,1
4,0.0,2068,1
4,0.0,2069,1
4,0.0,2070,1
4,0.0,2071,1
4,0.0,2072,1
4,0.0,2073,1
4,0.0,2074,1
4,0.0,2075,1
4,0.0,2076,1
4,0.0,2077,1
4,0.0,2078,1
4,0.0,2079,1
4,0.0,2080,1
4,0.0,2081,1
4,0.0,2082,1
4,0.0,2083,1
4,0.0,2084,1
4,0.0,2085,1
4,0.0,2086,1
4,0.0,2087,1
4,0.0,2088,1
4,0.0,2089,1
4,0.0,2090,1
4,0.0,2091,1
4,0.0,2092,1
4,0.0,2093,1
4,0.0,2094,1
4,0.0,2095,1
4,0.0,2096,1
4,0.0,2097,1
4,0.0,2098,1
4,0.0,2099,1
4,0.0,2100,1
4,0.0,2101,1
4,0.0,2102,1
4,0.0,2103,1
4,0.0,2104,1
4,0.0,2105,1
4,0.0,2106,1
4,0.0,2107,1
4,0.0,2108,1
4,0.0,2109,1
4,0.0,2110,1
4,0.0,2111,1
4,0.0,2112,1
4,0.0,2113,1
4,0.0,2114,1
4,0.0,2115,1
4,0.0,2116,1
4,0.0,2117,1
4,0.0,2118,1
4,0.0,2119,1
4,0.0,2120,1
4,0.0,2121,1
4,0.0,2122,1
4,0.0,2123,1
4,0.0,2124,1
4,0.0,2125,1
4,0.0,2126,1
4,0.0,2127,1
4,0.0,2128,1
4,0.0,2129,1
4,0.0,2130,1
4,0.0,2131,1
4,0.0,2132,1
4,0.0,2133,1
4,0.0,2134,1
4,0.0,2135,1
4,0.0,2136,1
4,0.0,2137,1
4,0.0,2138,1
4,0.0,2139,1
4,0.0,2140,1
4,0.0,2141,1
4,0.0,2142,1
4,0.0,2143,1
4,0.0,2144,1
4,0.0,2145,1
4,0.0,2146,1
4,0.0,2147,1
4,0.0,2148,1
4,0.0,2149,1
4,0.0,2150,1
4,0.0,2151,1
4,0.0,2152,1
4,0.0,2153,1
4,0.0,2154,1
4,0.0,2155,1
4,0.0,2156,1
4,0.0,2157,1
4,0.0,2158,1
4,0.0,2159,1
4,0.0,2160,1
4,0.0,2161,1
4,0.0,2162,1
4,0.0,2163,1
4,0.0,2164,1
4,0.0,2165,1
4,0.0,2166,1
4,0.0,2167,1
4,0.0,2168,1
4,0.0,2169,1
4,0.0,2170,1
4,0.0,2171,1
4,0.0,2172,1
4,0.0,2173,1
4,0.0,2174,1
4,0.0,2175,1
4,0.0,2176,1
4,0.0,2177,1
4,0.0,2178,1
4,0.0,2179,1
4,0.0,2180,1
4,0.0,2181,1
4,0.0,2182,1
4,0.0,2183,1
4,0.0,2184,1
4,0.0,2185,1
4,0.0,2186,1
4,0.0,2187,1
4,0.0,2188,1
4,0.0,2189,1
4,0.0,2190,1
4,0.0,2191,1
4,0.0,2192,1
4,0.0,2193,1
4,0.0,2194,1
4,0.0,2195,1
4,0.0,2196,1
4,0.0,2197,1
4,0.0,2198,1
4,0.0,2199,1
4,0.0,2200,1
4,0.0,2201,1
4,0.0,2202,1
4,0.0,2203,1
4,0.0,2204,1
4,0.0,2205,1
4,0.0,2206,1
4,0.0,2207,1
4,0.0,2208,1
4,0.0,2209,1
4,0.0,2210,1
4,0.0,2211,1
4,0.0,2212,1
4,0.0,2213,1
4,0.0,2214,1
4,0.0,2215,1
4,0.0,2216,1
4,0.0,2217,1
4,0.0,2218,1
4,0.0,2219,1
4,0.0,2220,1
4,0.0,2221,1
4,0.0,2222,1
4,0.0,2223,1
4,0.0,2224,1
4,0.0,2225,1
4,0.0,2226,1
4,0.0,2227,1
4,0.0,2228,1
4,0.0,2229,1
4,0.0,2230,1
4,0.0,2231,1
4,0.0,2232,1
4,0.0,2233,1
4,0.0,2234,1
4,0.0,2235,1
4,0.0,2236,1
4,0.0,2237,1
4,0.0,2238,1
4,0.0,2239,1
4,0.0,2240,1
4,0.0,2241,1
4,0.0,2242,1
4,0.0,2243,1
4,0.0,2244,1
4,0.0,2245,1
4,0.0,2246,1
4,0.0,2247,1
4,0.0,2248,1
4,0.0,2249,1
4,0.0,2250,1
4,0.0,2251,1
4,0.0,2252,1
4,0.0,2253,1
4,0.0,2254,1
4,0.0,2255,1
4,0.0,2256,1
4,0.0,2257,1
4,0.0,2258,1
4,0.0,2259,1
4,0.0,2260,1
4,0.0,2261,1
4,0.0,2262,1
4,0.0,2263,1
4,0.0,2264,1
4,0.0,2265,1
4,0.0,2266,1
4,0.0,2267,1
4,0.0,2268,1
4,0.0,2269,1
4,0.0,2270,1
4,0.0,2271,1
4,0.0,2272,1
4,0.0,2273,1
4,0.0,2274,1
4,0.0,2275,1
4,0.0,2276,1
4,0.0,2277,1
4,0.0,2278,1
4,0.0,2279,1
4,0.0,2280,1
4,0.0,2281,1
4,0.0,2282,1
4,0.0,2283,1
4,0.0,2284,1
4,0.0,2285,1
4,0.0,2286,1
4,0.0,2287,1
4,0.0,2288,1
4,0.0,2289,1
4,0.0,2290,1
4,0.0,2291,1
4,0.0,2292,1
4,0.0,2293,1
4,0.0,2294,1
4,0.0,2295,1
4,0.0,2296,1
4,0.0,2297,1
4,0.0,2298,1
4,0.0,2299,1
4,0.0,2300,1
4,0.0,2301,1
4,0.0,2302,1
4,0.0,2303,1
4,0.0,2304,1
4,0.0,2305,1
4,0.0,2306,1
4,0.0,2307,1
4,0.0,2308,1
4,0.0,2309,1
4,0.0,2310,1
4,0.0,2311,1
4,0.0,2312,1
4,0.0,2313,1
4,0.0,2314,1
4,0.0,2315,1
4,0.0,2316,1
4,0.0,2317,1
4,0.0,2318,1
4,0.0,2319,1
4,0.0,2320,1
4,0.0,2321,1
4,0.0,2322,1
4,0.0,2323,1
4,0.0,2324,1
4,0.0,2325,1
4,0.0,2326,1
4,0.0,2327,1
4,0.0,2328,1
4,0.0,2329,1
4,0.0,2330,1
4,0.0,2331,1
4,0.0,2332,1
4,0.0,2333,1
4,0.0,2334,1
4,0.0,2335,1
4,0.0,2336,1
4,0.0,2337,1
4,0.0,2338,1
4,0.0,2339,1
4,0.0,2340,1
4,0.0,2341,1
4,0.0,2342,1
4,0.0,2343,1
4,0.0,2344,1
4,0.0,2345,1
4,0.0,2346,1
4,0.0,2347,1
4,0.0,2348,1
4,0.0,2349,1
4,0.0,2350,1
4,0.0,2351,1
4,0.0,2352,1
4,0.0,2353,1
4,0.0,2354,1
4,0.0,2355,1
4,0.0,2356,1
4,0.0,2357,1
4,0.0,2358,1
4,0.0,2359,1
4,0.0,2360,1
4,0.0,2361,1
4,0.0,2362,1
4,0.0,2363,1
4,0.0,2364,1
4,0.0,2365,1
4,0.0,2366,1
4,0.0,2367,1
4,0.0,2368,1
4,0.0,2369,1
4,0.0,2370,1
4,0.0,2371,1
4,0.0,2372,1
4,0.0,2373,1
4,0.0,2374,1
4,0.0,2375,1
4,0.0,2376,1
4,0.0,2377,1
4,0.0,2378,1
4,0.0,2379,1
4,0.0,2380,1
4,0.0,2381,1
4,0.0,2382,1
4,0.0,2383,1
4,0.0,2384,1
4,0.0,2385,1
4,0.0,2386,1
4,0.0,2387,1
4,0.0,2388,1
4,0.0,2389,1
4,0.0,2390,1
4,0.0,2391,1
4,0.0,2392,1
4,0.0,2393,1
4,0.0,2394,1
4,0.0,2395,1
4,0.0,2396,1
4,0.0,2397,1
4,0.0,2398,1
4,0.0,2399,1
4,0.0,2400,1
4,0.0,2401,1
4,0.0,2402,1
4,0.0,2403,1
4,0.0,2404,1
4,0.0,2405,1
4,0.0,2406,1
4,0.0,2407,1
4,0.0,2408,1
4,0.0,2409,1
4,0.0,2410,1
4,0.0,2411,1
4,0.0,2412,1
4,0.0,2413,1
4,0.0,2414,1
4,0.0,2415,1
4,0.0,2416,1
4,0.0,2417,1
4,0.0,2418,1
4,0.0,2419,1
4,0.0,2420,1
4,0.0,2421,1
4,0.0,2422,1
4,0.0,2423,1
4,0.0,2424,1
4,0.0,2425,1
4,0.0,2426,1
4,0.0,2427,1
4,0.0,2428,1
4,0.0,2429,1
4,0.0,2430,1
4,0.0,2431,1
4,0.0,2432,1
4,0.0,2433,1
4,0.0,2434,1
4,0.0,2435,1
4,0.0,2436,1
4,0.0,2437,1
4,0.0,2438,1
4,0.0,2439,1
4,0.0,2440,1
4,0.0,2441,1
4,0.0,2442,1
4,0.0,2443,1
4,0.0,2444,1
4,0.0,2445,1
4,0.0,2446,1
4,0.0,2447,1
4,0.0,2448,1
4,0.0,2449,1
4,0.0,2450,1
4,0.0,2451,1
4,0.0,2452,1
4,0.0,2453,1
4,0.0,2454,1
4,0.0,2455,1
4,0.0,2456,1
4,0.0,2457,1
4,0.0,2458,1
4,0.0,2459,1
4,0.0,2460,1
4,0.0,2461,1
4,0.0,2462,1
4,0.0,2463,1
4,0.0,2464,1
4,0.0,2465,1
4,0.0,2466,1
4,0.0,2467,1
4,0.0,2468,1
4,0.0,2469,1
4,0.0,2470,1
4,0.0,2471,1
4,0.0,2472,1
4,0.0,2473,1
4,0.0,2474,1
4,0.0,2475,1
4,0.0,2476,1
4,0.0,2477,1
4,0.0,2478,1
4,0.0,2479,1
4,0.0,2480,1
4,0.0,2481,1
4,0.0,2482,1
4,0.0,2483,1
4,0.0,2484,1
4,0.0,2485,1
4,0.0,2486,1
4,0.0,2487,1
4,0.0,2488,1
4,0.0,2489,1
4,0.0,2490,1
4,0.0,2491,1
4,0.0,2492,1
4,0.0,2493,1
4,0.0,2494,1
4,0.0,2495,1
4,0.0,2496,1
4,0.0,2497,1
4,0.0,2498,1
4,0.0,2499,1
4,0.0,2500,1
4,0.2,1,-1
4,0.2,2,-1
4,0.2,3,-1
4,0.2,4,-1
4,0.2,5,-1
4,0.2,6,1
4,0.2,7,1
4,0.2,8,1
4,0.2,9,-1
4,0.2,10,-1
4,0.2,11,-1
4,0.2,12,1
4,0.2,13,1
4,0.2,14,1
4,0.2,15,-1
4,0.2,16,1
4,0.2,17,-1
4,0.2,18,1
4,0.2,19,1
4,0.2,20,-1
4,0.2,21,-1
4,0.2,22,-1
4,0.2,23,1
4,0.2,24,1
4,0.2,25,1
4,0.2,26,-1
4,0.2,27,1
4,0.2,28,-1
4,0.2,29,-1
4,0.2,30,-1
4,0.2,31,-1
4,0.2,32,-1
4,0.2,33,-1
4,0.2,34,1
4,0.2,35,1
4,0.2,36,-1
4,0.2,37,1
4,0.2,38,1
4,0.2,39,-1
4,0.2,40,1
4,0.2,41,1
4,0.2,42,1
4,0.2,43,1
4,0.2,44,1
4,0.2,45,-1
4,0.2,46,-1
4,0.2,47,-1
4,0.2,48,-1
4,0.2,49,1
4,0.2,50,-1
4,0.2,51,-1
4,0.2,52,-1
4,0.2,53,1
4,0.2,54,1
4,0.2,55,1
4,0.2,56,1
4,0.2,57,-1
4,0.2,58,1
4,0.2,59,1
4,0.2,60,1
4,0.2,61,1
4,0.2,62,1
4,0.2,63,-1
4,0.2,64,-1
4,0.2,65,1
4,0.2,66,-1
4,0.2,67,1
4,0.2,68,1
4,0.2,69,1
4,0.2,70,-1
4,0.2,71,1
4,0.2,72,-1
4,0.2,73,1
4,0.2,74,1
4,0.2,75,-1
4,0.2,76,1
4,0.2,77,-1
4,0.2,78,1
4,0.2,79,1
4,0.2,80,-1
4,0.2,81,1
4,0.2,82,1
4,0.2,83,1
4,0.2,84,1
4,0.2,85,1
4,0.2,86,1
4,0.2,87,1
4,0.2,88,1
4,0.2,89,-1
4,0.2,90,-1
4,0.2,91,1
4,0.2,92,-1
4,0.2,93,-1
4,0.2,94,1
4,0.2,95,-1
4,0.2,96,-1
4,0.2,97,1
4,0.2,98,1
4,0.2,99,-1
4,0.2,100,1
4,0.2,101,-1
4,0.2,102,-1
4,0.2,103,-1
4,0.2,104,1
4,0.2,105,-1
4,0.2,106,1
4,0.2,107,1
4,0.2,108,-1
4,0.2,109,-1
4,0.2,110,-1
4,0.2,111,-1
4,0.2,112,1
4,0.2,113,-1
4,0.2,114,1
4,0.2,115,1
4,0.2,116,-1
4,0.2,117,1
4,0.2,118,1
4,0.2,119,1
4,0.2,120,-1
4,0.2,121,-1
4,0.2,122,-1
4,0.2,123,-1
4,0.2,124,-1
4,0.2,125,1
4,0.2,126,-1
4,0.2,127,1
4,0.2,128,-1
4,0.2,129,1
4,0.2,130,-1
4,0.2,131,1
4,0.2,132,-1
4,0.2,133,1
4,0.2,134,1
4,0.2,135,-1
4,0.2,136,1
4,0.2,137,-1
4,0.2,138,-1
4,0.2,139,-1
4,0.2,140,-1
4,0.2,141,-1
4,0.2,142,-1
4,0.2,143,1
4,0.2,144,1
4,0.2,145,1
4,0.2,146,1
4,0.2,147,1
4,0.2,148,-1
4,0.2,149,-1
4,0.2,150,-1
4,0.2,151,-1
4,0.2,152,1
4,0.2,153,1
4,0.2,154,-1
4,0.2,155,1
4,0.2,156,1
4,0.2,157,1
4,0.2,158,1
4,0.2,159,1
4,0.2,160,-1
4,0.2,161,-1
4,0.2,162,1
4,0.2,163,1
4,0.2,164,-1
4,0.2,165,1
4,0.2,166,-1
4,0.2,167,1
4,0.2,168,1
4,0.2,169,1
4,0.2,170,-1
4,0.2,171,-1
4,0.2,172,1
4,0.2,173,-1
4,0.2,174,1
4,0.2,175,1
4,0.2,176,1
4,0.2,177,-1
4,0.2,178,1
4,0.2,179,1
4,0.2,180,1
4,0.2,181,1
4,0.2,182,1
4,0.2,183,1
4,0.2,184,-1
4,0.2,185,1
4,0.2,186,1
4,0.2,187,1
4,0.2,188,1
4,0.2,189,1
4,0.2,190,1
4,0.2,191,-1
4,0.2,192,1
4,0.2,193,1
4,0.2,194,1
4,0.2,195,1
4,0.2,196,-1
4,0.2,197,1
4,0.2,198,1
4,0.2,199,-1
4,0.2,200,1
4,0.2,201,1
4,0.2,202,-1
4,0.2,203,-1
4,0.2,204,1
4,0.2,205,1
4,0.2,206,1
4,0.2,207,-1
4,0.2,208,1
4,0.2,209,1
4,0.2,210,1
4,0.2,211,1
4,0.2,212,1
4,0.2,213,1
4,0.2,214,1
4,0.2,215,-1
4,0.2,216,-1
4,0.2,217,1
4,0.2,218,1
4,0.2,219,1
4,0.2,220,-1
4,0.2,221,1
4,0.2,222,-1
4,0.2,223,1
4,0.2,224,1
4,0.2,225,1
4,0.2,226,1
4,0.2,227,1
4,0.2,228,1
4,0.2,229,1
4,0.2,230,1
4,0.2,231,1
4,0.2,232,1
4,0.2,233,1
4,0.2,234,1
4,0.2,235,1
4,0.2,236,1
4,0.2,237,-1
4,0.2,238,1
4,0.2,239,-1
4,0.2,240,1
4,0.2,241,1
4,0.2,242,1
4,0.2,243,-1
4,0.2,244,1
4,0.2,245,-1
4,0.2,246,1
4,0.2,247,1
4,0.2,248,1
4,0.2,249,1
4,0.2,250,1
4,0.2,251,-1
4,0.2,252,1
4,0.2,253,1
4,0.2,254,1
4,0.2,255,1
4,0.2,256,1
4,0.2,257,-1
4,0.2,258,1
4,0.2,259,1
4,0.2,260,1
4,0.2,261,1
4,0.2,262,-1
4,0.2,263,1
4,0.2,264,1
4,0.2,265,1
4,0.2,266,-1
4,0.2,267,1
4,0.2,268,-1
4,0.2,269,-1
4,0.2,270,1
4,0.2,271,-1
4,0.2,272,-1
4,0.2,273,1
4,0.2,274,1
4,0.2,275,1
4,0.2,276,1
4,0.2,277,1
4,0.2,278,1
4,0.2,279,1
4,0.2,280,1
4,0.2,281,-1
4,0.2,282,1
4,0.2,283,1
4,0.2,284,1
4,0.2,285,1
4,0.2,286,-1
4,0.2,287,1
4,0.2,288,1
4,0.2,289,1
4,0.2,290,-1
4,0.2,291,1
4,0.2,292,1
4,0.2,293,1
4,0.2,294,1
4,0.2,295,1
4,0.2,296,-1
4,0.2,297,-1
4,0.2,298,-1
4,0.2,299,-1
4,0.2,300,1
4,0.2,301,1
4,0.2,302,1
4,0.2,303,1
4,0.2,304,1
4,0.2,305,1
4,0.2,306,-1
4,0.2,307,1
4,0.2,308,1
4,0.2,309,-1
4,0.2,310,1
4,0.2,311,1
4,0.2,312,-1
4,0.2,313,1
4,0.2,314,1
4,0.2,315,1
4,0.2,316,1
4,0.2,317,-1
4,0.2,318,1
4,0.2,319,1
4,0.2,320,1
4,0.2,321,1
4,0.2,322,-1
4,0.2,323,1
4,0.2,324,1
4,0.2,325,1
4,0.2,326,1
4,0.2,327,-1
4,0.2,328,1
4,0.2,329,1
4,0.2,330,1
4,0.2,331,1
4,0.2,332,1
4,0.2,333,1
4,0.2,334,1
4,0.2,335,-1
4,0.2,336,1
4,0.2,337,1
4,0.2,338,1
4,0.2,339,1
4,0.2,340,1
4,0.2,341,1
4,0.2,342,1
4,0.2,343,1
4,0.2,344,1
4,0.2,345,1
4,0.2,346,1
4,0.2,347,1
4,0.2,348,1
4,0.2,349,1
4,0.2,350,1
4,0.2,351,1
4,0.2,352,1
4,0.2,353,-1
4,0.2,354,1
4,0.2,355,1
4,0.2,356,1
4,0.2,357,1
4,0.2,358,1
4,0.2,359,1
4,0.2,360,1
4,0.2,361,1
4,0.2,362,1
4,0.2,363,1
4,0.2,364,1
4,0.2,365,1
4,0.2,366,1
4,0.2,367,1
4,0.2,368,1
4,0.2,369,1
4,0.2,370,1
4,0.2,371,1
4,0.2,372,-1
4,0.2,373,1
4,0.2,374,1
4,0.2,375,1
4,0.2,376,1
4,0.2,377,1
4,0.2,378,1
4,0.2,379,1
4,0.2,380,1
4,0.2,381,-1
4,0.2,382,1
4,0.2,383,-1
4,0.2,384,1
4,0.2,385,1
4,0.2,386,1
4,0.2,387,1
4,0.2,388,-1
4,0.2,389,1
4,0.2,390,-1
4,0.2,391,1
4,0.2,392,1
4,0.2,393,1
4,0.2,394,1
4,0.2,395,1
4,0.2,396,-1
4,0.2,397,1
4,0.2,398,-1
4,0.2,399,1
4,0.2,400,1
4,0.2,401,-1
4,0.2,402,1
4,0.2,403,-1
4,0.2,404,1
4,0.2,405,1
4,0.2,406,-1
4,0.2,407,1
4,0.2,408,1
4,0.2,409,-1
4,0.2,410,1
4,0.2,411,1
4,0.2,412,1
4,0.2,413,1
4,0.2,414,1
4,0.2,415,1
4,0.2,416,1
4,0.2,417,-1
4,0.2,418,1
4,0.2,419,1
4,0.2,420,1
4,0.2,421,-1
4,0.2,422,1
4,0.2,423,1
4,0.2,424,1
4,0.2,425,1
4,0.2,426,1
4,0.2,427,1
4,0.2,428,-1
4,0.2,429,-1
4,0.2,430,1
4,0.2,431,1
4,0.2,432,1
4,0.2,433,1
4,0.2,434,1
4,0.2,435,1
4,0.2,436,1
4,0.2,437,1
4,0.2,438,1
4,0.2,439,1
4,0.2,440,1
4,0.2,441,1
4,0.2,442,-1
4,0.2,443,1
4,0.2,444,1
4,0.2,445,1
4,0.2,446,1
4,0.2,447,1
4,0.2,448,-1
4,0.2,449,-1
4,0.2,450,-1
4,0.2,451,1
4,0.2,452,1
4,0.2,453,-1
4,0.2,454,1
4,0.2,455,1
4,0.2,456,1
4,0.2,457,1
4,0.2,458,1
4,0.2,459,-1
4,0.2,460,1
4,0.2,461,-1
4,0.2,462,1
4,0.2,463,1
4,0.2,464,1
4,0.2,465,1
4,0.2,466,1
4,0.2,467,1
4,0.2,468,1
4,0.2,469,1
4,0.2,470,-1
4,0.2,471,1
4,0.2,472,1
4,0.2,473,1
4,0.2,474,1
4,0.2,475,-1
4,0.2,476,1
4,0.2,477,1
4,0.2,478,1
4,0.2,479,1
4,0.2,480,1
4,0.2,481,1
4,0.2,482,1
4,0.2,483,1
4,0.2,484,-1
4,0.2,485,1
4,0.2,486,1
4,0.2,487,1
4,0.2,488,1
4,0.2,489,1
4,0.2,490,1
4,0.2,491,1
4,0.2,492,-1
4,0.2,493,1
4,0.2,494,1
4,0.2,495,1
4,0.2,496,1
4,0.2,497,1
4,0.2,498,1
4,0.2,499,1
4,0.2,500,1
4,0.2,501,1
4,0.2,502,1
4,0.2,503,-1
4,0.2,504,1
4,0.2,505,1
4,0.2,506,1
4,0.2,507,1
4,0.2,508,1
4,0.2,509,1
4,0.2,510,-1
4,0.2,511,1
4,0.2,512,1
4,0.2,513,1
4,0.2,514,1
4,0.2,515,-1
4,0.2,516,1
4,0.2,517,1
4,0.2,518,1
4,0.2,519,-1
4,0.2,520,1
4,0.2,521,1
4,0.2,522,1
4,0.2,523,1
4,0.2,524,1
4,0.2,525,1
4,0.2,526,1
4,0.2,527,1
4,0.2,528,1
4,0.2,529,1
4,0.2,530,1
4,0.2,531,1
4,0.2,532,-1
4,0.2,533,1
4,0.2,534,1
4,0.2,535,1
4,0.2,536,1
4,0.2,537,1
4,0.2,538,1
4,0.2,539,1
4,0.2,540,1
4,0.2,541,1
4,0.2,542,-1
4,0.2,543,1
4,0.2,544,1
4,0.2,545,1
4,0.2,546,1
4,0.2,547,1
4,0.2,548,1
4,0.2,549,1
4,0.2,550,1
4,0.2,551,1
4,0.2,552,1
4,0.2,553,1
4,0.2,554,1
4,0.2,555,1
4,0.2,556,1
4,0.2,557,-1
4,0.2,558,-1
4,0.2,559,1
4,0.2,560,1
4,0.2,561,1
4,0.2,562,1
4,0.2,563,1
4,0.2,564,1
4,0.2,565,1
4,0.2,566,1
4,0.2,567,1
4,0.2,568,-1
4,0.2,569,1
4,0.2,570,-1
4,0.2,571,1
4,0.2,572,1
4,0.2,573,1
4,0.2,574,1
4,0.2,575,1
4,0.2,576,1
4,0.2,577,1
4,0.2,578,1
4,0.2,579,1
4,0.2,580,1
4,0.2,581,1
4,0.2,582,1
4,0.2,583,1
4,0.2,584,-1
4,0.2,585,1
4,0.2,586,1
4,0.2,587,1
4,0.2,588,1
4,0.2,589,1
4,0.2,590,1
4,0.2,591,1
4,0.2,592,1
4,0.2,593,1
4,0.2,594,1
4,0.2,595,1
4,0.2,596,1
4,0.2,597,-1
4,0.2,598,1
4,0.2,599,1
4,0.2,600,1
4,0.2,601,1
4,0.2,602,1
4,0.2,603,1
4,0.2,604,1
4,0.2,605,1
4,0.2,606,1
4,0.2,607,1
4,0.2,608,1
4,0.2,609,1
4,0.2,610,1
4,0.2,611,1
4,0.2,612,1
4,0.2,613,1
4,0.2,614,1
4,0.2,615,1
4,0.2,616,1
4,0.2,617,1
4,0.2,618,1
4,0.2,619,1
4,0.2,620,1
4,0.2,621,-1
4,0.2,622,1
4,0.2,623,1
4,0.2,624,-1
4,0.2,625,1
4,0.2,626,1
4,0.2,627,1
4,0.2,628,1
4,0.2,629,1
4,0.2,630,1
4,0.2,631,1
4,0.2,632,-1
4,0.2,633,1
4,0.2,634,1
4,0.2,635,1
4,0.2,636,-1
4,0.2,637,1
4,0.2,638,1
4,0.2,639,1
4,0.2,640,-1
4,0.2,641,1
4,0.2,642,1
4,0.2,643,1
4,0.2,644,1
4,0.2,645,1
4,0.2,646,1
4,0.2,647,1
4,0.2,648,1
4,0.2,649,-1
4,0.2,650,1
4,0.2,651,1
4,0.2,652,1
4,0.2,653,1
4,0.2,654,1
4,0.2,655,1
4,0.2,656,1
4,0.2,657,1
4,0.2,658,1
4,0.2,659,1
4,0.2,660,1
4,0.2,661,-1
4,0.2,662,-1
4,0.2,663,1
4,0.2,664,1
4,0.2,665,1
4,0.2,666,1
4,0.2,667,1
4,0.2,668,1
4,0.2,669,-1
4,0.2,670,1
4,0.2,671,1
4,0.2,672,1
4,0.2,673,1
4,0.2,674,1
4,0.2,675,1
4,0.2,676,1
4,0.2,677,1
4,0.2,678,1
4,0.2,679,1
4,0.2,680,1
4,0.2,681,1
4,0.2,682,1
4,0.2,683,1
4,0.2,684,1
4,0.2,685,1
4,0.2,686,1
4,0.2,687,1
4,0.2,688,1
4,0.2,689,1
4,0.2,690,1
4,0.2,691,1
4,0.2,692,1
4,0.2,693,1
4,0.2,694,1
4,0.2,695,1
4,0.2,696,-1
4,0.2,697,1
4,0.2,698,-1
4,0.2,699,1
4,0.2,700,1
4,0.2,701,1
4,0.2,702,1
4,0.2,703,1
4,0.2,704,1
4,0.2,705,-1
4,0.2,706,1
4,0.2,707,1
4,0.2,708,1
4,0.2,709,1
4,0.2,710,1
4,0.2,711,1
4,0.2,712,1
4,0.2,713,1
4,0.2,714,1
4,0.2,715,1
4,0.2,716,1
4,0.2,717,1
4,0.2,718,1
4,0.2,719,1
4,0.2,720,1
4,0.2,721,1
4,0.2,722,1
4,0.2,723,1
4,0.2,724,1
4,0.2,725,1
4,0.2,726,1
4,0.2,727,1
4,0.2,728,1
4,0.2,729,1
4,0.2,730,1
4,0.2,731,1
4,0.2,732,1
4,0.2,733,1
4,0.2,734,1
4,0.2,735,1
4,0.2,736,1
4,0.2,737,1
4,0.2,738,1
4,0.2,739,1
4,0.2,740,-1
4,0.2,741,-1
4,0.2,742,-1
4,0.2,743,1
4,0.2,744,1
4,0.2,745,1
4,0.2,746,-1
4,0.2,747,1
4,0.2,748,1
4,0.2,749,1
4,0.2,750,1
4,0.2,751,1
4,0.2,752,-1
4,0.2,753,1
4,0.2,754,1
4,0.2,755,1
4,0.2,756,1
4,0.2,757,1
4,0.2,758,-1
4,0.2,759,1
4,0.2,760,-1
4,0.2,761,1
4,0.2,762,1
4,0.2,763,1
4,0.2,764,1
4,0.2,765,1
4,0.2,766,-1
4,0.2,767,1
4,0.2,768,1
4,0.2,769,1
4,0.2,770,1
4,0.2,771,1
4,0.2,772,1
4,0.2,773,1
4,0.2,774,1
4,0.2,775,1
4,0.2,776,1
4,0.2,777,1
4,0.2,778,1
4,0.2,779,1
4,0.2,780,1
4,0.2,781,1
4,0.2,782,1
4,0.2,783,1
4,0.2,784,1
4,0.2,785,1
4,0.2,786,-1
4,0.2,787,1
4,0.2,788,1
4,0.2,789,1
4,0.2,790,1
4,0.2,791,1
4,0.2,792,1
4,0.2,793,-1
4,0.2,794,1
4,0.2,795,1
4,0.2,796,1
4,0.2,797,1
4,0.2,798,1
4,0.2,799,1
4,0.2,800,-1
4,0.2,801,1
4,0.2,802,-1
4,0.2,803,1
4,0.2,804,1
4,0.2,805,1
4,0.2,806,1
4,0.2,807,1
4,0.2,808,1
4,0.2,809,1
4,0.2,810,1
4,0.2,811,1
4,0.2,812,1
4,0.2,813,1
4,0.2,814,1
4,0.2,815,1
4,0.2,816,1
4,0.2,817,-1
4,0.2,818,1
4,0.2,819,1
4,0.2,820,1
4,0.2,821,-1
4,0.2,822,1
4,0.2,823,1
4,0.2,824,1
4,0.2,825,1
4,0.2,826,-1
4,0.2,827,1
4,0.2,828,-1
4,0.2,829,1
4,0.2,830,1
4,0.2,831,1
4,0.2,832,1
4,0.2,833,-1
4,0.2,834,-1
4,0.2,835,1
4,0.2,836,1
4,0.2,837,1
4,0.2,838,1
4,0.2,839,1
4,0.2,840,1
4,0.2,841,1
4,0.2,842,1
4,0.2,843,1
4,0.2,844,1
4,0.2,845,1
4,0.2,846,1
4,0.2,847,1
4,0.2,848,1
4,0.2,849,1
4,0.2,850,1
4,0.2,851,1
4,0.2,852,1
4,0.2,853,1
4,0.2,854,-1
4,0.2,855,-1
4,0.2,856,1
4,0.2,857,1
4,0.2,858,1
4,0.2,859,1
4,0.2,860,1
4,0.2,861,-1
4,0.2,862,1
4,0.2,863,1
4,0.2,864,1
4,0.2,865,1
4,0.2,866,1
4,0.2,867,1
4,0.2,868,1
4,0.2,869,-1
4,0.2,870,-1
4,0.2,871,1
4,0.2,872,1
4,0.2,873,-1
4,0.2,874,1
4,0.2,875,1
4,0.2,876,1
4,0.2,877,1
4,0.2,878,1
4,0.2,879,1
4,0.2,880,1
4,0.2,881,1
4,0.2,882,1
4,0.2,883,1
4,0.2,884,1
4,0.2,885,1
4,0.2,886,1
4,0.2,887,1
4,0.2,888,1
4,0.2,889,1
4,0.2,890,1
4,0.2,891,1
4,0.2,892,1
4,0.2,893,1
4,0.2,894,1
4,0.2,895,1
4,0.2,896,1
4,0.2,897,1
4,0.2,898,-1
4,0.2,899,1
4,0.2,900,1
4,0.2,901,1
4,0.2,902,1
4,0.2,903,1
4,0.2,904,1
4,0.2,905,1
4,0.2,906,1
4,0.2,907,1
4,0.2,908,1
4,0.2,909,1
4,0.2,910,1
4,0.2,911,1
4,0.2,912,1
4,0.2,913,1
4,0.2,914,1
4,0.2,915,1
4,0.2,916,-1
4,0.2,917,1
4,0.2,918,-1
4,0.2,919,1
4,0.2,920,1
4,0.2,921,1
4,0.2,922,1
4,0.2,923,-1
4,0.2,924,1
4,0.2,925,-1
4,0.2,926,1
4,0.2,927,1
4,0.2,928,1
4,0.2,929,-1
4,0.2,930,1
4,0.2,931,1
4,0.2,932,1
4,0.2,933,1
4,0.2,934,1
4,0.2,935,1
4,0.2,936,1
4,0.2,937,-1
4,0.2,938,1
4,0.2,939,1
4,0.2,940,1
4,0.2,941,1
4,0.2,942,1
4,0.2,943,1
4,0.2,944,1
4,0.2,945,1
4,0.2,946,-1
4,0.2,947,1
4,0.2,948,1
4,0.2,949,1
4,0.2,950,1
4,0.2,951,1
4,0.2,952,1
4,0.2,953,1
4,0.2,954,-1
4,0.2,955,1
4,0.2,956,1
4,0.2,957,1
4,0.2,958,1
4,0.2,959,1
4,0.2,960,1
4,0.2,961,1
4,0.2,962,1
4,0.2,963,1
4,0.2,964,1
4,0.2,965,1
4,0.2,966,1
4,0.2,967,1
4,0.2,968,1
4,0.2,969,1
4,0.2,970,1
4,0.2,971,1
4,0.2,972,1
4,0.2,973,-1
4,0.2,974,1
4,0.2,975,1
4,0.2,976,1
4,0.2,977,1
4,0.2,978,1
4,0.2,979,1
4,0.2,980,1
4,0.2,981,-1
4,0.2,982,1
4,0.2,983,1
4,0.2,984,1
4,0.2,985,1
4,0.2,986,1
4,0.2,987,1
4,0.2,988,1
4,0.2,989,1
4,0.2,990,-1
4,0.2,991,1
4,0.2,992,1
4,0.2,993,1
4,0.2,994,1
4,0.2,995,-1
4,0.2,996,-1
4,0.2,997,1
4,0.2,998,1
4,0.2,999,1
4,0.2,1000,1
4,0.2,1001,1
4,0.2,1002,1
4,0.2,1003,1
4,0.2,1004,1
4,0.2,1005,1
4,0.2,1006,1
4,0.2,1007,1
4,0.2,1008,1
4,0.2,1009,1
4,0.2,1010,1
4,0.2,1011,1
4,0.2,1012,1
4,0.2,1013,1
4,0.2,1014,1
4,0.2,1015,1
4,0.2,1016,-1
4,0.2,1017,1
4,0.2,1018,1
4,0.2,1019,1
4,0.2,1020,-1
4,0.2,1021,1
4,0.2,1022,1
4,0.2,1023,1
4,0.2,1024,1
4,0.2,1025,1
4,0.2,1026,-1
4,0.2,1027,1
4,0.2,1028,1
4,0.2,1029,1
4,0.2,1030,1
4,0.2,1031,1
4,0.2,1032,-1
4,0.2,1033,-1
4,0.2,1034,1
4,0.2,1035,1
4,0.2,1036,1
4,0.2,1037,1
4,0.2,1038,1
4,0.2,1039,-1
4,0.2,1040,1
4,0.2,1041,1
4,0.2,1042,1
4,0.2,1043,1
4,0.2,1044,1
4,0.2,1045,1
4,0.2,1046,-1
4,0.2,1047,-1
4,0.2,1048,1
4,0.2,1049,1
4,0.2,1050,1
4,0.2,1051,1
4,0.2,1052,-1
4,0.2,1053,1
4,0.2,1054,1
4,0.2,1055,1
4,0.2,1056,1
4,0.2,1057,1
4,0.2,1058,1
4,0.2,1059,1
4,0.2,1060,1
4,0.2,1061,-1
4,0.2,1062,1
4,0.2,1063,1
4,0.2,1064,1
4,0.2,1065,1
4,0.2,1066,1
4,0.2,1067,1
4,0.2,1068,1
4,0.2,1069,1
4,0.2,1070,-1
4,0.2,1071,1
4,0.2,1072,1
4,0.2,1073,1
4,0.2,1074,1
4,0.2,1075,-1
4,0.2,1076,1
4,0.2,1077,1
4,0.2,1078,1
4,0.2,1079,1
4,0.2,1080,1
4,0.2,1081,1
4,0.2,1082,-1
4,0.2,1083,-1
4,0.2,1084,1
4,0.2,1085,1
4,0.2,1086,1
4,0.2,1087,1
4,0.2,1088,-1
4,0.2,1089,1
4,0.2,1090,1
4,0.2,1091,1
4,0.2,1092,-1
4,0.2,1093,1
4,0.2,1094,1
4,0.2,1095,1
4,0.2,1096,-1
4,0.2,1097,1
4,0.2,1098,1
4,0.2,1099,1
4,0.2,1100,1
4,0.2,1101,1
4,0.2,1102,1
4,0.2,1103,1
4,0.2,1104,1
4,0.2,1105,1
4,0.2,1106,-1
4,0.2,1107,1
4,0.2,1108,1
4,0.2,1109,1
4,0.2,1110,1
4,0.2,1111,-1
4,0.2,1112,1
4,0.2,1113,1
4,0.2,1114,1
4,0.2,1115,-1
4,0.2,1116,1
4,0.2,1117,1
4,0.2,1118,1
4,0.2,1119,1
4,0.2,1120,1
4,0.2,1121,1
4,0.2,1122,1
4,0.2,1123,1
4,0.2,1124,1
4,0.2,1125,1
4,0.2,1126,1
4,0.2,1127,1
4,0.2,1128,1
4,0.2,1129,1
4,0.2,1130,1
4,0.2,1131,-1
4,0.2,1132,1
4,0.2,1133,-1
4,0.2,1134,1
4,0.2,1135,-1
4,0.2,1136,1
4,0.2,1137,1
4,0.2,1138,1
4,0.2,1139,1
4,0.2,1140,1
4,0.2,1141,1
4,0.2,1142,1
4,0.2,1143,1
4,0.2,1144,1
4,0.2,1145,1
4,0.2,1146,1
4,0.2,1147,1
4,0.2,1148,1
4,0.2,1149,1
4,0.2,1150,1
4,0.2,1151,1
4,0.2,1152,1
4,0.2,1153,1
4,0.2,1154,1
4,0.2,1155,1
4,0.2,1156,1
4,0.2,1157,-1
4,0.2,1158,1
4,0.2,1159,1
4,0.2,1160,1
4,0.2,1161,1
4,0.2,1162,1
4,0.2,1163,1
4,0.2,1164,-1
4,0.2,1165,1
4,0.2,1166,1
4,0.2,1167,1
4,0.2,1168,1
4,0.2,1169,-1
4,0.2,1170,1
4,0.2,1171,1
4,0.2,1172,1
4,0.2,1173,1
4,0.2,1174,1
4,0.2,1175,1
4,0.2,1176,-1
4,0.2,1177,1
4,0.2,1178,1
4,0.2,1179,1
4,0.2,1180,1
4,0.2,1181,1
4,0.2,1182,1
4,0.2,1183,1
4,0.2,1184,1
4,0.2,1185,1
4,0.2,1186,1
4,0.2,1187,1
4,0.2,1188,1
4,0.2,1189,1
4,0.2,1190,1
4,0.2,1191,1
4,0.2,1192,1
4,0.2,1193,1
4,0.2,1194,1
4,0.2,1195,1
4,0.2,1196,-1
4,0.2,1197,1
4,0.2,1198,1
4,0.2,1199,1
4,0.2,1200,1
4,0.2,1201,1
4,0.2,1202,1
4,0.2,1203,1
4,0.2,1204,1
4,0.2,1205,1
4,0.2,1206,1
4,0.2,1207,1
4,0.2,1208,1
4,0.2,1209,1
4,0.2,1210,1
4,0.2,1211,1
4,0.2,1212,-1
4,0.2,1213,-1
4,0.2,1214,-1
4,0.2,1215,1
4,0.2,1216,1
4,0.2,1217,1
4,0.2,1218,1
4,0.2,1219,1
4,0.2,1220,1
4,0.2,1221,1
4,0.2,1222,1
4,0.2,1223,1
4,0.2,1224,1
4,0.2,1225,-1
4,0.2,1226,1
4,0.2,1227,1
4,0.2,1228,1
4,0.2,1229,1
4,0.2,1230,1
4,0.2,1231,-1
4,0.2,1232,1
4,0.2,1233,1
4,0.2,1234,1
4,0.2,1235,1
4,0.2,1236,-1
4,0.2,1237,1
4,0.2,1238,1
4,0.2,1239,1
4,0.2,1240,1
4,0.2,1241,1
4,0.2,1242,1
4,0.2,1243,-1
4,0.2,1244,-1
4,0.2,1245,1
4,0.2,1246,1
4,0.2,1247,1
4,0.2,1248,1
4,0.2,1249,1
4,0.2,1250,1
4,0.2,1251,1
4,0.2,1252,1
4,0.2,1253,-1
4,0.2,1254,1
4,0.2,1255,1
4,0.2,1256,1
4,0.2,1257,1
4,0.2,1258,1
4,0.2,1259,1
4,0.2,1260,1
4,0.2,1261,1
4,0.2,1262,-1
4,0.2,1263,1
4,0.2,1264,1
4,0.2,1265,1
4,0.2,1266,1
4,0.2,1267,1
4,0.2,1268,1
4,0.2,1269,1
4,0.2,1270,1
4,0.2,1271,1
4,0.2,1272,1
4,0.2,1273,1
4,0.2,1274,-1
4,0.2,1275,1
4,0.2,1276,1
4,0.2,1277,1
4,0.2,1278,1
4,0.2,1279,1
4,0.2,1280,1
4,0.2,1281,1
4,0.2,1282,1
4,0.2,1283,-1
4,0.2,1284,1
4,0.2,1285,-1
4,0.2,1286,-1
4,0.2,1287,1
4,0.2,1288,1
4,0.2,1289,-1
4,0.2,1290,1
4,0.2,1291,1
4,0.2,1292,1
4,0.2,1293,1
4,0.2,1294,1
4,0.2,1295,1
4,0.2,1296,1
4,0.2,1297,1
4,0.2,1298,1
4,0.2,1299,1
4,0.2,1300,1
4,0.2,1301,1
4,0.2,1302,1
4,0.2,1303,1
4,0.2,1304,1
4,0.2,1305,1
4,0.2,1306,1
4,0.2,1307,-1
4,0.2,1308,1
4,0.2,1309,1
4,0.2,1310,1
4,0.2,1311,1
4,0.2,1312,1
4,0.2,1313,1
4,0.2,1314,1
4,0.2,1315,1
4,0.2,1316,-1
4,0.2,1317,1
4,0.2,1318,1
4,0.2,1319,-1
4,0.2,1320,1
4,0.2,1321,1
4,0.2,1322,1
4,0.2,1323,1
4,0.2,1324,1
4,0.2,1325,1
4,0.2,1326,-1
4,0.2,1327,1
4,0.2,1328,1
4,0.2,1329,1
4,0.2,1330,1
4,0.2,1331,1
4,0.2,1332,1
4,0.2,1333,1
4,0.2,1334,1
4,0.2,1335,-1
4,0.2,1336,1
4,0.2,1337,1
4,0.2,1338,1
4,0.2,1339,1
4,0.2,1340,-1
4,0.2,1341,1
4,0.2,1342,-1
4,0.2,1343,1
4,0.2,1344,1
4,0.2,1345,-1
4,0.2,1346,1
4,0.2,1347,1
4,0.2,1348,1
4,0.2,1349,1
4,0.2,1350,1
4,0.2,1351,1
4,0.2,1352,1
4,0.2,1353,1
4,0.2,1354,1
4,0.2,1355,1
4,0.2,1356,1
4,0.2,1357,1
4,0.2,1358,1
4,0.2,1359,1
4,0.2,1360,1
4,0.2,1361,-1
4,0.2,1362,1
4,0.2,1363,1
4,0.2,1364,1
4,0.2,1365,1
4,0.2,1366,1
4,0.2,1367,1
4,0.2,1368,1
4,0.2,1369,1
4,0.2,1370,1
4,0.2,1371,1
4,0.2,1372,1
4,0.2,1373,1
4,0.2,1374,-1
4,0.2,1375,-1
4,0.2,1376,1
4,0.2,1377,1
4,0.2,1378,-1
4,0.2,1379,-1
4,0.2,1380,1
4,0.2,1381,1
4,0.2,1382,1
4,0.2,1383,1
4,0.2,1384,-1
4,0.2,1385,1
4,0.2,1386,1
4,0.2,1387,1
4,0.2,1388,1
4,0.2,1389,1
4,0.2,1390,1
4,0.2,1391,1
4,0.2,1392,-1
4,0.2,1393,1
4,0.2,1394,1
4,0.2,1395,1
4,0.2,1396,1
4,0.2,1397,1
4,0.2,1398,1
4,0.2,1399,1
4,0.2,1400,1
4,0.2,1401,1
4,0.2,1402,1
4,0.2,1403,1
4,0.2,1404,1
4,0.2,1405,1
4,0.2,1406,-1
4,0.2,1407,1
4,0.2,1408,1
4,0.2,1409,1
4,0.2,1410,1
4,0.2,1411,1
4,0.2,1412,1
4,0.2,1413,1
4,0.2,1414,1
4,0.2,1415,1
4,0.2,1416,1
4,0.2,1417,1
4,0.2,1418,1
4,0.2,1419,1
4,0.2,1420,1
4,0.2,1421,-1
4,0.2,1422,1
4,0.2,1423,1
4,0.2,1424,-1
4,0.2,1425,1
4,0.2,1426,1
4,0.2,1427,1
4,0.2,1428,1
4,0.2,1429,1
4,0.2,1430,1
4,0.2,1431,-1
4,0.2,1432,-1
4,0.2,1433,1
4,0.2,1434,1
4,0.2,1435,1
4,0.2,1436,1
4,0.2,1437,1
4,0.2,1438,-1
4,0.2,1439,1
4,0.2,1440,-1
4,0.2,1441,1
4,0.2,1442,1
4,0.2,1443,1
4,0.2,1444,1
4,0.2,1445,1
4,0.2,1446,-1
4,0.2,1447,-1
4,0.2,1448,1
4,0.2,1449,1
4,0.2,1450,1
4,0.2,1451,1
4,0.2,1452,1
4,0.2,1453,-1
4,0.2,1454,1
4,0.2,1455,1
4,0.2,1456,1
4,0.2,1457,1
4,0.2,1458,1
4,0.2,1459,1
4,0.2,1460,-1
4,0.2,1461,1
4,0.2,1462,1
4,0.2,1463,1
4,0.2,1464,1
4,0.2,1465,-1
4,0.2,1466,1
4,0.2,1467,1
4,0.2,1468,1
4,0.2,1469,1
4,0.2,1470,1
4,0.2,1471,1
4,0.2,1472,1
4,0.2,1473,1
4,0.2,1474,1
4,0.2,1475,1
4,0.2,1476,1
4,0.2,1477,-1
4,0.2,1478,1
4,0.2,1479,-1
4,0.2,1480,1
4,0.2,1481,1
4,0.2,1482,1
4,0.2,1483,1
4,0.2,1484,1
4,0.2,1485,-1
4,0.2,1486,-1
4,0.2,1487,1
4,0.2,1488,1
4,0.2,1489,1
4,0.2,1490,1
4,0.2,1491,1
4,0.2,1492,1
4,0.2,1493,1
4,0.2,1494,-1
4,0.2,1495,1
4,0.2,1496,1
4,0.2,1497,1
4,0.2,1498,1
4,0.2,1499,1
4,0.2,1500,1
4,0.2,1501,1
4,0.2,1502,1
4,0.2,1503,1
4,0.2,1504,1
4,0.2,1505,1
4,0.2,1506,1
4,0.2,1507,1
4,0.2,1508,1
4,0.2,1509,1
4,0.2,1510,-1
4,0.2,1511,1
4,0.2,1512,1
4,0.2,1513,-1
4,0.2,1514,1
4,0.2,1515,1
4,0.2,1516,1
4,0.2,1517,1
4,0.2,1518,1
4,0.2,1519,1
4,0.2,1520,1
4,0.2,1521,-1
4,0.2,1522,1
4,0.2,1523,1
4,0.2,1524,1
4,0.2,1525,-1
4,0.2,1526,1
4,0.2,1527,1
4,0.2,1528,1
4,0.2,1529,1
4,0.2,1530,-1
4,0.2,1531,-1
4,0.2,1532,-1
4,0.2,1533,1
4,0.2,1534,1
4,0.2,1535,1
4,0.2,1536,-1
4,0.2,1537,1
4,0.2,1538,1
4,0.2,1539,1
4,0.2,1540,1
4,0.2,1541,1
4,0.2,1542,1
4,0.2,1543,1
4,0.2,1544,1
4,0.2,1545,1
4,0.2,1546,1
4,0.2,1547,1
4,0.2,1548,1
4,0.2,1549,1
4,0.2,1550,1
4,0.2,1551,-1
4,0.2,1552,1
4,0.2,1553,1
4,0.2,1554,1
4,0.2,1555,1
4,0.2,1556,1
4,0.2,1557,1
4,0.2,1558,1
4,0.2,1559,-1
4,0.2,1560,1
4,0.2,1561,1
4,0.2,1562,-1
4,0.2,1563,1
4,0.2,1564,1
4,0.2,1565,1
4,0.2,1566,1
4,0.2,1567,1
4,0.2,1568,-1
4,0.2,1569,1
4,0.2,1570,1
4,0.2,1571,1
4,0.2,1572,1
4,0.2,1573,1
4,0.2,1574,1
4,0.2,1575,1
4,0.2,1576,1
4,0.2,1577,1
4,0.2,1578,-1
4,0.2,1579,1
4,0.2,1580,1
4,0.2,1581,1
4,0.2,1582,1
4,0.2,1583,1
4,0.2,1584,1
4,0.2,1585,-1
4,0.2,1586,1
4,0.2,1587,1
4,0.2,1588,1
4,0.2,1589,1
4,0.2,1590,-1
4,0.2,1591,1
4,0.2,1592,1
4,0.2,1593,-1
4,0.2,1594,1
4,0.2,1595,-1
4,0.2,1596,1
4,0.2,1597,1
4,0.2,1598,1
4,0.2,1599,-1
4,0.2,1600,1
4,0.2,1601,1
4,0.2,1602,1
4,0.2,1603,1
4,0.2,1604,1
4,0.2,1605,-1
4,0.2,1606,1
4,0.2,1607,1
4,0.2,1608,1
4,0.2,1609,1
4,0.2,1610,1
4,0.2,1611,1
4,0.2,1612,1
4,0.2,1613,1
4,0.2,1614,1
4,0.2,1615,1
4,0.2,1616,1
4,0.2,1617,1
4,0.2,1618,1
4,0.2,1619,1
4,0.2,1620,1
4,0.2,1621,1
4,0.2,1622,1
4,0.2,1623,-1
4,0.2,1624,1
4,0.2,1625,1
4,0.2,1626,1
4,0.2,1627,1
4,0.2,1628,1
4,0.2,1629,1
4,0.2,1630,1
4,0.2,1631,1
4,0.2,1632,1
4,0.2,1633,1
4,0.2,1634,1
4,0.2,1635,1
4,0.2,1636,-1
4,0.2,1637,1
4,0.2,1638,-1
4,0.2,1639,1
4,0.2,1640,1
4,0.2,1641,-1
4,0.2,1642,1
4,0.2,1643,1
4,0.2,1644,1
4,0.2,1645,1
4,0.2,1646,1
4,0.2,1647,1
4,0.2,1648,1
4,0.2,1649,1
4,0.2,1650,1
4,0.2,1651,1
4,0.2,1652,1
4,0.2,1653,1
4,0.2,1654,1
4,0.2,1655,1
4,0.2,1656,1
4,0.2,1657,1
4,0.2,1658,1
4,0.2,1659,1
4,0.2,1660,1
4,0.2,1661,1
4,0.2,1662,1
4,0.2,1663,1
4,0.2,1664,1
4,0.2,1665,1
4,0.2,1666,1
4,0.2,1667,-1
4,0.2,1668,1
4,0.2,1669,1
4,0.2,1670,1
4,0.2,1671,1
4,0.2,1672,1
4,0.2,1673,-1
4,0.2,1674,1
4,0.2,1675,1
4,0.2,1676,1
4,0.2,1677,1
4,0.2,1678,-1
4,0.2,1679,1
4,0.2,1680,1
4,0.2,1681,1
4,0.2,1682,1
4,0.2,1683,1
4,0.2,1684,1
4,0.2,1685,-1
4,0.2,1686,1
4,0.2,1687,1
4,0.2,1688,-1
4,0.2,1689,1
4,0.2,1690,1
4,0.2,1691,1
4,0.2,1692,1
4,0.2,1693,1
4,0.2,1694,1
4,0.2,1695,1
4,0.2,1696,1
4,0.2,1697,1
4,0.2,1698,1
4,0.2,1699,1
4,0.2,1700,-1
4,0.2,1701,1
4,0.2,1702,1
4,0.2,1703,1
4,0.2,1704,-1
4,0.2,1705,1
4,0.2,1706,1
4,0.2,1707,1
4,0.2,1708,1
4,0.2,1709,1
4,0.2,1710,1
4,0.2,1711,1
4,0.2,1712,1
4,0.2,1713,1
4,0.2,1714,-1
4,0.2,1715,1
4,0.2,1716,-1
4,0.2,1717,1
4,0.2,1718,1
4,0.2,1719,1
4,0.2,1720,1
4,0.2,1721,-1
4,0.2,1722,1
4,0.2,1723,1
4,0.2,1724,1
4,0.2,1725,1
4,0.2,1726,1
4,0.2,1727,1
4,0.2,1728,1
4,0.2,1729,1
4,0.2,1730,1
4,0.2,1731,1
4,0.2,1732,1
4,0.2,1733,-1
4,0.2,1734,1
4,0.2,1735,1
4,0.2,1736,1
4,0.2,1737,1
4,0.2,1738,-1
4,0.2,1739,1
4,0.2,1740,1
4,0.2,1741,1
4,0.2,1742,1
4,0.2,1743,1
4,0.2,1744,1
4,0.2,1745,1
4,0.2,1746,1
4,0.2,1747,1
4,0.2,1748,1
4,0.2,1749,1
4,0.2,1750,1
4,0.2,1751,1
4,0.2,1752,1
4,0.2,1753,1
4,0.2,1754,1
4,0.2,1755,1
4,0.2,1756,1
4,0.2,1757,-1
4,0.2,1758,1
4,0.2,1759,1
4,0.2,1760,1
4,0.2,1761,-1
4,0.2,1762,1
4,0.2,1763,1
4,0.2,1764,1
4,0.2,1765,1
4,0.2,1766,1
4,0.2,1767,1
4,0.2,1768,-1
4,0.2,1769,-1
4,0.2,1770,1
4,0.2,1771,1
4,0.2,1772,1
4,0.2,1773,1
4,0.2,1774,1
4,0.2,1775,-1
4,0.2,1776,1
4,0.2,1777,1
4,0.2,1778,1
4,0.2,1779,1
4,0.2,1780,1
4,0.2,1781,1
4,0.2,1782,1
4,0.2,1783,1
4,0.2,1784,1
4,0.2,1785,1
4,0.2,1786,1
4,0.2,1787,1
4,0.2,1788,1
4,0.2,1789,1
4,0.2,1790,-1
4,0.2,1791,1
4,0.2,1792,1
4,0.2,1793,1
4,0.2,1794,1
4,0.2,1795,1
4,0.2,1796,1
4,0.2,1797,1
4,0.2,1798,1
4,0.2,1799,-1
4,0.2,1800,1
4,0.2,1801,-1
4,0.2,1802,1
4,0.2,1803,1
4,0.2,1804,-1
4,0.2,1805,1
4,0.2,1806,1
4,0.2,1807,1
4,0.2,1808,1
4,0.2,1809,1
4,0.2,1810,1
4,0.2,1811,-1
4,0.2,1812,1
4,0.2,1813,1
4,0.2,1814,1
4,0.2,1815,1
4,0.2,1816,1
4,0.2,1817,1
4,0.2,1818,1
4,0.2,1819,1
4,0.2,1820,1
4,0.2,1821,1
4,0.2,1822,-1
4,0.2,1823,-1
4,0.2,1824,1
4,0.2,1825,1
4,0.2,1826,1
4,0.2,1827,1
4,0.2,1828,1
4,0.2,1829,1
4,0.2,1830,1
4,0.2,1831,1
4,0.2,1832,1
4,0.2,1833,1
4,0.2,1834,-1
4,0.2,1835,1
4,0.2,1836,1
4,0.2,1837,1
4,0.2,1838,1
4,0.2,1839,1
4,0.2,1840,1
4,0.2,1841,1
4,0.2,1842,1
4,0.2,1843,1
4,0.2,1844,1
4,0.2,1845,1
4,0.2,1846,1
4,0.2,1847,1
4,0.2,1848,1
4,0.2,1849,1
4,0.2,1850,1
4,0.2,1851,1
4,0.2,1852,-1
4,0.2,1853,1
4,0.2,1854,-1
4,0.2,1855,1
4,0.2,1856,1
4,0.2,1857,1
4,0.2,1858,-1
4,0.2,1859,1
4,0.2,1860,1
4,0.2,1861,-1
4,0.2,1862,1
4,0.2,1863,1
4,0.2,1864,1
4,0.2,1865,1
4,0.2,1866,-1
4,0.2,1867,1
4,0.2,1868,1
4,0.2,1869,1
4,0.2,1870,1
4,0.2,1871,1
4,0.2,1872,1
4,0.2,1873,1
4,0.2,1874,1
4,0.2,1875,1
4,0.2,1876,1
4,0.2,1877,1
4,0.2,1878,-1
4,0.2,1879,1
4,0.2,1880,1
4,0.2,1881,1
4,0.2,1882,1
4,0.2,1883,1
4,0.2,1884,1
4,0.2,1885,1
4,0.2,1886,1
4,0.2,1887,-1
4,0.2,1888,1
4,0.2,1889,1
4,0.2,1890,1
4,0.2,1891,1
4,0.2,1892,-1
4,0.2,1893,1
4,0.2,1894,1
4,0.2,1895,-1
4,0.2,1896,1
4,0.2,1897,-1
4,0.2,1898,-1
4,0.2,1899,-1
4,0.2,1900,1
4,0.2,1901,1
4,0.2,1902,1
4,0.2,1903,1
4,0.2,1904,1
4,0.2,1905,1
4,0.2,1906,1
4,0.2,1907,1
4,0.2,1908,1
4,0.2,1909,1
4,0.2,1910,1
4,0.2,1911,1
4,0.2,1912,1
4,0.2,1913,1
4,0.2,1914,1
4,0.2,1915,1
4,0.2,1916,1
4,0.2,1917,-1
4,0.2,1918,1
4,0.2,1919,1
4,0.2,1920,1
4,0.2,1921,1
4,0.2,1922,1
4,0.2,1923,-1
4,0.2,1924,1
4,0.2,1925,-1
4,0.2,1926,-1
4,0.2,1927,1
4,0.2,1928,1
4,0.2,1929,-1
4,0.2,1930,1
4,0.2,1931,1
4,0.2,1932,1
4,0.2,1933,1
4,0.2,1934,1
4,0.2,1935,-1
4,0.2,1936,1
4,0.2,1937,1
4,0.2,1938,1
4,0.2,1939,1
4,0.2,1940,1
4,0.2,1941,1
4,0.2,1942,1
4,0.2,1943,1
4,0.2,1944,1
4,0.2,1945,1
4,0.2,1946,-1
4,0.2,1947,1
4,0.2,1948,-1
4,0.2,1949,1
4,0.2,1950,1
4,0.2,1951,1
4,0.2,1952,1
4,0.2,1953,1
4,0.2,1954,1
4,0.2,1955,1
4,0.2,1956,1
4,0.2,1957,1
4,0.2,1958,1
4,0.2,1959,1
4,0.2,1960,-1
4,0.2,1961,1
4,0.2,1962,1
4,0.2,1963,1
4,0.2,1964,1
4,0.2,1965,1
4,0.2,1966,-1
4,0.2,1967,1
4,0.2,1968,1
4,0.2,1969,1
4,0.2,1970,1
4,0.2,1971,1
4,0.2,1972,1
4,0.2,1973,1
4,0.2,1974,1
4,0.2,1975,1
4,0.2,1976,-1
4,0.2,1977,1
4,0.2,1978,1
4,0.2,1979,1
4,0.2,1980,1
4,0.2,1981,1
4,0.2,1982,1
4,0.2,1983,1
4,0.2,1984,1
4,0.2,1985,1
4,0.2,1986,1
4,0.2,1987,1
4,0.2,1988,1
4,0.2,1989,1
4,0.2,1990,1
4,0.2,1991,1
4,0.2,1992,1
4,0.2,1993,1
4,0.2,1994,1
4,0.2,1995,1
4,0.2,1996,1
4,0.2,1997,1
4,0.2,1998,1
4,0.2,1999,1
4,0.2,2000,1
4,0.2,2001,-1
4,0.2,2002,1
4,0.2,2003,1
4,0.2,2004,1
4,0.2,2005,1
4,0.2,2006,1
4,0.2,2007,1
4,0.2,2008,1
4,0.2,2009,1
4,0.2,2010,1
4,0.2,2011,1
4,0.2,2012,1
4,0.2,2013,1
4,0.2,2014,1
4,0.2,2015,1
4,0.2,2016,1
4,0.2,2017,1
4,0.2,2018,1
4,0.2,2019,1
4,0.2,2020,1
4,0.2,2021,1
4,0.2,2022,1
4,0.2,2023,1
4,0.2,2024,1
4,0.2,2025,-1
4,0.2,2026,1
4,0.2,2027,1
4,0.2,2028,1
4,0.2,2029,1
4,0.2,2030,1
4,0.2,2031,1
4,0.2,2032,1
4,0.2,2033,1
4,0.2,2034,1
4,0.2,2035,1
4,0.2,2036,1
4,0.2,2037,1
4,0.2,2038,-1
4,0.2,2039,-1
4,0.2,2040,1
4,0.2,2041,1
4,0.2,2042,1
4,0.2,2043,1
4,0.2,2044,1
4,0.2,2045,1
4,0.2,2046,-1
4,0.2,2047,-1
4,0.2,2048,1
4,0.2,2049,1
4,0.2,2050,1
4,0.2,2051,1
4,0.2,2052,1
4,0.2,2053,1
4,0.2,2054,1
4,0.2,2055,1
4,0.2,2056,1
4,0.2,2057,1
4,0.2,2058,1
4,0.2,2059,1
4,0.2,2060,1
4,0.2,2061,1
4,0.2,2062,-1
4,0.2,2063,1
4,0.2,2064,1
4,0.2,2065,1
4,0.2,2066,1
4,0.2,2067,1
4,0.2,2068,1
4,0.2,2069,1
4,0.2,2070,1
4,0.2,2071,1
4,0.2,2072,1
4,0.2,2073,1
4,0.2,2074,1
4,0.2,2075,1
4,0.2,2076,1
4,0.2,2077,1
4,0.2,2078,1
4,0.2,2079,1
4,0.2,2080,1
4,0.2,2081,-1
4,0.2,2082,1
4,0.2,2083,1
4,0.2,2084,-1
4,0.2,2085,1
4,0.2,2086,1
4,0.2,2087,1
4,0.2,2088,1
4,0.2,2089,1
4,0.2,2090,1
4,0.2,2091,1
4,0.2,2092,1
4,0.2,2093,-1
4,0.2,2094,1
4,0.2,2095,1
4,0.2,2096,1
4,0.2,2097,1
4,0.2,2098,1
4,0.2,2099,1
4,0.2,2100,1
4,0.2,2101,1
4,0.2,2102,1
4,0.2,2103,1
4,0.2,2104,1
4,0.2,2105,-1
4,0.2,2106,-1
4,0.2,2107,-1
4,0.2,2108,1
4,0.2,2109,-1
4,0.2,2110,-1
4,0.2,2111,1
4,0.2,2112,1
4,0.2,2113,1
4,0.2,2114,-1
4,0.2,2115,1
4,0.2,2116,1
4,0.2,2117,1
4,0.2,2118,1
4,0.2,2119,-1
4,0.2,2120,1
4,0.2,2121,-1
4,0.2,2122,1
4,0.2,2123,1
4,0.2,2124,1
4,0.2,2125,1
4,0.2,2126,1
4,0.2,2127,1
4,0.2,2128,1
4,0.2,2129,1
4,0.2,2130,1
4,0.2,2131,1
4,0.2,2132,1
4,0.2,2133,1
4,0.2,2134,1
4,0.2,2135,1
4,0.2,2136,1
4,0.2,2137,1
4,0.2,2138,1
4,0.2,2139,1
4,0.2,2140,1
4,0.2,2141,1
4,0.2,2142,-1
4,0.2,2143,1
4,0.2,2144,1
4,0.2,2145,1
4,0.2,2146,1
4,0.2,2147,1
4,0.2,2148,-1
4,0.2,2149,1
4,0.2,2150,-1
4,0.2,2151,-1
4,0.2,2152,-1
4,0.2,2153,-1
4,0.2,2154,1
4,0.2,2155,1
4,0.2,2156,1
4,0.2,2157,1
4,0.2,2158,1
4,0.2,2159,1
4,0.2,2160,1
4,0.2,2161,1
4,0.2,2162,1
4,0.2,2163,1
4,0.2,2164,1
4,0.2,2165,-1
4,0.2,2166,1
4,0.2,2167,1
4,0.2,2168,1
4,0.2,2169,1
4,0.2,2170,1
4,0.2,2171,1
4,0.2,2172,1
4,0.2,2173,1
4,0.2,2174,-1
4,0.2,2175,1
4,0.2,2176,1
4,0.2,2177,-1
4,0.2,2178,1
4,0.2,2179,-1
4,0.2,2180,1
4,0.2,2181,1
4,0.2,2182,1
4,0.2,2183,1
4,0.2,2184,1
4,0.2,2185,-1
4,0.2,2186,1
4,0.2,2187,1
4,0.2,2188,1
4,0.2,2189,1
4,0.2,2190,1
4,0.2,2191,1
4,0.2,2192,-1
4,0.2,2193,-1
4,0.2,2194,1
4,0.2,2195,1
4,0.2,2196,1
4,0.2,2197,-1
4,0.2,2198,1
4,0.2,2199,-1
4,0.2,2200,1
4,0.2,2201,1
4,0.2,2202,-1
4,0.2,2203,1
4,0.2,2204,1
4,0.2,2205,1
4,0.2,2206,1
4,0.2,2207,-1
4,0.2,2208,1
4,0.2,2209,-1
4,0.2,2210,1
4,0.2,2211,1
4,0.2,2212,1
4,0.2,2213,1
4,0.2,2214,1
4,0.2,2215,1
4,0.2,2216,1
4,0.2,2217,1
4,0.2,2218,1
4,0.2,2219,-1
4,0.2,2220,1
4,0.2,2221,1
4,0.2,2222,1
4,0.2,2223,1
4,0.2,2224,-1
4,0.2,2225,1
4,0.2,2226,1
4,0.2,2227,-1
4,0.2,2228,-1
4,0.2,2229,1
4,0.2,2230,1
4,0.2,2231,1
4,0.2,2232,1
4,0.2,2233,1
4,0.2,2234,1
4,0.2,2235,1
4,0.2,2236,1
4,0.2,2237,1
4,0.2,2238,1
4,0.2,2239,-1
4,0.2,2240,1
4,0.2,2241,1
4,0.2,2242,1
4,0.2,2243,1
4,0.2,2244,-1
4,0.2,2245,1
4,0.2,2246,1
4,0.2,2247,-1
4,0.2,2248,1
4,0.2,2249,1
4,0.2,2250,1
4,0.2,2251,1
4,0.2,2252,1
4,0.2,2253,-1
4,0.2,2254,1
4,0.2,2255,1
4,0.2,2256,-1
4,0.2,2257,1
4,0.2,2258,1
4,0.2,2259,1
4,0.2,2260,1
4,0.2,2261,1
4,0.2,2262,1
4,0.2,2263,1
4,0.2,2264,1
4,0.2,2265,1
4,0.2,2266,1
4,0.2,2267,1
4,0.2,2268,-1
4,0.2,2269,-1
4,0.2,2270,1
4,0.2,2271,1
4,0.2,2272,1
4,0.2,2273,1
4,0.2,2274,1
4,0.2,2275,-1
4,0.2,2276,-1
4,0.2,2277,1
4,0.2,2278,1
4,0.2,2279,-1
4,0.2,2280,-1
4,0.2,2281,1
4,0.2,2282,1
4,0.2,2283,1
4,0.2,2284,1
4,0.2,2285,1
4,0.2,2286,1
4,0.2,2287,1
4,0.2,2288,1
4,0.2,2289,1
4,0.2,2290,1
4,0.2,2291,1
4,0.2,2292,1
4,0.2,2293,1
4,0.2,2294,-1
4,0.2,2295,1
4,0.2,2296,1
4,0.2,2297,1
4,0.2,2298,1
4,0.2,2299,1
4,0.2,2300,1
4,0.2,2301,1
4,0.2,2302,1
4,0.2,2303,1
4,0.2,2304,1
4,0.2,2305,1
4,0.2,2306,-1
4,0.2,2307,1
4,0.2,2308,-1
4,0.2,2309,1
4,0.2,2310,1
4,0.2,2311,1
4,0.2,2312,1
4,0.2,2313,1
4,0.2,2314,1
4,0.2,2315,1
4,0.2,2316,-1
4,0.2,2317,1
4,0.2,2318,1
4,0.2,2319,1
4,0.2,2320,1
4,0.2,2321,1
4,0.2,2322,1
4,0.2,2323,1
4,0.2,2324,1
4,0.2,2325,1
4,0.2,2326,1
4,0.2,2327,1
4,0.2,2328,1
4,0.2,2329,1
4,0.2,2330,-1
4,0.2,2331,1
4,0.2,2332,-1
4,0.2,2333,1
4,0.2,2334,1
4,0.2,2335,1
4,0.2,2336,1
4,0.2,2337,1
4,0.2,2338,1
4,0.2,2339,1
4,0.2,2340,1
4,0.2,2341,1
4,0.2,2342,1
4,0.2,2343,-1
4,0.2,2344,1
4,0.2,2345,1
4,0.2,2346,1
4,0.2,2347,1
4,0.2,2348,1
4,0.2,2349,1
4,0.2,2350,1
4,0.2,2351,1
4,0.2,2352,-1
4,0.2,2353,1
4,0.2,2354,1
4,0.2,2355,1
4,0.2,2356,1
4,0.2,2357,1
4,0.2,2358,1
4,0.2,2359,1
4,0.2,2360,1
4,0.2,2361,1
4,0.2,2362,-1
4,0.2,2363,1
4,0.2,2364,1
4,0.2,2365,1
4,0.2,2366,1
4,0.2,2367,1
4,0.2,2368,1
4,0.2,2369,1
4,0.2,2370,1
4,0.2,2371,-1
4,0.2,2372,1
4,0.2,2373,1
4,0.2,2374,1
4,0.2,2375,-1
4,0.2,2376,1
4,0.2,2377,1
4,0.2,2378,1
4,0.2,2379,1
4,0.2,2380,1
4,0.2,2381,1
4,0.2,2382,1
4,0.2,2383,1
4,0.2,2384,1
4,0.2,2385,1
4,0.2,2386,1
4,0.2,2387,1
4,0.2,2388,-1
4,0.2,2389,1
4,0.2,2390,1
4,0.2,2391,1
4,0.2,2392,1
4,0.2,2393,-1
4,0.2,2394,1
4,0.2,2395,1
4,0.2,2396,1
4,0.2,2397,1
4,0.2,2398,1
4,0.2,2399,-1
4,0.2,2400,1
4,0.2,2401,1
4,0.2,2402,1
4,0.2,2403,1
4,0.2,2404,1
4,0.2,2405,1
4,0.2,2406,1
4,0.2,2407,1
4,0.2,2408,1
4,0.2,2409,1
4,0.2,2410,1
4,0.2,2411,1
4,0.2,2412,1
4,0.2,2413,1
4,0.2,2414,1
4,0.2,2415,1
4,0.2,2416,1
4,0.2,2417,1
4,0.2,2418,1
4,0.2,2419,1
4,0.2,2420,1
4,0.2,2421,1
4,0.2,2422,1
4,0.2,2423,-1
4,0.2,2424,1
4,0.2,2425,1
4,0.2,2426,-1
4,0.2,2427,-1
4,0.2,2428,1
4,0.2,2429,1
4,0.2,2430,1
4,0.2,2431,1
4,0.2,2432,1
4,0.2,2433,1
4,0.2,2434,1
4,0.2,2435,1
4,0.2,2436,-1
4,0.2,2437,1
4,0.2,2438,1
4,0.2,2439,1
4,0.2,2440,1
4,0.2,2441,1
4,0.2,2442,1
4,0.2,2443,1
4,0.2,2444,1
4,0.2,2445,1
4,0.2,2446,-1
4,0.2,2447,1
4,0.2,2448,1
4,0.2,2449,1
4,0.2,2450,1
4,0.2,2451,1
4,0.2,2452,1
4,0.2,2453,1
4,0.2,2454,1
4,0.2,2455,1
4,0.2,2456,-1
4,0.2,2457,1
4,0.2,2458,1
4,0.2,2459,1
4,0.2,2460,1
4,0.2,2461,-1
4,0.2,2462,1
4,0.2,2463,-1
4,0.2,2464,1
4,0.2,2465,1
4,0.2,2466,1
4,0.2,2467,1
4,0.2,2468,1
4,0.2,2469,1
4,0.2,2470,1
4,0.2,2471,1
4,0.2,2472,1
4,0.2,2473,1
4,0.2,2474,-1
4,0.2,2475,1
4,0.2,2476,1
4,0.2,2477,1
4,0.2,2478,1
4,0.2,2479,1
4,0.2,2480,1
4,0.2,2481,-1
4,0.2,2482,1
4,0.2,2483,1
4,0.2,2484,1
4,0.2,2485,1
4,0.2,2486,1
4,0.2,2487,1
4,0.2,2488,1
4,0.2,2489,1
4,0.2,2490,-1
4,0.2,2491,1
4,0.2,2492,1
4,0.2,2493,1
4,0.2,2494,-1
4,0.2,2495,1
4,0.2,2496,1
4,0.2,2497,-1
4,0.2,2498,-1
4,0.2,2499,1
4,0.2,2500,1
