video_id,theme,video_title
dmICm1bLq2o,Central banking and monetary transmission,The Fed Is Fighting the Treasury Again. Last Time Inflation Hit 21%.
OtGKYCt1JTE,Central banking and monetary transmission,How the Fed Will Pull Off the Impossible
IQ--1laVPFE,Central banking and monetary transmission,The Fed is About to Do QE Without Calling it QE
DnrHytaj8JU,Central banking and monetary transmission,Warsh's Fed Unlike Anything We've Seen
Pnc53kcOhLk,Central banking and monetary transmission,A New Era - Kevin Warsh Fed Chair
syXsq1Wc0LE,Central banking and monetary transmission,The Iran War has the Fed Trapped
hq82ylM0U3w,Central banking and monetary transmission,The New Fed Chair’s Plan to Reduce the National Debt
96dDB3bgvJE,Central banking and monetary transmission,Kevin Warsh New Fed Chair will Change EVERYTHING
QjBfdn1LHYM,Central banking and monetary transmission,A Recession (and bear market) Happens EVERY TIME the Fed Does This
1e7tOCb2EEg,Central banking and monetary transmission,"Fed ""Independence"" is Under Attack"
4dPqbzvlP5k,Central banking and monetary transmission,The Fed Only Lasted 12 Days Before Restarting QE
58vA8WGCYEE,Central banking and monetary transmission,The Real Reason the Fed Just Ended QT
TfQ2gLDxF2c,Central banking and monetary transmission,The Fed Just Revealed Their Next Move
khD-YF81hmg,Central banking and monetary transmission,The Fed is Sacrificing the Housing Market to Bail Out the Government
NJ1yvpHFq20,Central banking and monetary transmission,It’s Not the Fed Who Actually Controls Interest Rates
SDzVzd6JVdg,Central banking and monetary transmission,The Fed Just Announced When QT Will End
15W-VSiEo7o,Central banking and monetary transmission,The Rationale for Rate Cuts
GBfD94nsjZg,Central banking and monetary transmission,"Rate Cuts are a Distraction, Watch This Instead"
Zo1I8fdGOgw,Central banking and monetary transmission,Did the Fed Just Abandon its 2% Inflation Target?
f-4mgodYiNg,Central banking and monetary transmission,The Real Reason Trump is Replacing Everyone at the Fed
0VJx-dqGfDY,Central banking and monetary transmission,What is the Optimal Money Supply?
yR5vOlc4to4,Central banking and monetary transmission,Cash Allocations at Record Low - but Money Supply at All-Time-High
7CeR81P9KsA,Central banking and monetary transmission,Now the Fed is Talking about Gold Revaluation
UDaAIXDQt2k,Central banking and monetary transmission,The Treasury’s Plan to Take Control of the Federal Reserve
eIjLTslfors,Central banking and monetary transmission,The Treasury General Account Refill will Force the Fed to Cut Rates and Restart QE
SshDKNhXyS4,Central banking and monetary transmission,The Fed Just Bailed Out the Repo Market (First Time Since 2019)
7xH92q0LmU4,Central banking and monetary transmission,The Plan to End the Fed’s Interest Payments on Reserves will Funnel Trillions into T-Bills
5ctER8xiAZA,Central banking and monetary transmission,Money Printing is Back - But it’s Not Coming From the Fed
I6xj_l3XQW8,Central banking and monetary transmission,The Fed is Stuck - Get Ready for QE
k0URtbylwJk,Central banking and monetary transmission,"The Fed's ""Secret Third Mandate"" Exposes their True Agenda"
ehm8hqOy4Fk,Central banking and monetary transmission,The Fed Isn’t Independent — Here’s Who Really Pulls the Strings
5QR8HkuRoog,Central banking and monetary transmission,Watch for the Fed to Bail Out the Bond Market Soon
q4LsbeEuYn0,Central banking and monetary transmission,The Fed Lost $77 Billion Last Year... And Counting
6alrdyTGzbA,Central banking and monetary transmission,How the Fed Causes the Boom and Bust Cycle
r4CoDnAINLg,Central banking and monetary transmission,Fed Issues Urgent Warning: Recession Next Month
QexagT5HlPY,Central banking and monetary transmission,The Fed Pause is Here
Can_5smdMt4,Central banking and monetary transmission,Central Banks are Selling US Treasuries and Buying Gold Instead
O3QZAMwTlAY,Central banking and monetary transmission,How the Fed Flipped the Yield Curve (and the consequences)
bqukrHuNHvE,Central banking and monetary transmission,The Fed Will End Quantitative Tightening This Year
iK4fxO0FZbg,Central banking and monetary transmission,The Fed's Hidden Move just Ended the Reverse Repo Facility
XIfI9Zw5VoU,Central banking and monetary transmission,Why the Fed is Cutting Rates into Rising Inflation
WvwZLrFlz0U,Central banking and monetary transmission,How Trump May Try to do QE Without The Fed
7iXpydiWdg4,Central banking and monetary transmission,Trump vs Powell: Bad Blood and the Coming Fight Over Monetary Policy
wv-XDhpoR7w,Central banking and monetary transmission,Why the Fed Cuts are Causing Interest Rates to RISE Instead
Zht9RB8U2-I,Central banking and monetary transmission,"China, the Fed, and the Middle East War - ALL Pushing Prices Higher"
6BJqzvvpkJw,Central banking and monetary transmission,The Fed Hasn't Done This Since '08... and '01
KYMLu7stxu8,Central banking and monetary transmission,Why Fed Rate Cuts will Trigger a Recession
1WwfdOaINUM,Central banking and monetary transmission,How a Fed Cut will Send Rates Soaring Higher Instead
m6hq3ZOkC1o,Central banking and monetary transmission,The Fed Will Cut Rates - Then Hike MUCH Higher
nkxAxG2RzN0,Central banking and monetary transmission,"How the Fed ""Prints Money"" in Secret Without QE"
izoLanD-KC4,Central banking and monetary transmission,Why Does the US Borrow and Tax when it can Print Money?
6ZQFEna0iV4,Central banking and monetary transmission,The Real Reason the Fed Exists Today
bo9xrxkbXAg,Central banking and monetary transmission,The Fed's Plan to Restart QE - But This Time through Banks
fsI6rbvR9SI,Central banking and monetary transmission,Why the Money Supply is GROWING Again
wiPn05mIMUY,Central banking and monetary transmission,How a Fed Pivot will Push Interest Rates HIGHER
-Ttf7LDhD9U,Central banking and monetary transmission,Why the Fed’s Bank Bailout Facility is Blowing Up Right Now
JV0Tu_DRfPQ,Central banking and monetary transmission,The Money Supply is Collapsing at Fastest Rate since Great Depression
gkbz-ti_214,Central banking and monetary transmission,How the Fed is Losing Control over Markets
LcJ6_-w2DAA,Central banking and monetary transmission,Did the Fed Just Announce the Pivot?
degoImpgrqQ,Central banking and monetary transmission,The Fed’s Rate Cut Plan for 2024 Revealed
jARcZIZcPfo,Central banking and monetary transmission,How Deficits Overpower the Fed's Fight against Inflation
YrIMhY8PYFk,Central banking and monetary transmission,The Fed is Fighting Inflation... by Printing Money??
p_MxgJ_kcTg,Central banking and monetary transmission,Fed Report Warns More Banks at Risk of Failure
DKvQj2Fq4MU,Central banking and monetary transmission,Where Inflation is Headed - and What the Fed Plans to Do About It
d-j2WqcCghc,Central banking and monetary transmission,The Fed's Final Rate Hike
Mmm0-mluWU4,Central banking and monetary transmission,The Fed is Finally Unleashing their $2.1 Trillion Secret Weapon | Reverse Repo
UmMxQUSY6Gk,Central banking and monetary transmission,The Fed's Shocking Statement Reveals What Comes Next
t9aNCGMU3Kc,Central banking and monetary transmission,How the Fed Plans to Kill Capitalism (or what’s left of it)
VCT8IE-wzJA,Central banking and monetary transmission,The Fed's Final Rate Hike
it1cU2mayeU,Central banking and monetary transmission,Who Really Owns the Federal Reserve
dPODhNsVVRk,Central banking and monetary transmission,Central Bank Digital Currencies are Officially Here
1isLwFRD8dI,Central banking and monetary transmission,Central Banks are Preparing for a Global Sovereign Debt Crisis
6SGu1P_hx3I,Central banking and monetary transmission,The Fed is Playing a Dangerous Game of Chicken with the Market
j6gOk7W_pEo,Central banking and monetary transmission,Why the Fed's Balance Sheet is Suddenly Exploding Again
9o3lIKbw9pM,Central banking and monetary transmission,Why We Need the Fed
Mmz-MBmDREI,Central banking and monetary transmission,The Truth About Rate Hikes
QhqStRFveKs,Central banking and monetary transmission,Money Supply Declining at Fastest Pace in History
z1aO-SOjIBI,Central banking and monetary transmission,BIS Issues a Warning to Central Banks about Inflation
_QAkINeaP2E,Central banking and monetary transmission,New BOJ Leadership Hints at Future of Monetary Policy
eeIt3rUKLYU,Central banking and monetary transmission,Fed Now Expects Deep Recession Needed to Beat Inflation
G2G1JyfhGq0,Central banking and monetary transmission,"The Fed is Bankrupt, But Does it Matter?"
N2OcFPXd2BE,Central banking and monetary transmission,The Fed is Lying About the Jobs Market
kL_cxaABhnc,Central banking and monetary transmission,The Difference Between Fed Printing and Gov Borrowing
byUdEJ_Sxq0,Central banking and monetary transmission,The Fed's Secret Plan to Confiscate Gold from the Very Beginning
EOVuhGeWAws,Central banking and monetary transmission,Fed Decision Today: No Pivot Until Economy Collapses
M4v7H16yJKo,Central banking and monetary transmission,How the Fed is Destroying the Middle Class
wlfY49Qj4jQ,Central banking and monetary transmission,Traditional Portfolios Won't Work in This New Monetary Cycle
rMlFA7ZhNjU,Central banking and monetary transmission,Powell Defends Fed Independence and Rejects Climate Change Policy
WlRu4kpdKI8,Central banking and monetary transmission,Swiss Central Bank Just Posted its Largest Loss in History
l2QYI3Wflzw,Central banking and monetary transmission,Central Banks Haven't Done This Since Before 1971
wgt2799EkkY,Central banking and monetary transmission,Japan Shocks Market with Surprise Rate Hike
bVCkeaJTXUM,Central banking and monetary transmission,The Fed Just Admitted Jobs Data Not Real
QxTNzqCAX6w,Central banking and monetary transmission,"Fed JUST Said ""No Pivot Until 2024"""
LCrFdLJW6rw,Central banking and monetary transmission,The Fed is About to Start Victory Laps as Inflation Cools Slightly
tpBMz6sp3gA,Central banking and monetary transmission,Ex Fed Insider Sees Gold Doubling
Y92ORshcZzU,Central banking and monetary transmission,Is QT Actually Inflationary? (Fed Paying Banks Billions)
OkzKDIi34IE,Central banking and monetary transmission,Powell Just Outlined the Fed’s Next Moves
zy28rsQaVUM,Central banking and monetary transmission,"Fed Panic Blitzes Media, Clueless About Inflation"
W9fgUNe3D_o,Central banking and monetary transmission,The Fed is About to Light Gold on Fire
4xKDRi1Bmpc,Central banking and monetary transmission,"Harvard Tells Central Banks: ""Hedge Against US Sanctions"""
SM0q1fFtI5w,Central banking and monetary transmission,"Mainstream Finally Admits QE was ""Colossal Failure"""
FblXQ7qa-B4,Central banking and monetary transmission,Are Central Banks Planning a Gold Revaluation?
l8HGRvkc0pA,Central banking and monetary transmission,The Fed Just Launched the Digital Dollar
jn1eZCNBtWQ,Central banking and monetary transmission,"Producer Price Inflation Declined, Fed to Pivot Soon?"
zRtSUX0qpYM,Central banking and monetary transmission,Record High Gold Buying from Mystery Central Bank
HW8wWt3fj4k,Central banking and monetary transmission,What the Fed JUST Said - This Change is KEY
fbefA7-zRK0,Central banking and monetary transmission,The Fed is Hemorrhaging Billions of Dollars
rmiReNSEids,Central banking and monetary transmission,Yellen Wants a Second Central Bank
fV21VMfhFiQ,Central banking and monetary transmission,Why Did Switzerland Just Get $6 BILLION From the Fed
JRgwoDcvz80,Central banking and monetary transmission,"UN Just Warned the Fed: ""Pivot, Before it's Too Late"""
V0xiY1W92nc,Central banking and monetary transmission,Did the Fed Start its Backdoor Bailout with Reverse Repo?
acOAsh6MYX8,Central banking and monetary transmission,Will the Fed Capitulate and Restart QE Soon?
8Azty0-3qok,Central banking and monetary transmission,Is the Fed Using Repo Market to Secretly Help Japan Dump Treasuries?
Z6iCNsQmR3Y,Central banking and monetary transmission,How Many More Rate Hikes can US Gov Afford?
1HEXcFaTskE,Central banking and monetary transmission,Brace for Fed Impact: August Inflation Worse than Expected
KjdPd5ScE-U,Central banking and monetary transmission,The Fed Vows to Sacrifice YOUR Job in Fight Against Inflation
8my3wSVW6l8,Central banking and monetary transmission,What is a Central Bank Digital Currency? Explained Simply
2rLYkvFYqnE,Central banking and monetary transmission,It's Time to End the Fed | Here's How
YzJjYVZowPI,Central banking and monetary transmission,The Fed Just Announced CBDC Launch 2023
JQrl5QZs2oc,Central banking and monetary transmission,Fed President Just DESTROYED Argument for CBDC
YUkzWwzsbII,Central banking and monetary transmission,The Fed Just Got the Green Light to Tighten Even Harder
8gh4xp4pS_o,Central banking and monetary transmission,After 3 Years the Fed is Undoing its Repo Market Bailout
9FdI9N9DNvE,Central banking and monetary transmission,Why QT Causes Stocks to Drop Explained
qMSA1r6XbNg,Central banking and monetary transmission,The Fed Wants to Bankrupt Households and Crash the Markets
B9KoZrouVW4,Central banking and monetary transmission,Can the Fed Fight Inflation with Negative Real Rates?
gvL6pBs5spg,Central banking and monetary transmission,The Fed Will Stop Inflation by Starting a Depression
w1LGEaMfTzs,Central banking and monetary transmission,Fed Expert Believes We are Already in WW3
HatEUMdsO0s,Central banking and monetary transmission,Can the Federal Reserve Go Bankrupt?
mMsotYJiiSk,Central banking and monetary transmission,The Fed Pivot - Why It's Different This Time
9ri47OhJwQM,Central banking and monetary transmission,June Inflation Record Will Push Overcorrection from Fed
nVyPRgh3tIo,Central banking and monetary transmission,Fed will CRUSH the Economy to Fight Inflation
XiKG2dNg3XQ,Central banking and monetary transmission,Central Banks Warn of New Era of High Inflation
UJ8GqCG3rM8,Central banking and monetary transmission,Fed Just Admitted We Are Likely Already In a Recession
-d3gaJ6FHxQ,Central banking and monetary transmission,New Fed Survey Shows Business Activity Crashing
p1Jkkfd8jHM,Central banking and monetary transmission,Is The Fed Already Warning of Reversing Course?
rLEfTMPN_OI,Central banking and monetary transmission,Breaking News: Fed Hikes Rates by Most In 28 Years
unPzOaI6d1E,Central banking and monetary transmission,Markets In Turmoil  - What Will The Fed Do
NOxEN1sotO8,Central banking and monetary transmission,Fed's Tightening Will Test Market Stability
q95ZOXnPO-o,Central banking and monetary transmission,"Bernanke says ""Fed Made Mistake Fighting Inflation"""
RA5w_61DVSY,Central banking and monetary transmission,The Fed Just Did Biggest Rate Hike in 2 Decades
Wb-VyVRw1W4,Central banking and monetary transmission,Larry Summers says Soft Landing Impossible for the Fed
KYFW0G6xf68,Central banking and monetary transmission,The Fed is Crashing the Economy (so it can Rescue it Again)
spoAsmH5Dio,Central banking and monetary transmission,Fed Warns Commodities Pose 'Macroeconomic Risk'
pRMN-WICvRM,Central banking and monetary transmission,The Fed Still Hasn't Fired their Secret Weapon
7LWL-GQhuHk,Central banking and monetary transmission,Fed to Shrink Balance Sheet by $95 Billion per Month
rZQ9OH7bi5M,Central banking and monetary transmission,"Fed to Crash the Markets with ""Rapid"" Balance Sheet Reduction"
ZWiIblScaE8,Central banking and monetary transmission,Why the Fed is Jawboning about Aggressive Tightening
Pq9dJ-Mm3ME,Central banking and monetary transmission,Why is the Fed's Balance Sheet Still Growing?
yiJ7VqA2e_c,Central banking and monetary transmission,Full Lecture on The History of Different Monetary Systems and How it Changes Economies
ng-6NBexwAA,Central banking and monetary transmission,The Fed Thinks You're an Idiot
e0QtaNima4A,Central banking and monetary transmission,How the Fed can Hike Rates without Risking National Debt Default
uULNAKEkxNg,Central banking and monetary transmission,The Fed Hiked Rates for the First Time since 2018
E9qCgGXUp4Q,Central banking and monetary transmission,"Powell to Congress: ""Rate Hikes Coming Despite Ukraine Invasion"""
JSdc36LrfbQ,Central banking and monetary transmission,Central Bank Digital Currencies: How Freedom Dies
5lyfhZFU8j4,Central banking and monetary transmission,Fed Taper Tease? Balance Sheet Update
kwnAqVtKa0U,Central banking and monetary transmission,Fed to Stress Test Banks with Turmoil in Debt Markets
37jwOzXXEnk,Central banking and monetary transmission,FOMC Minutes Reveals Fed Bait-and-Switch on Rate Hikes
IjPyT51I-sQ,Central banking and monetary transmission,"Fed President Admits ""Our Credibility is On the Line"""
tR-STdXxDdU,Central banking and monetary transmission,Rate Hikes are Bullish for Precious Metals? with WallStreetSilver
IAwBUh3qkEU,Central banking and monetary transmission,Market Pricing in 6-7 Rate Hikes this Year
ovKFqf3YQkU,Central banking and monetary transmission,Fed Deleted Gold Data from FRED Database
XpxxUCPkuZo,Central banking and monetary transmission,Jobs Surprise Seals the Deal on Fed Taper and Rates
7H9br2Feaes,Central banking and monetary transmission,The Fed will Lose Control w/ Shawn Khunkhun Dolly Varden Silver
r9TF5s939xw,Central banking and monetary transmission,New Inflation Records put Pressure on Fed to Raise Rates
cqCFEkOlAtI,Central banking and monetary transmission,"Fed to Finish the Taper in Early March, then Raise Rates"
74p3LDFvhVs,Central banking and monetary transmission,This Fed Meeting is Most Important since March 2020
YPVODY4DyQ4,Central banking and monetary transmission,Fed Just Released 35-page Paper on a FedCoin CBDC
-ff6m0ztf0k,Central banking and monetary transmission,The Fed Will Buy Stocks Next Crash
62yI24jlS0g,Central banking and monetary transmission,What TRUE Money Supply Growth is Telling Us
4lbuV4VVYr0,Central banking and monetary transmission,The Fed’s $1.5 Trillion Secret Weapon to Fight Rising Interest Rates
p_AWo4KLH3A,Central banking and monetary transmission,Explaining The Fed to My 5 Year Old
em5LaoMN9L8,Central banking and monetary transmission,Fed Minutes Reveal Balance Sheet REDUCTION Soon
TceFtAKb9JA,Central banking and monetary transmission,The Truth About the Fed's Taper (already done?)
WJ1Gg1vYu3g,Central banking and monetary transmission,"The Fed Just SPED UP the Taper, Ignoring the Risks"
uuEi-8GbyEI,Central banking and monetary transmission,How the Fed Helps Insiders Get Out at the Top
yO-xDytsv6o,Central banking and monetary transmission,What's With this Strange Spike in M1 Money Supply?
P-T0w5-BJ8k,Central banking and monetary transmission,QE isn't Money Printing?
UcWqgYrKnno,Central banking and monetary transmission,"Fed Launches ""Innovation Center"" to Research CBDCs"
PtSt2EN_LjE,Central banking and monetary transmission,"The Fed Just got Cornered by ""Shocking"" Jobless Claims"
FIe9sJCNi7U,Central banking and monetary transmission,"Is the Fed's Taper Even Real? MINIMUM Purchase, No Limit..."
mjlsVdt1SKg,Central banking and monetary transmission,Does QE Actually Cause Inequality?
_lMXAX7WXbs,Central banking and monetary transmission,INSANE Proposal to Let the Fed DELETE Your Money and SHORT Stocks
6InGALCVKIk,Central banking and monetary transmission,"AND... It Begins. The Fed Starts the Taper, Sets Off Countdown to Crash"
RxuBlVrEgQY,Central banking and monetary transmission,How the Fed will Trigger a Market Crash in 2022
bZAbq_WDJPY,Central banking and monetary transmission,The Plan to Overturn the Leadership at the Fed
VLulrc235nY,Central banking and monetary transmission,"China Bans ALL Crypto, Gives Glimpse into Future Global Monetary System"
r2DiBbR4YaA,Central banking and monetary transmission,Fed Tells Markets ‘Get Ready for Taper’
-P57plubTk8,Central banking and monetary transmission,Ethics Review of Fed Officials Reveals Conflict of Interest Investments
mFiXcCY3Mak,Central banking and monetary transmission,The Fed's Plan for US Government Debt Default
FPZuFDgtV1M,Central banking and monetary transmission,Huge Jobs Miss Means No Fed Taper
TcJwaUy_L2E,Central banking and monetary transmission,The Federal Reserve's Political Independence Explained
BsKHwy8k6Dg,Central banking and monetary transmission,The Fed Just Sent Markets Soaring
ViX1GQyO9bE,Central banking and monetary transmission,What to Expect if the Fed Tries to Taper
-jhuVhBf9F4,Central banking and monetary transmission,Consumer Sentiment Drop Exposes Fed Cannot Taper
wBBDuzBFM6s,Central banking and monetary transmission,"The Ancient Monetary Systems behind Fiat, Bitcoin, and Gold"
D8W52Mf64sU,Central banking and monetary transmission,Why the Fed's New Standing Repo Facilities are a Big Deal
f9rNeDbBcE4,Central banking and monetary transmission,The Fed Just Admitted Prices are Permanently Higher
RHRFx-72gaA,Central banking and monetary transmission,Money Supply Increase Does NOT Cause Boom/Bust Cycle
orET-_WdPEQ,Central banking and monetary transmission,The Fed Just Lit the Fuse for a Liquidity Crisis
LU_skoEceJo,Central banking and monetary transmission,The Fed is Showing Signs of Internal Division
dXyXcKv5xDg,Central banking and monetary transmission,Fed Today: Full Steam Ahead on Inflationary Policy
RsEUjZwQGiQ,Central banking and monetary transmission,Billionaire's Investing Advice for the Fed Meeting
ZpKN7pF7ySI,Central banking and monetary transmission,The Fed Probably Now Owns Bitcoin Junk Bonds?!
UW9LbfuCTP0,Central banking and monetary transmission,Central Bank Digital Currencies ARE NOT Cryptocurrencies (explained SIMPLY)
nKgYLX9LO_0,Central banking and monetary transmission,Fed to Start SELLING their Bond ETFs
bDteZfwQ7DQ,Central banking and monetary transmission,The Fed Keeps Expanding its Powers (rant)
AabRXYTyW-c,Central banking and monetary transmission,Is The Fed ACTUALLY Considering Tapering?? (Explained)
sjeno5ytOS0,Central banking and monetary transmission,The Fed Has Now Admitted to Yield Curve Control
TP1TYJOU5w8,Central banking and monetary transmission,"Powell Claims the Fed ""Has the Tools"" to Fight Inflation"
K8enuzOw1qI,Central banking and monetary transmission,Danielle DiMartino Booth: It's Time for the Fed to Step Back
L1vfTyAGyJA,Central banking and monetary transmission,Fed Does NOT Extend Capital Requirement Relief for Banks!
5fPYHjRFXak,Central banking and monetary transmission,Fed Press Conference - Money Printing with No End in Sight
mEM1uCKqq7U,Central banking and monetary transmission,The Fed's Next Moves SIMPLY Explained (& the insane results)
UEhdkj7SBxc,Central banking and monetary transmission,Fed Cover Up?! Major Issues for Banks THIS MONTH
bvexR1YjDds,Central banking and monetary transmission,Why the Fed's Asset Purchases HAVE to Increase Soon
vxH1nBX32Tk,Central banking and monetary transmission,M2 Money Supply Growth is ROCKET FUEL for Gold and Miners
AAZONrjtKso,Central banking and monetary transmission,Former Fed Chair Janet Yellen Confirmed as Treasury Secretary - What to Expect
A__O32J6OK4,Central banking and monetary transmission,QE is NOT Deflationary
KpAomztLIqE,Central banking and monetary transmission,Central Banks are Bullish on Gold Again
HGcJXgDwTIc,Central banking and monetary transmission,If You Think The Fed Is Bad Now...
SLoRAMfdKtA,Central banking and monetary transmission,Why Do We Pay Taxes if They Can Just Print Money?
4VCtCbY5S2s,Central banking and monetary transmission,What Happens to YOUR Debt After a Monetary Reset?
tH57Qs9pOjI,Central banking and monetary transmission,[CLIP] Central Bank Digital Currencies are NOT Cryptocurrencies
ebcjVBEb1c8,Central banking and monetary transmission,[CLIP] Central Bank Digital Currencies will make Banks Obsolete
5GJqdyrBGp8,Central banking and monetary transmission,[CLIP] CBDC's Give Central Banks Precise Economic Control
Z6pXRxGYm_4,Central banking and monetary transmission,Central Bank Digital Currencies are HERE | What You Need to Know
nZwXELZH8Ag,Central banking and monetary transmission,The Merging of the Fed and the Treasury (Explained)
nrj7B4U46rA,Central banking and monetary transmission,The Fed Just Re-Committed to EVEN HIGHER Inflation - Here's what it Means for Unemployment
XMqbt4_Kurg,Central banking and monetary transmission,"How a New ""Treasury Dollar"" could Replace Federal Reserve Notes"
qV_sGlyB8JA,Central banking and monetary transmission,Can Printing Money Actually Cause Deflation?
u_R0O1Lp94Y,Central banking and monetary transmission,Fed Stress Test Reveals Banking Crisis Imminent?
Uth3zk5Q-YI,Central banking and monetary transmission,Is The Fed Breaking the Law? (Now They are Buying INDIVIDUAL Bonds)
_t1azr9U4eg,Central banking and monetary transmission,[CLIP] Wealth vs Money: The Problem with The Fed Printing Money to Finance Government Spending
AM7oKOOvZwA,Central banking and monetary transmission,"Dismantling MMT | Book Review (and thorough rebuttal) of ""The Deficit Myth"" - Modern Monetary Theory"
CIsbJzhk5Ww,Central banking and monetary transmission,Fed Chair Powell: More Stimulus with No End In Sight
JQ_P62Lqi2I,Central banking and monetary transmission,The Fed's Balance Sheet Passed $7 TRILLION - Does It Even Matter Anymore?
9TwBVQNanj0,Central banking and monetary transmission,Play-by-Play Rebuttal of 60 Minutes Interview with Fed Chairman Jerome Powell
vKZ_ZRUY-eA,Central banking and monetary transmission,Do We Actually Need Taxes? The Fed can print INFINITE money...
vXPQ2UDu8to,Central banking and monetary transmission,The Fed Entered Full-Blown Panic Mode This Week | What Does It All Mean?
geUMT2ytdd4,Central banking and monetary transmission,"Fed Monetizing ALL Debt Now, Facilitating Dollar Devaluation"
5gjm4wXxrqA,Central banking and monetary transmission,Fed Emergency Rate Cut FAILED | The Beginning of the End?
hHbyh1qLw40,Central banking and monetary transmission,"The Fed Just Doubled Down - Savers Are Screwed (for the ""greater good"")"
utg0BbjCWIU,Central banking and monetary transmission,The Fed Did It! Crushed Volatility in the Repo Market. What Did It Cost?
YG_TUdrphZg,Central banking and monetary transmission,The Truth Behind Modern Monetary Theory
gFsSwjMo464,Central banking and monetary transmission,What Is Monetary Policy? | One Minute Heretic
dwDNllmIaVo,Central banking and monetary transmission,Fed Cut Interest Rates Again... What Are They Hiding?
dRP16NwmqFs,Central banking and monetary transmission,Fed Ushering In Stagflation
93cFnErT4BM,Central banking and monetary transmission,The Truth About the Fed's Recent Announcement
k8DrfQJ7O6g,Central banking and monetary transmission,Cash Infusions Continue | Fed Repo Operations Signal Systemic Trouble
dmICm1bLq2o,"Inflation, deflation and purchasing power",The Fed Is Fighting the Treasury Again. Last Time Inflation Hit 21%.
sP8pOFk2BVA,"Inflation, deflation and purchasing power",Warsh is Wrong About Inflation
lhULr73rYwI,"Inflation, deflation and purchasing power",The Real Reason Inflation is About to 'Disappear'
833AGPTeqRM,"Inflation, deflation and purchasing power",Inflation is EXACTLY Following the 70's - But They Can't Afford it This Time
dlA2QEDUFdI,"Inflation, deflation and purchasing power",Why the Government MUST Lower Rates (Even If It Causes Inflation)
al3_Kc46i4A,"Inflation, deflation and purchasing power",Buy the Everything Bubble? Or Lose to Inflation?
xTEbwFaGNz8,"Inflation, deflation and purchasing power",Everything You Think About Interest Rates and Inflation is Wrong
groPJHqVmKE,"Inflation, deflation and purchasing power",Are We Just Repeating the 1970’s Inflation?
Zo1I8fdGOgw,"Inflation, deflation and purchasing power",Did the Fed Just Abandon its 2% Inflation Target?
dFlxgGyCmtU,"Inflation, deflation and purchasing power",30% of Inflation Data Is Just Made Up
ToQvKdDzjys,"Inflation, deflation and purchasing power",Why Lower Inflation Means More Stimulus Ahead
eDjn3hpCFjw,"Inflation, deflation and purchasing power",Deflation is Here Again for the First Time Since 2020
qFGhYDAtkBo,"Inflation, deflation and purchasing power",Inflation is About to Collapse
XIfI9Zw5VoU,"Inflation, deflation and purchasing power",Why the Fed is Cutting Rates into Rising Inflation
L9ivXNNFfOE,"Inflation, deflation and purchasing power",Inflation is Officially Rising Again
Rrdm5E4dT6U,"Inflation, deflation and purchasing power",The Real Reason Inflation Just Started Rising Again (first time since March)
Zht9RB8U2-I,"Inflation, deflation and purchasing power","China, the Fed, and the Middle East War - ALL Pushing Prices Higher"
P30bEtmTXlA,"Inflation, deflation and purchasing power",A Second Wave of Inflation is Coming (same thing happened in the 1970's)
1iErP8ZMA6o,"Inflation, deflation and purchasing power",The Real Reason Inflation Suddenly Stopped Falling
jARcZIZcPfo,"Inflation, deflation and purchasing power",How Deficits Overpower the Fed's Fight against Inflation
YrIMhY8PYFk,"Inflation, deflation and purchasing power",The Fed is Fighting Inflation... by Printing Money??
5ujWHQXDyQA,"Inflation, deflation and purchasing power",Is a Small Amount of Inflation a Good Thing?
7S8BdqQTrMA,"Inflation, deflation and purchasing power",Gold Prices are Beginning to Do Something Strange
DKvQj2Fq4MU,"Inflation, deflation and purchasing power",Where Inflation is Headed - and What the Fed Plans to Do About It
mOEwrys-xJg,"Inflation, deflation and purchasing power",The Real Reason Inflation is Falling
lGad57RvXaE,"Inflation, deflation and purchasing power","Inflation is Falling Now, But will Roar Back with a Vengeance"
Sup6CoCwt7I,"Inflation, deflation and purchasing power",The Real Reason Inflation is STILL So High
BCGLqGNwCh8,"Inflation, deflation and purchasing power",What Happens to Stocks during Hyperinflation?
WyE-2rmPi3E,"Inflation, deflation and purchasing power",A Deflationary Storm is on the Horizon
0lEswkNz60k,"Inflation, deflation and purchasing power",Hyperinflation in the United States
40vD9G2ezeo,"Inflation, deflation and purchasing power",Cash Buyers on the Rise as Home Prices Decline
z1aO-SOjIBI,"Inflation, deflation and purchasing power",BIS Issues a Warning to Central Banks about Inflation
eeIt3rUKLYU,"Inflation, deflation and purchasing power",Fed Now Expects Deep Recession Needed to Beat Inflation
0IF8WqSxCH0,"Inflation, deflation and purchasing power",They Changed How Inflation is Measured Again
ktPQdgWe2pw,"Inflation, deflation and purchasing power",Inflation Just Shot Back Up Again
AwJWWp5MH-k,"Inflation, deflation and purchasing power",China has Massive “Inflation Bomb” Just Waiting to Go Off
sDxGwK3gPSg,"Inflation, deflation and purchasing power",Well... I Was Right. Deflation Has Arrived
K9QusrqTSdU,"Inflation, deflation and purchasing power",Prepare for Deflation in 2023
APLdHB7Unyg,"Inflation, deflation and purchasing power",Egyptians Flee to Gold to Fight Inflation
LCrFdLJW6rw,"Inflation, deflation and purchasing power",The Fed is About to Start Victory Laps as Inflation Cools Slightly
Y92ORshcZzU,"Inflation, deflation and purchasing power",Is QT Actually Inflationary? (Fed Paying Banks Billions)
zy28rsQaVUM,"Inflation, deflation and purchasing power","Fed Panic Blitzes Media, Clueless About Inflation"
jn1eZCNBtWQ,"Inflation, deflation and purchasing power","Producer Price Inflation Declined, Fed to Pivot Soon?"
1cgKrJlrnjM,"Inflation, deflation and purchasing power",Inflation Fell Because Americans are BROKE
DesT6CR-8bo,"Inflation, deflation and purchasing power",Why TIPS Dipped on Inflation
MpDghEx0F-o,"Inflation, deflation and purchasing power",40 Year Inflation High STILL Doesn't Show Reality
1HEXcFaTskE,"Inflation, deflation and purchasing power",Brace for Fed Impact: August Inflation Worse than Expected
KjdPd5ScE-U,"Inflation, deflation and purchasing power",The Fed Vows to Sacrifice YOUR Job in Fight Against Inflation
ypyaZJ_6KPA,"Inflation, deflation and purchasing power",How a Strong Dollar is Actually Exporting US Inflation
V8Z93m1Pw1E,"Inflation, deflation and purchasing power",Real Estate Prices Fall for the First Time in 3 Years
B9KoZrouVW4,"Inflation, deflation and purchasing power",Can the Fed Fight Inflation with Negative Real Rates?
gvL6pBs5spg,"Inflation, deflation and purchasing power",The Fed Will Stop Inflation by Starting a Depression
1o2LVlCxqD0,"Inflation, deflation and purchasing power",Record Increase in Food Prices - with Inflation at 0%?
TsUcfwHxeME,"Inflation, deflation and purchasing power",Home Prices STILL Increasing??
_IjHq7h8lic,"Inflation, deflation and purchasing power",New Inflation Reduction Act is COMPLETELY Backwards
JwCOYM-giP4,"Inflation, deflation and purchasing power","Recessions, Inflation, and Gold"
cVibKSvwwU4,"Inflation, deflation and purchasing power",My Response to @George Gammon Being Wrong About Inflation
9ri47OhJwQM,"Inflation, deflation and purchasing power",June Inflation Record Will Push Overcorrection from Fed
3CCosPrHY3c,"Inflation, deflation and purchasing power",How Long Can Inflation Last?
nVyPRgh3tIo,"Inflation, deflation and purchasing power",Fed will CRUSH the Economy to Fight Inflation
XiKG2dNg3XQ,"Inflation, deflation and purchasing power",Central Banks Warn of New Era of High Inflation
BW-porNhF1I,"Inflation, deflation and purchasing power",Which Is Worse: Inflation or Deflation?
_Pa2rcH6O6U,"Inflation, deflation and purchasing power",The Truth about Biden's New Plan To Fight Inflation
q95ZOXnPO-o,"Inflation, deflation and purchasing power","Bernanke says ""Fed Made Mistake Fighting Inflation"""
MvxqmbVmFjg,"Inflation, deflation and purchasing power",11% Inflation is About to Cause MASS Layoffs
y8ga5dQBoc8,"Inflation, deflation and purchasing power",NOT A CHANCE Inflation is only 8.5%
ML0Hq08SrRo,"Inflation, deflation and purchasing power","White House Warns Inflation will be ""Extraordinarily Elevated"""
JMYADwP_SUo,"Inflation, deflation and purchasing power","Royalties ""Investing Hack"" to Benefit from Inflation"
dfYMwvSU-to,"Inflation, deflation and purchasing power",Biden to Drain Strategic Oil Reserves to Fight Inflation
Du6F6HrCajA,"Inflation, deflation and purchasing power",California's Insane Hypocritical Plan to Subsidize Gas Prices
v9LQEoWpJ7s,"Inflation, deflation and purchasing power",Stocks vs Gold for High and Persistent Inflation with Patrick Yip from APMEX
k8-byVHV72o,"Inflation, deflation and purchasing power",Investing for Exponential Returns during High Inflation with Mario Stifano CEO of Galantas Gold
3AClJeSkQPY,"Inflation, deflation and purchasing power",Why There is Always a Money Shortage During Hyperinflation
Kpcf2_wQl5o,"Inflation, deflation and purchasing power",Why Gas Prices Won't be Coming Down Any Time Soon
0SezU7PUlXM,"Inflation, deflation and purchasing power",High Inflation will Erase Debt
CEXa_YaJzus,"Inflation, deflation and purchasing power",Staggering Inflation Sends Bond Market Tumbling
r9TF5s939xw,"Inflation, deflation and purchasing power",New Inflation Records put Pressure on Fed to Raise Rates
Y4WCAAU5Kq8,"Inflation, deflation and purchasing power",Powell Says Jobs Market is Strong Enough to Fight Inflation
fth_luTgbi0,"Inflation, deflation and purchasing power",Price Controls will be Worse than Inflation
Mb9fXbSZLxI,"Inflation, deflation and purchasing power",New Plan to Fight Inflation Will Cause More Inflation
F-iNN3CN8k8,"Inflation, deflation and purchasing power",Inflation is a Wealth Transfer from the Poor to the Rich
MS8UrsHTZts,"Inflation, deflation and purchasing power",Inflation Hits New Record while Wages DROP
rBCk_UWVLVE,"Inflation, deflation and purchasing power","Powell Testifies Before Congress, will Fight Inflation (and crash economy)"
NnoezPXXf58,"Inflation, deflation and purchasing power",The Impact of Derivatives on Prices (manipulation?)
PfCG6vq307g,"Inflation, deflation and purchasing power","The Economic Ninja and I discuss Gold, Inflation and a Denver Meet-Up"
yrhhkPX4PM8,"Inflation, deflation and purchasing power",Turkey Inches Closer to Hyperinflation
kJKfv2AHAZQ,"Inflation, deflation and purchasing power",Why Inflation is Actually Just a Run on the Bank
4EpRx35Opmk,"Inflation, deflation and purchasing power",Inflation Hits Four Decade High
1J_JU8Iu1OM,"Inflation, deflation and purchasing power",Powell Signals FASTER Taper to Fight Inflation
LaIkcyO6jzw,"Inflation, deflation and purchasing power",Bloomberg Editor Claims Stable Prices are Immoral
ez2KEkc5iXA,"Inflation, deflation and purchasing power",Worst Inflation in 30 Years will Break the Bond Market
5D0fS093U6g,"Inflation, deflation and purchasing power",Now They Want You to be THANKFUL for Inflation
Mnkx-D_teKM,"Inflation, deflation and purchasing power","Wages are Spiking, Higher Inflation to Follow"
KjrY0yuzOUA,"Inflation, deflation and purchasing power",What it's Like Living Under Hyperinflation
Gjmn9llzIIo,"Inflation, deflation and purchasing power",Does Deflation Crush Consumption?
FAYL4VQsBOU,"Inflation, deflation and purchasing power",Producer Price Inflation Hits All Time Record
xJYAwJsGyTg,"Inflation, deflation and purchasing power",How Real Estate Performed During 1970's Inflation
Xxy5Xluzzyc,"Inflation, deflation and purchasing power",The Truth About the Coming 'Disinflation'
61pWx1K4P_o,"Inflation, deflation and purchasing power",Shrinkflation is Now Not Included in CPI
f9rNeDbBcE4,"Inflation, deflation and purchasing power",The Fed Just Admitted Prices are Permanently Higher
FbA1vRfjfdM,"Inflation, deflation and purchasing power",The Truth About Money Velocity and Inflation
573YaX__bSI,"Inflation, deflation and purchasing power",Record-Breaking Inflation (What They're Not Telling You)
dXyXcKv5xDg,"Inflation, deflation and purchasing power",Fed Today: Full Steam Ahead on Inflationary Policy
8ZGu-8BLe_Y,"Inflation, deflation and purchasing power",We Just Saw the Sharpest Inflation Spike in 29 YEARS
sfSbiu09xcE,"Inflation, deflation and purchasing power","Food Prices Just Hit DANGEROUS Level (global riots, protests)"
fNFUAizouyo,"Inflation, deflation and purchasing power",Why Markets Tanked After Biggest Inflation Jump in 12 Years
64viHiG6fQQ,"Inflation, deflation and purchasing power","Lyn Alden | Emerging Markets, Gold, Bitcoin, and Inflation!"
TP1TYJOU5w8,"Inflation, deflation and purchasing power","Powell Claims the Fed ""Has the Tools"" to Fight Inflation"
qho9cEnYA_U,"Inflation, deflation and purchasing power",Largest Jump in PPI Inflation in 9 YEARS
Q480l4GkEqs,"Inflation, deflation and purchasing power",Are Stocks a Good Hedge Against Hyperinflation?
haSUUOMrXKU,"Inflation, deflation and purchasing power",Inflation is Building Momentum
EK85jLiwLS0,"Inflation, deflation and purchasing power",Deflation is KEY to an Abundant Future w/ Jeff Booth
euO71ooC1q4,"Inflation, deflation and purchasing power",Current $1.9 Trillion Stimulus Effect on Asset Prices and Inflation
v8l3oeq4eE8,"Inflation, deflation and purchasing power","Mega-Insights! Dave Hunter Contrarian Interview [melt up, crash, inflation]"
TzFMejz5LDk,"Inflation, deflation and purchasing power",Does Inflation Actually Wipe Out Debt?
A__O32J6OK4,"Inflation, deflation and purchasing power",QE is NOT Deflationary
87yyWLAU2vI,"Inflation, deflation and purchasing power",Inflation is Picking Up Steam
1OICqTNn7Ec,"Inflation, deflation and purchasing power",Big Moves Ahead for Asset Prices
qCaf_75Xa9Q,"Inflation, deflation and purchasing power",What Happens to Gold in a Deflationary Death Spiral
nA-kXYm9KNY,"Inflation, deflation and purchasing power",This is What Stocks Do During Hyperinflation
KViP7czIlM0,"Inflation, deflation and purchasing power",Asset Prices are Consolidating Before Next Leg Up
_KzcfKedig4,"Inflation, deflation and purchasing power",Delta Hedging: How Options Traders Actually Influence Share Prices
nrj7B4U46rA,"Inflation, deflation and purchasing power",The Fed Just Re-Committed to EVEN HIGHER Inflation - Here's what it Means for Unemployment
qV_sGlyB8JA,"Inflation, deflation and purchasing power",Can Printing Money Actually Cause Deflation?
JcyArTjxhnA,"Inflation, deflation and purchasing power",The Inflation Cat is Out of the Bag
VmY9USvCjgk,"Inflation, deflation and purchasing power",Why is Billionaire Paul Tudor Jones Betting on Bitcoin to Hedge Inflation?
7iWXPx7wjlo,"Inflation, deflation and purchasing power",Dismantling IDIOTIC Deflation Ideas
miHaimjKeAQ,"Inflation, deflation and purchasing power",NEGATIVE Oil Prices?! Here's What It Means
Jh0PLCsDAKw,"Inflation, deflation and purchasing power",We Are Being LIED TO About Inflation | Here's How
R1_8uJiV2XI,"Inflation, deflation and purchasing power",Deflation VS. Inflation | Settling the Debate
fOtJ7yvXpKs,"Inflation, deflation and purchasing power",Coronavirus May Trigger Hyperinflation
OTMluLc7aUw,"Inflation, deflation and purchasing power","Monopoly, Inflation, and the Broken CPI"
MfGFtuBHK18,"Inflation, deflation and purchasing power",Inflation Explained Simply
4pAqXT-8J9w,"Inflation, deflation and purchasing power",Deflation Explained Simply
dmICm1bLq2o,Sovereign debt and fiscal policy,The Fed Is Fighting the Treasury Again. Last Time Inflation Hit 21%.
sFSIYTcbPj4,Sovereign debt and fiscal policy,More Tax Cuts Coming?
RqsTXUvBQfo,Sovereign debt and fiscal policy,The Treasury Has a Problem It Can't Buy Its Way Out Of
LTPAawdRmKQ,Sovereign debt and fiscal policy,There's Actually a Chance the Deficit Could be Fixed
6NcTbJfYJK4,Sovereign debt and fiscal policy,The Real Reason The Treasury Just Borrowed at 5% for the First Time Since 2007
StqXPxjGnRY,Sovereign debt and fiscal policy,New Treasury Swap Lines to Protect Dollar Dominance in Middle East
hq82ylM0U3w,Sovereign debt and fiscal policy,The New Fed Chair’s Plan to Reduce the National Debt
pMdk2PVhJ1k,Sovereign debt and fiscal policy,The Budget Deficit - Still Headed Towards Disaster
AqE53pD4m3U,Sovereign debt and fiscal policy,Treasuries Look Ready to Break (and what happens when they do)
kJxo_QSRkDI,Sovereign debt and fiscal policy,The Trade Deficit is Collapsing
8daGrrDuTaM,Sovereign debt and fiscal policy,Treasury Buybacks are Preparing for Something Bigger
SWPRNRsDehw,Sovereign debt and fiscal policy,$9 Trillion of the National Debt Must be Paid Back in 2026
581jIJHMxYw,Sovereign debt and fiscal policy,Treasury Buybacks are Ramping Up - What’s Really Going On
FEEKYGTuBnI,Sovereign debt and fiscal policy,The Real Reason The Treasury is Buying Back So Much Debt
wkBd_nJOdLU,Sovereign debt and fiscal policy,The Rich Pay Almost All the Income Taxes - and the Poor Pay Zero
7TgVGArJlWE,Sovereign debt and fiscal policy,Shocking Report: The Treasury Needs $1.6 Trillion by End of Year
UDaAIXDQt2k,Sovereign debt and fiscal policy,The Treasury’s Plan to Take Control of the Federal Reserve
eIjLTslfors,Sovereign debt and fiscal policy,The Treasury General Account Refill will Force the Fed to Cut Rates and Restart QE
eF0ezVRItTA,Sovereign debt and fiscal policy,The Plan to Deregulate the Banks to Bail Out the US Treasury
YUfciXJO-BQ,Sovereign debt and fiscal policy,The $4 Trillion Tax Cut Bill
kiK2B6MI47w,Sovereign debt and fiscal policy,Government Spending Actually Shrank This Quarter
tuJ00od696Q,Sovereign debt and fiscal policy,Huge Tax Cuts May be On the Way
-pe7fE57kLI,Sovereign debt and fiscal policy,The Real Reason the Treasury Market is Imploding (not China)
Vf9sMm6IvbQ,Sovereign debt and fiscal policy,There are Only 4 Ways to Solve the Sovereign Debt Crisis
YD-oFIE6SS4,Sovereign debt and fiscal policy,The Best and Worst Tax Systems Ranked
IBtM5ZdLj98,Sovereign debt and fiscal policy,How They'll Cancel the National Debt
B_ZqSv-WuIs,Sovereign debt and fiscal policy,The Dangers of a US Sovereign Wealth Fund
BSK4NZ3PATk,Sovereign debt and fiscal policy,The Math Behind Eliminating Income Taxes
Can_5smdMt4,Sovereign debt and fiscal policy,Central Banks are Selling US Treasuries and Buying Gold Instead
ThP0mRdE8uw,Sovereign debt and fiscal policy,Almost a Third of the National Debt Needs to be Paid Back in 2025
NFOrNaNNDSI,Sovereign debt and fiscal policy,Why the Global Sovereign Debt Crisis hasn’t Exploded (yet)
4uMZ9CZiYBs,Sovereign debt and fiscal policy,"The US Sovereign Debt Crisis is Getting Worse, Faster"
W-9F6QWxaSQ,Sovereign debt and fiscal policy,Could Trump Actually End Income Taxes?
1huHYIeudZU,Sovereign debt and fiscal policy,Do the Rich or Poor Pay the Most Taxes?
eAgxy6JbytI,Sovereign debt and fiscal policy,This is What a Sovereign Debt Crisis Looks Like
5uWMNTop72I,Sovereign debt and fiscal policy,Why the US Treasury is Buying Back its Own Bonds
izoLanD-KC4,Sovereign debt and fiscal policy,Why Does the US Borrow and Tax when it can Print Money?
QMhOs1cK0_c,Sovereign debt and fiscal policy,Taxes are Theft. Here's How to Stop Paying Them (Legally)
5-hmzgjp_e0,Sovereign debt and fiscal policy,The Treasury Market is Beginning to Fail
G5F9Ec8GoeU,Sovereign debt and fiscal policy,$10 Trillion in New Treasuries will be Issued this Year
QcDeHaqHMPQ,Sovereign debt and fiscal policy,Tax Revenue is FALLING...
PztCR0XJSDY,Sovereign debt and fiscal policy,The Treasury's $731 Billion Cash Hoard Explained
V5Mhj6tlr9A,Sovereign debt and fiscal policy,How Hedge Funds are Holding the Treasury Market Hostage
Nu96gTe5410,Sovereign debt and fiscal policy,This is What a Failing Treasury Market Looks Like
jARcZIZcPfo,Sovereign debt and fiscal policy,How Deficits Overpower the Fed's Fight against Inflation
8-1A87Sp9Vk,Sovereign debt and fiscal policy,Did One Billionaire Just Move the Entire US Treasury Market?
OFddCAFKGVY,Sovereign debt and fiscal policy,Did the Treasury Market Just Glitch? Or is Something Big Breaking?
epIFO7OheTI,Sovereign debt and fiscal policy,Jamie Dimon Sounds the Alarm on US Treasuries
ShCjhnbUWaQ,Sovereign debt and fiscal policy,The US Plans to Liquidate its Debt through Financial Repression
zlUs0s01PJ0,Sovereign debt and fiscal policy,Why the Deficit is Exploding - and How it will End
Ef7RgJ48i74,Sovereign debt and fiscal policy,The US Sovereign Debt Crisis is Here
J0zcT_Sk9CI,Sovereign debt and fiscal policy,How Governments Try to Maximize Tax Revenue | The Laffer Curve Explained
5B1WNIdN18U,Sovereign debt and fiscal policy,Biden Urged to Permanently Cancel Debt Ceiling (by twisting the 14th Amendment)
W1bC5ss1huE,Sovereign debt and fiscal policy,The Debt Ceiling Doesn't Matter: Default is Inevitable
KcNL_oLAc_A,Sovereign debt and fiscal policy,40% of Americans Pay No Taxes
1isLwFRD8dI,Sovereign debt and fiscal policy,Central Banks are Preparing for a Global Sovereign Debt Crisis
DxwhmqfADOQ,Sovereign debt and fiscal policy,The National Debt Death-Spiral has Started
MrspE5v0diQ,Sovereign debt and fiscal policy,China Accelerates Dumping US Treasuries
Pp4fvrxnGZ4,Sovereign debt and fiscal policy,The CBO Admits Failure in National Debt Projections
ZfiLKfDm_Uo,Sovereign debt and fiscal policy,Hedge Funds are RECORD Short US Treasuries
jiJHZY99HOI,Sovereign debt and fiscal policy,"US Treasury Begins ""Extraordinary Measures""... Again"
fo6nRA6WtWA,Sovereign debt and fiscal policy,How to Abolish the Income Tax AND the IRS
IjoW3KkObtw,Sovereign debt and fiscal policy,This New Plan to Cheat the Debt Ceiling is Insane
qSXsRf816mA,Sovereign debt and fiscal policy,Ghana Defaults on National Debt... is the US Next?
FXf96HW_E8g,Sovereign debt and fiscal policy,The Government's Budget Deficit Just Got a lot Worse
qnMXdqaJKvA,Sovereign debt and fiscal policy,Japan Dumping Treasuries at Record Pace
FZZYFjr6OzY,Sovereign debt and fiscal policy,"Federal Deficit Shrinks to ""Only"" $1.4 TRILLION"
s7iSQkiHhBc,Sovereign debt and fiscal policy,The Biggest Treasury Buyers are Now All Selling
8Azty0-3qok,Sovereign debt and fiscal policy,Is the Fed Using Repo Market to Secretly Help Japan Dump Treasuries?
9EVp5RAXpp0,Sovereign debt and fiscal policy,Japan Just Kicked Off Global Treasury Dump
St6EE6kL0cc,Sovereign debt and fiscal policy,Treasury Market Freezing Up is The Next Black Swan Event
7sR4cU6yJ9U,Sovereign debt and fiscal policy,Taxes were Americans' Biggest Expense Last Year
IQORd6dmqW8,Sovereign debt and fiscal policy,Japan Trade Deficit hits Record as Yen Collapses
0GQFD3jDxtk,Sovereign debt and fiscal policy,Major Tax Changes to Watch Out For
cFmRZK-SOp0,Sovereign debt and fiscal policy,Now China Is Dumping Treasuries Too
bBZgo_6p--U,Sovereign debt and fiscal policy,Sovereign Debt Defaults in Emerging Markets About to Sweep the Globe
RdTpfZC5K-E,Sovereign debt and fiscal policy,Regulations Vs Sovereignty to Maximize Wealth | Per Bylund
Re2XAVEE0C0,Sovereign debt and fiscal policy,World's Biggest Buyer of US Treasuries is Now Selling
SguumuABzDQ,Sovereign debt and fiscal policy,Why the Unrealized Gains Tax won’t Happen
e0QtaNima4A,Sovereign debt and fiscal policy,How the Fed can Hike Rates without Risking National Debt Default
gnsn7lDyH8c,Sovereign debt and fiscal policy,Financial Repression has been Planned for over 10 Years
t2oxZoBOvJo,Sovereign debt and fiscal policy,The TRUTH About the National Debt
oVtKgViz2fg,Sovereign debt and fiscal policy,Reverse Repo to Tank Now with Debt Ceiling Increase
qFm5CMFS0I8,Sovereign debt and fiscal policy,"Debt, Taxes & Printing"
ymJ3CKOhpys,Sovereign debt and fiscal policy,Get Ready for Taxes on Unrealized Gains
m1UxqanyQd0,Sovereign debt and fiscal policy,Tax the Rich or Help the Poor?
G_qYPCWG-Ys,Sovereign debt and fiscal policy,Treasury Yields Just Spiked
mFiXcCY3Mak,Sovereign debt and fiscal policy,The Fed's Plan for US Government Debt Default
TRla1Bp7ixE,Sovereign debt and fiscal policy,New Bill Aims to Close Crypto Tax 'Loopholes'
oUiscGRPePI,Sovereign debt and fiscal policy,Treasury Warns Social Security will be Depleted in 12 Years
wELyj0fy1UE,Sovereign debt and fiscal policy,61% of Americans Pay NO Federal Income Taxes
IhHj0GODT74,Sovereign debt and fiscal policy,The Treasury General Account has Reached $400 Billion Target
BPz1Qdz9EJ0,Sovereign debt and fiscal policy,Japan Reveals Record Dump of US Treasuries
J2RTIYARGf0,Sovereign debt and fiscal policy,Treasury Invokes 'Extraordinary Measures' as Congress Misses Debt Ceiling Deadline
acZbC4GO6tc,Sovereign debt and fiscal policy,The Enormous & Hidden Cost of the Tax System
d7f9oFfmUHM,Sovereign debt and fiscal policy,130 Countries have Backed the Global Minimum Tax
nEkUNuTNAzQ,Sovereign debt and fiscal policy,Federal Tax Receipts are Higher Than Ever Before
d85OgLQY5q8,Sovereign debt and fiscal policy,New Global Minimum Tax? What You Need to Know
xD4FLyq9VQE,Sovereign debt and fiscal policy,The Monstrous Deficit Grows Despite Record Tax Income
iI51Z8MYvuM,Sovereign debt and fiscal policy,We are On the Verge of DISASTROUS Tax Changes
rsrKPMYPkvw,Sovereign debt and fiscal policy,Record $1.7 TRILLION Deficit | Where did it Come From?
b9LiN4yEQ3c,Sovereign debt and fiscal policy,New Bill to REPEAL Taxes on Gold and Silver!
1t3PiUrSdIo,Sovereign debt and fiscal policy,How Corporations will Avoid the Tax Hike for Infrastructure Spending
KBdoTG5vwNw,Sovereign debt and fiscal policy,"IRS Folds Under Pressure, Delays Tax Filing Deadline"
NDPPAO7qZpE,Sovereign debt and fiscal policy,The Treasury is About to Get DRAINED
AAZONrjtKso,Sovereign debt and fiscal policy,Former Fed Chair Janet Yellen Confirmed as Treasury Secretary - What to Expect
uiyTyC1K7Zs,Sovereign debt and fiscal policy,Do Biden’s BIG Spending Plans Actually Require Tax Hikes?
58g7nwjGwx4,Sovereign debt and fiscal policy,I Just Went Long Treasuries
SLoRAMfdKtA,Sovereign debt and fiscal policy,Why Do We Pay Taxes if They Can Just Print Money?
Em84ZkTvlzo,Sovereign debt and fiscal policy,My Responses to Comments on my Tax Video
xm1OSSHwu7Q,Sovereign debt and fiscal policy,Should We Stop Paying Taxes? (the truth)
nZwXELZH8Ag,Sovereign debt and fiscal policy,The Merging of the Fed and the Treasury (Explained)
dBpGxPBPO04,Sovereign debt and fiscal policy,China Threatens Treasury Dump; More Decoupling Talk from Trump
XMqbt4_Kurg,Sovereign debt and fiscal policy,"How a New ""Treasury Dollar"" could Replace Federal Reserve Notes"
99DH1YaThJ0,Sovereign debt and fiscal policy,How to Navigate through a Currency Reset | Pt. 2 - Taxable Assets
_t1azr9U4eg,Sovereign debt and fiscal policy,[CLIP] Wealth vs Money: The Problem with The Fed Printing Money to Finance Government Spending
AM7oKOOvZwA,Sovereign debt and fiscal policy,"Dismantling MMT | Book Review (and thorough rebuttal) of ""The Deficit Myth"" - Modern Monetary Theory"
vKZ_ZRUY-eA,Sovereign debt and fiscal policy,Do We Actually Need Taxes? The Fed can print INFINITE money...
buXm2J_UH4g,Sovereign debt and fiscal policy,Why We Have Taxes - And How To Avoid Them (Legally)
v5CYLHoBDho,Sovereign debt and fiscal policy,What Is Fiscal Policy? | One Minute Heretic
2AskD8V3ODE,Sovereign debt and fiscal policy,US National Debt - Trick or Treat?
DkOMGW30T0w,Sovereign debt and fiscal policy,Are Taxes Important? The Real Reasons Behind The Tax Code
ZcpMND3hZ5c,"Bonds, interest rates and funding markets",The Bond Market Just Called Bessent’s Bluff
Dnj-Dx9_WGs,"Bonds, interest rates and funding markets",They Just Told Every Bondholder It's Safe to Sell
WiIzEwEs45M,"Bonds, interest rates and funding markets",They Won't Let Bonds Keep Falling Like This
Hp_r0ZupzLs,"Bonds, interest rates and funding markets",Why Bonds are Crashing Because of Warsh
s1XABhbToO8,"Bonds, interest rates and funding markets","Interest Rates are Headed Lower, Not Higher"
xTEbwFaGNz8,"Bonds, interest rates and funding markets",Everything You Think About Interest Rates and Inflation is Wrong
RQbNlHOECxI,"Bonds, interest rates and funding markets",They are About to Flood the Market with Liquidity
Sg-WWlHuLqM,"Bonds, interest rates and funding markets","Repo Market Just Spiked, 2008 Repeat?"
NJ1yvpHFq20,"Bonds, interest rates and funding markets",It’s Not the Fed Who Actually Controls Interest Rates
Af9kHS0bwig,"Bonds, interest rates and funding markets",Reverse Repo Facility (finally) Completely Drained
SshDKNhXyS4,"Bonds, interest rates and funding markets",The Fed Just Bailed Out the Repo Market (First Time Since 2019)
5QR8HkuRoog,"Bonds, interest rates and funding markets",Watch for the Fed to Bail Out the Bond Market Soon
s0gxkt0izfQ,"Bonds, interest rates and funding markets",Junk Bond Spreads are the Recession Signal to Watch
Y_IhRzlrTMw,"Bonds, interest rates and funding markets",How Scott Bessent Plans to Get Interest Rates Down
6jcDnWrhed4,"Bonds, interest rates and funding markets",How Rising Bond Yields Affect Every Area of the Market
O3QZAMwTlAY,"Bonds, interest rates and funding markets",How the Fed Flipped the Yield Curve (and the consequences)
gOwenkT_BdA,"Bonds, interest rates and funding markets",How Government Bonds Work - and Why They Fail
iK4fxO0FZbg,"Bonds, interest rates and funding markets",The Fed's Hidden Move just Ended the Reverse Repo Facility
XrDhRfM6ibg,"Bonds, interest rates and funding markets",The Reverse Repo is Draining to Zero (finally)
wv-XDhpoR7w,"Bonds, interest rates and funding markets",Why the Fed Cuts are Causing Interest Rates to RISE Instead
fQRQWtxanZs,"Bonds, interest rates and funding markets",Why Interest Rates have Fallen for 700 Years (and where they are headed next)
Vk_RmDFEHLI,"Bonds, interest rates and funding markets",The Yield Curve is Un-Inverting (Stocks Crash Every Time)
jkgRfb19tlI,"Bonds, interest rates and funding markets","Interest Rates are Causing the US Debt to ""Death Spiral"""
5uWMNTop72I,"Bonds, interest rates and funding markets",Why the US Treasury is Buying Back its Own Bonds
uNanLeDU7dE,"Bonds, interest rates and funding markets",Reverse Repo is Crashing to Zero - Here's What Happens Next
wiPn05mIMUY,"Bonds, interest rates and funding markets",How a Fed Pivot will Push Interest Rates HIGHER
GgK4566_xRI,"Bonds, interest rates and funding markets",Reverse Repo is Crashing
cKZI4rBIJis,"Bonds, interest rates and funding markets",The Yield Curve is Re-Inverting?
bZj5NE8zY-c,"Bonds, interest rates and funding markets",Bill Ackman's Bold Call on Bond Yields
5pW5K1tAuCA,"Bonds, interest rates and funding markets",Interest Rates will Explode Higher in 2024
6CaWCHxOBik,"Bonds, interest rates and funding markets",Reverse Repo Facility will be Completely Drained in 6 Months
bvt5zA-a43g,"Bonds, interest rates and funding markets",Rising Interest Rates will Break the Market
_S9OZE8ds5I,"Bonds, interest rates and funding markets",How Large Corporations are Exploiting High Interest Rates Right Now
ktVgDkZN0Ls,"Bonds, interest rates and funding markets",The Yield Curve has NEVER Done This Before
2ILCKQ4jGfo,"Bonds, interest rates and funding markets",The Reverse Repo is Draining Again
hxGyywp-cYU,"Bonds, interest rates and funding markets",The End of Japan's Yield Curve Control
GIxiFxYAibc,"Bonds, interest rates and funding markets",Interest Rates are Rising at the Fastest Pace in Modern History
Mmm0-mluWU4,"Bonds, interest rates and funding markets",The Fed is Finally Unleashing their $2.1 Trillion Secret Weapon | Reverse Repo
AujQYyvRDSc,"Bonds, interest rates and funding markets",Massive Gov Borrowing Binge to Suck Liquidity Out of the Market
2QN_u9I7aJE,"Bonds, interest rates and funding markets",The End of the Bond Bear Market
-7f4-SXqGRc,"Bonds, interest rates and funding markets",Cash May Outperform Stocks and Bonds Soon
ZRJqwkWHfKE,"Bonds, interest rates and funding markets",Why Bank Account Interest Rates are Still So Low
sSxqdwLROZU,"Bonds, interest rates and funding markets",China Just did the Largest Liquidity Injection Ever
Xkbe63dExUg,"Bonds, interest rates and funding markets",The Junk Bond Market is About to Implode
AtTSHqZwMxE,"Bonds, interest rates and funding markets","The Next Liquidity Crisis is with Households, NOT Banks"
Y_sIu1blT7k,"Bonds, interest rates and funding markets",Reverse Repo Year End Spike to $2.3 Trillion
8nJbvwzhhG8,"Bonds, interest rates and funding markets",Reverse Repo Starting to Move Lower
GLkIPKUyrSg,"Bonds, interest rates and funding markets","The ""Real"" Yield Curve Finally Inverted"
DL5LxjIhxAI,"Bonds, interest rates and funding markets","BOE Actually Stopped Buying Bonds ""For Now"""
5QOumZMDo00,"Bonds, interest rates and funding markets",Japan's Bond Market is Officially Broken
V0xiY1W92nc,"Bonds, interest rates and funding markets",Did the Fed Start its Backdoor Bailout with Reverse Repo?
raCEQeK2RRo,"Bonds, interest rates and funding markets",The Bond Market Just Got Worse than Lehman
8Azty0-3qok,"Bonds, interest rates and funding markets",Is the Fed Using Repo Market to Secretly Help Japan Dump Treasuries?
R9Ei-4-q8CI,"Bonds, interest rates and funding markets",Bond Market Liquidity is Drying Up FAST
oVydq9Goojg,"Bonds, interest rates and funding markets",The 700 Year Fall in Interest Rates Explained
MlXrn33Gxv4,"Bonds, interest rates and funding markets",Bonds Confirm First Bear Market in Decades
8gh4xp4pS_o,"Bonds, interest rates and funding markets",After 3 Years the Fed is Undoing its Repo Market Bailout
4Fii5s-mGKs,"Bonds, interest rates and funding markets",Why Are Interest Rates STILL So Low?
1oo0SPqnyXY,"Bonds, interest rates and funding markets",The Yield Curve Inversion Is Real This Time
_DL_rUN0dQI,"Bonds, interest rates and funding markets",Why is there $2 Trillion in Reverse Repo?
_yfSV89tqYk,"Bonds, interest rates and funding markets",Worst U.S. Bond Market Since George Washington
GLvwNfLSHns,"Bonds, interest rates and funding markets",Reverse Repo $2 Trillion For First Time Ever
00ok6UnlhMk,"Bonds, interest rates and funding markets",Are Real Interest Rates Actually Negative?
pTOiVAI3plY,"Bonds, interest rates and funding markets","Yield Curve Screaming Recession, Stocks Don’t Care"
EmEIUrl0VTQ,"Bonds, interest rates and funding markets",Repo Expert Warns Sanctions on Russia is 'Lehman Event' Hours Away
CEXa_YaJzus,"Bonds, interest rates and funding markets",Staggering Inflation Sends Bond Market Tumbling
ECxf_yqDqSc,"Bonds, interest rates and funding markets",Who Actually Triggered the Repo Market Blowup in Sep '19
V-33pfq_UOw,"Bonds, interest rates and funding markets",The Bond Market is Flashing Warning Signs
4lbuV4VVYr0,"Bonds, interest rates and funding markets",The Fed’s $1.5 Trillion Secret Weapon to Fight Rising Interest Rates
nXWkWumTHiw,"Bonds, interest rates and funding markets",Interest Rates are Surging and the Economy Can't Afford it
oVtKgViz2fg,"Bonds, interest rates and funding markets",Reverse Repo to Tank Now with Debt Ceiling Increase
ez2KEkc5iXA,"Bonds, interest rates and funding markets",Worst Inflation in 30 Years will Break the Bond Market
G_qYPCWG-Ys,"Bonds, interest rates and funding markets",Treasury Yields Just Spiked
CAdk8Y7Unow,"Bonds, interest rates and funding markets",July Jobs Report Triggers Bond Market Selloff
D8W52Mf64sU,"Bonds, interest rates and funding markets",Why the Fed's New Standing Repo Facilities are a Big Deal
LgFNDVWkhn0,"Bonds, interest rates and funding markets",Who is Piling into Bonds Right Now?
orET-_WdPEQ,"Bonds, interest rates and funding markets",The Fed Just Lit the Fuse for a Liquidity Crisis
ZpKN7pF7ySI,"Bonds, interest rates and funding markets",The Fed Probably Now Owns Bitcoin Junk Bonds?!
nKgYLX9LO_0,"Bonds, interest rates and funding markets",Fed to Start SELLING their Bond ETFs
3dTfxZtp3ag,"Bonds, interest rates and funding markets",Why Repo Market is Suddenly Surging (and what it means)
xseShZfW7JU,"Bonds, interest rates and funding markets",Investing in Bonds Today is like Playing the Lottery in Reverse
sjeno5ytOS0,"Bonds, interest rates and funding markets",The Fed Has Now Admitted to Yield Curve Control
QyBIiS750sE,"Bonds, interest rates and funding markets",Junk Bonds Signal Rot in the System (same level as dotcom and GFC)
5m-q0wPUQCI,"Bonds, interest rates and funding markets",Yield Curve Control is COMING | What You Need to Know
uXlI17qZXIQ,"Bonds, interest rates and funding markets",Record $17 TRILLION in Negative Yield Debt Explained
JW3KE5DtjU8,"Bonds, interest rates and funding markets",What are Interest Rates Really Telling Us About the Economy Right Now?
Uth3zk5Q-YI,"Bonds, interest rates and funding markets",Is The Fed Breaking the Law? (Now They are Buying INDIVIDUAL Bonds)
wNvSGY0-sbE,"Bonds, interest rates and funding markets",Don't Get Caught in the Bond TRAP
BX5xMHZgKBA,"Bonds, interest rates and funding markets",Negative Interest Rates Coming to the US? They are Already Here
utg0BbjCWIU,"Bonds, interest rates and funding markets",The Fed Did It! Crushed Volatility in the Repo Market. What Did It Cost?
gZvVD8M3k54,"Bonds, interest rates and funding markets",The Second Repo Crisis is Just Days Away | This Time Will Be Worse
FzYkhUEKXfs,"Bonds, interest rates and funding markets","The US Backs Hong Kong! PLUS: China's Nuclear Option, Poland Gold Repatriation, and Repo Update"
o_16_VD6GUY,"Bonds, interest rates and funding markets",The Real Reasons Behind $13 Trillion in Negative Yield Debt
dwDNllmIaVo,"Bonds, interest rates and funding markets",Fed Cut Interest Rates Again... What Are They Hiding?
k8DrfQJ7O6g,"Bonds, interest rates and funding markets",Cash Infusions Continue | Fed Repo Operations Signal Systemic Trouble
xaXAPqMZ6ck,"Bonds, interest rates and funding markets",Could This be the Foreshock Before the Earthquake? | Recent Repo Spike Explained
JRkI5_AItIo,"Bonds, interest rates and funding markets","Yield Curve Inversion, Market Crash, and Risk in Bonds | Facebook Livestream"
iP5oZcB1_UM,"Bonds, interest rates and funding markets",What is the Yield Curve? | Quickly Explained
Xz0n5bYHNNg,"Banking, leverage and systemic fragility",New AI Just Escaped - Entire Banking System is at Risk
Y9RS6KZfYYA,"Banking, leverage and systemic fragility",New Military Budget is TRYING to Bankrupt the Country
ih1bSeYqGNM,"Banking, leverage and systemic fragility",The New Bank Deregulation Plan Has Been Unveiled
8yziUa-xSLE,"Banking, leverage and systemic fragility",Is Private Credit About to Collapse the Economy?
SnMMpZ5Pipw,"Banking, leverage and systemic fragility",Get Ready for Bank Deregulation
ZaCuQYGb-WA,"Banking, leverage and systemic fragility",The Government is Increasing Leverage Caps for Big Banks
eF0ezVRItTA,"Banking, leverage and systemic fragility",The Plan to Deregulate the Banks to Bail Out the US Treasury
oBZK44lBoc0,"Banking, leverage and systemic fragility",US Households are on the Verge of Bankruptcy Right Now
xdpf34TyVI0,"Banking, leverage and systemic fragility","A ""Gold Run"" May Have Begun at the Bank of England"
Can_5smdMt4,"Banking, leverage and systemic fragility",Central Banks are Selling US Treasuries and Buying Gold Instead
A8oR96MiQOE,"Banking, leverage and systemic fragility",Leveraged Longs Outnumber Shorts 100 to 1
83zZrfpM5yI,"Banking, leverage and systemic fragility",Bank Failure Risk is 8x Higher than the GFC
LyoFKy3wR88,"Banking, leverage and systemic fragility",Why So Many Banks are Ready to Collapse
bo9xrxkbXAg,"Banking, leverage and systemic fragility",The Fed's Plan to Restart QE - But This Time through Banks
4q8qlq5VQSQ,"Banking, leverage and systemic fragility",The 2024 Real Estate & Bank Crisis has Begun
-Ttf7LDhD9U,"Banking, leverage and systemic fragility",Why the Fed’s Bank Bailout Facility is Blowing Up Right Now
RlhWhQSWils,"Banking, leverage and systemic fragility",How the Next Round of Bailouts will be Reserved for the Elites
JS2-JfFy_Ks,"Banking, leverage and systemic fragility",The Second Wave of Bank Failures has Begun
k5SmvZXiOQ0,"Banking, leverage and systemic fragility",The Credit Bubble is Popping
CiLxZ4kovrM,"Banking, leverage and systemic fragility",Get Your Cash Out of the Banks
iRzhPE6k11I,"Banking, leverage and systemic fragility",Every Time Banks Do This a Recession Happens
p_MxgJ_kcTg,"Banking, leverage and systemic fragility",Fed Report Warns More Banks at Risk of Failure
yKyruAeG1LA,"Banking, leverage and systemic fragility",Michael Burry's Biggest Short Since the Financial Crisis is NOT What it Seems…
DKUxgyyRrmU,"Banking, leverage and systemic fragility",Bank of America is in Trouble
IOHsHh9Wjhg,"Banking, leverage and systemic fragility",There are Still HUNDREDS of Insolvent Banks
GScjJrFtWRo,"Banking, leverage and systemic fragility",Money Market Funds are Crushing Banks
8_6g83m9J9Y,"Banking, leverage and systemic fragility",The Second Largest Bank Failure in US History | First Republic Bank
G28LPAkaEfo,"Banking, leverage and systemic fragility",The Second Wave of Bank Failures
74OCqDQV4Qw,"Banking, leverage and systemic fragility",Banks are Hemorrhaging Deposits to Money Market Funds
dPODhNsVVRk,"Banking, leverage and systemic fragility",Central Bank Digital Currencies are Officially Here
1isLwFRD8dI,"Banking, leverage and systemic fragility",Central Banks are Preparing for a Global Sovereign Debt Crisis
wwG5dQS29sc,"Banking, leverage and systemic fragility",The Credit Crunch (and consequences) Explained
CEcNnNyYaz4,"Banking, leverage and systemic fragility",Fractional Reserve Banking May Not Exist for Much Longer
I9M2fLMoERo,"Banking, leverage and systemic fragility",This Real Estate Crash will Wipe Out the Banks
bo3mmUSyULo,"Banking, leverage and systemic fragility","It’s One Big (bailout) Club, and You’re Not In It"
Cg8tGQ0m5FE,"Banking, leverage and systemic fragility",Credit Suisse: Bank Contagion has Reached Europe
qRlCh_8j4Yk,"Banking, leverage and systemic fragility",Who is REALLY Paying For the Bank Bailouts?
gDxWxxHXeaI,"Banking, leverage and systemic fragility",The Real Reason Banks are Suddenly Collapsing
z1aO-SOjIBI,"Banking, leverage and systemic fragility",BIS Issues a Warning to Central Banks about Inflation
ZRJqwkWHfKE,"Banking, leverage and systemic fragility",Why Bank Account Interest Rates are Still So Low
G2G1JyfhGq0,"Banking, leverage and systemic fragility","The Fed is Bankrupt, But Does it Matter?"
AtTSHqZwMxE,"Banking, leverage and systemic fragility","The Next Liquidity Crisis is with Households, NOT Banks"
RRwWj0W6t2g,"Banking, leverage and systemic fragility",Bank of England Begins Stage One CBDC
qSx8nqCxIs0,"Banking, leverage and systemic fragility",Bank of America CEO is Preparing for US Default
0yHp6sHB-jY,"Banking, leverage and systemic fragility",The Credit Card Apocalypse has Begun
W7NTTQVSa94,"Banking, leverage and systemic fragility",Banks Have Over $5 Trillion in Reserves
0w9w7F5pZ7k,"Banking, leverage and systemic fragility",I Explained Fractional Reserve Banking to my 5 Year Old
WlRu4kpdKI8,"Banking, leverage and systemic fragility",Swiss Central Bank Just Posted its Largest Loss in History
l2QYI3Wflzw,"Banking, leverage and systemic fragility",Central Banks Haven't Done This Since Before 1971
Y92ORshcZzU,"Banking, leverage and systemic fragility",Is QT Actually Inflationary? (Fed Paying Banks Billions)
4xKDRi1Bmpc,"Banking, leverage and systemic fragility","Harvard Tells Central Banks: ""Hedge Against US Sanctions"""
FblXQ7qa-B4,"Banking, leverage and systemic fragility",Are Central Banks Planning a Gold Revaluation?
zRtSUX0qpYM,"Banking, leverage and systemic fragility",Record High Gold Buying from Mystery Central Bank
rmiReNSEids,"Banking, leverage and systemic fragility",Yellen Wants a Second Central Bank
mCRUu__KgsA,"Banking, leverage and systemic fragility",The Bank of England Bailout Just Got Bigger
V0xiY1W92nc,"Banking, leverage and systemic fragility",Did the Fed Start its Backdoor Bailout with Reverse Repo?
wW4XkW4n-4k,"Banking, leverage and systemic fragility","Swiss Bank Falls, US Banks Next?"
NprQ3_SbzbM,"Banking, leverage and systemic fragility",Credit Card Debt is about to Wipe Out Most Americans
raCEQeK2RRo,"Banking, leverage and systemic fragility",The Bond Market Just Got Worse than Lehman
8my3wSVW6l8,"Banking, leverage and systemic fragility",What is a Central Bank Digital Currency? Explained Simply
8gh4xp4pS_o,"Banking, leverage and systemic fragility",After 3 Years the Fed is Undoing its Repo Market Bailout
qMSA1r6XbNg,"Banking, leverage and systemic fragility",The Fed Wants to Bankrupt Households and Crash the Markets
HatEUMdsO0s,"Banking, leverage and systemic fragility",Can the Federal Reserve Go Bankrupt?
XiKG2dNg3XQ,"Banking, leverage and systemic fragility",Central Banks Warn of New Era of High Inflation
yi6LpG5dRsM,"Banking, leverage and systemic fragility",Switzerlands' Second Largest Bank Issues a Profit WARNING
E5rY9-3lFpo,"Banking, leverage and systemic fragility","The Next Bailout Will Be Only For Them, NOT For You"
_kPsIR2ukCo,"Banking, leverage and systemic fragility","Yellen Vows Next Bailout to come ""As Quickly As Possible"""
KHd9ICO5LD4,"Banking, leverage and systemic fragility",Global Banking System on the Verge of Collapse
EmEIUrl0VTQ,"Banking, leverage and systemic fragility",Repo Expert Warns Sanctions on Russia is 'Lehman Event' Hours Away
JSdc36LrfbQ,"Banking, leverage and systemic fragility",Central Bank Digital Currencies: How Freedom Dies
kwnAqVtKa0U,"Banking, leverage and systemic fragility",Fed to Stress Test Banks with Turmoil in Debt Markets
OJDz1pJAi3U,"Banking, leverage and systemic fragility",Credit Spreads are Widening and Bankers Don't Care
phuaGCQMoLY,"Banking, leverage and systemic fragility",Big Banks Recommend Layoffs to Deal with Rising Wages
9PDKnmlGm1I,"Banking, leverage and systemic fragility","Silver Squeeze is Working, Banks are Stuck Short"
7SxmPhFKO8E,"Banking, leverage and systemic fragility",Bank Error Sends $176 Million... then asks for it back
kJKfv2AHAZQ,"Banking, leverage and systemic fragility",Why Inflation is Actually Just a Run on the Bank
vxCJeo2iO1g,"Banking, leverage and systemic fragility",um... it MIGHT be time to deleverage
vIPqzzT6u70,"Banking, leverage and systemic fragility","Evergrande Still No Bailout, Contagion Spreading"
YbQAeDtsRm4,"Banking, leverage and systemic fragility",Could China's Evergrande Spark the Next Global Financial Crisis?
dINDgvrayhA,"Banking, leverage and systemic fragility",Bank Collateral Shortage Going from Bad to Worse
A4UWtTyp75c,"Banking, leverage and systemic fragility",Wells Fargo Shuts Down All Personal Lines of Credit
UW9LbfuCTP0,"Banking, leverage and systemic fragility",Central Bank Digital Currencies ARE NOT Cryptocurrencies (explained SIMPLY)
KUF_PyEVhxI,"Banking, leverage and systemic fragility","Hedge Fund FAILS: Banks Lose Billions, Threatens Financial System"
L1vfTyAGyJA,"Banking, leverage and systemic fragility",Fed Does NOT Extend Capital Requirement Relief for Banks!
4N1CZlYwsGU,"Banking, leverage and systemic fragility",$1.9 Trillion Stimulus Bill Poses Threat to Banks
UEhdkj7SBxc,"Banking, leverage and systemic fragility",Fed Cover Up?! Major Issues for Banks THIS MONTH
m6jvUiKFkSM,"Banking, leverage and systemic fragility",Bullion Banks Look Like a Failing Currency Peg
KpAomztLIqE,"Banking, leverage and systemic fragility",Central Banks are Bullish on Gold Again
9p08nAAgkUg,"Banking, leverage and systemic fragility",[CLIP] Brief History of Money: Credit to Commodity to Paper to Digital
tH57Qs9pOjI,"Banking, leverage and systemic fragility",[CLIP] Central Bank Digital Currencies are NOT Cryptocurrencies
ebcjVBEb1c8,"Banking, leverage and systemic fragility",[CLIP] Central Bank Digital Currencies will make Banks Obsolete
5GJqdyrBGp8,"Banking, leverage and systemic fragility",[CLIP] CBDC's Give Central Banks Precise Economic Control
Z6pXRxGYm_4,"Banking, leverage and systemic fragility",Central Bank Digital Currencies are HERE | What You Need to Know
ewpKMWveo_s,"Banking, leverage and systemic fragility",Did Someone Just Secretly FORCE Banks to Start Lending Again?? (this is big)
dhV0GbSBisU,"Banking, leverage and systemic fragility","How to Navigate a Currency Reset | Pt. 3 - Day to Day (Debt, Bills, and Banking)"
6fZ6Io_UZ8I,"Banking, leverage and systemic fragility",Bank of England STEALS Venezuela's Gold | Spells BIG Risk for GLD Owners
u_R0O1Lp94Y,"Banking, leverage and systemic fragility",Fed Stress Test Reveals Banking Crisis Imminent?
Usd2su3YhKw,"Banking, leverage and systemic fragility",The WILD Story of Hertz Bankruptcy and the Robinhood Effect
R89fxkMquxM,"Banking, leverage and systemic fragility",The $40 TRILLION Derivatives Ticking-Time Bomb (Bigger than Lehman)
YnoJnmQvAoM,"Banking, leverage and systemic fragility",The Shadow Banking System Exposed and Explained
-SPdHErqEUM,The dollar and the international monetary system,"It's Not the Stock Market That's Dangerous, It's the Dollar."
5ZXs9RSVd40,The dollar and the international monetary system,The Yen is Showing You EXACTLY How the Dollar Ends
ZiC3kOBHh1I,The dollar and the international monetary system,The Death of the Dollar Just Died
StqXPxjGnRY,The dollar and the international monetary system,New Treasury Swap Lines to Protect Dollar Dominance in Middle East
rEBV24H0PSY,The dollar and the international monetary system,New Clarity Act is Trojan Horse for Dollar as Global Reserve Currency
sE4sP9BuUlU,The dollar and the international monetary system,The Iran War Just Killed the Petrodollar
iyWWYA2O1xA,The dollar and the international monetary system,Dollars ARE Debt
9cKA0jZI9pU,The dollar and the international monetary system,How Long Will it Take for the Dollar to Hyperinflate
yvutdxMsxic,The dollar and the international monetary system,"It’s Not an Everything Bubble, it’s a Dollar Collapse"
Y1OKIgfJ8Qc,The dollar and the international monetary system,The Government is Borrowing Half a Trillion Dollars Per Month
O3DGQvyepUQ,The dollar and the international monetary system,What I Learned Losing a Million Dollars
UDaAIXDQt2k,The dollar and the international monetary system,The Treasury’s Plan to Take Control of the Federal Reserve
7xH92q0LmU4,The dollar and the international monetary system,The Plan to End the Fed’s Interest Payments on Reserves will Funnel Trillions into T-Bills
iM3gDv8o3-s,The dollar and the international monetary system,This is How the Dollar Dies
AFlUmeYZBGI,The dollar and the international monetary system,The Next Planned Black Swan: Global De-Dollarization
iGBsuBnfcJc,The dollar and the international monetary system,"Japan's ""Yen Carry Trade"" is Unwinding - and Breaking the Market"
aEqD9YW7224,The dollar and the international monetary system,This is What a Global Currency Transition Looks Like
19c_nf8RtVg,The dollar and the international monetary system,"No, Saudi Arabia Did Not Just End a Decades-Old Dollar Agreement"
LQ0M66_AjXo,The dollar and the international monetary system,"The Dollar is About to ""Crash"" Higher"
RlhWhQSWils,The dollar and the international monetary system,How the Next Round of Bailouts will be Reserved for the Elites
tksDsr0CRjE,The dollar and the international monetary system,Is The Dollar In Danger of Dying?
hyAv47t5g_E,The dollar and the international monetary system,A Global Debt Crisis will Send the Dollar Soaring Higher
pWCJsyupv6Q,The dollar and the international monetary system,The Truth about BRICS Gold-Backed Currency
91z8VFoIFiQ,The dollar and the international monetary system,RFK Jr. Plans to Back the US Dollar with Bitcoin and Gold
jwvp6W_dokc,The dollar and the international monetary system,Why the Dollar is Suddenly Collapsing
utGRDj0vFAI,The dollar and the international monetary system,The Truth About Gold-Backed Cryptocurrencies
tmI19rnljmw,The dollar and the international monetary system,The Truth About Europe’s Great Energy Reset
mvP0nYHZLN8,The dollar and the international monetary system,One World Currency
it1cU2mayeU,The dollar and the international monetary system,Who Really Owns the Federal Reserve
BRbIW-dx7jw,The dollar and the international monetary system,How Currencies Start - and Why they Always Fail
ztxkqS4hvr4,The dollar and the international monetary system,Why America's Enemies Can't Dump the Dollar (yet)
Gmy6lCgldNY,The dollar and the international monetary system,The Dollar will Spike Before it Fails
gMprGLMz-1A,The dollar and the international monetary system,What Happens to Your Debt when the Dollar Dies
dPODhNsVVRk,The dollar and the international monetary system,Central Bank Digital Currencies are Officially Here
CEcNnNyYaz4,The dollar and the international monetary system,Fractional Reserve Banking May Not Exist for Much Longer
n7KlLwASTKA,The dollar and the international monetary system,Why the World Doesn't Need Dollars for Oil Anymore
Cg8tGQ0m5FE,The dollar and the international monetary system,Credit Suisse: Bank Contagion has Reached Europe
wpvnhxlYsVw,The dollar and the international monetary system,Eurodollars: The Greatest Risk to the Global Financial System
Q26Dt1UkLXk,The dollar and the international monetary system,Lebanon 90% Currency Devaluation Overnight
W7NTTQVSa94,The dollar and the international monetary system,Banks Have Over $5 Trillion in Reserves
0w9w7F5pZ7k,The dollar and the international monetary system,I Explained Fractional Reserve Banking to my 5 Year Old
M7RO6ETwrxE,The dollar and the international monetary system,"Saudi Arabia  ""Open to Trade in Other Currencies"""
tc0xrgkEJRY,The dollar and the international monetary system,"Russia Doubled their Gold and Yuan, No More Yen & Pound"
IkEN1z6hRWQ,The dollar and the international monetary system,Russia Predicts US Civil War and Euro Collapse in 2023
aefs5v_VaTI,The dollar and the international monetary system,The World is Racing to Dump the Dollar
PudmVV_7xL0,The dollar and the international monetary system,Russia to Start Buying More Yuan in 2023
6dATBptUrVk,The dollar and the international monetary system,There is $80 Trillion in Missing Dollar Debt
GZXUuGJ3mPc,The dollar and the international monetary system,Ghana to Buy Oil with Gold instead of Dollars
l8HGRvkc0pA,The dollar and the international monetary system,The Fed Just Launched the Digital Dollar
v_dpmvZr8ok,The dollar and the international monetary system,The Digital Euro is Coming... and it's Pure Tyranny
fbefA7-zRK0,The dollar and the international monetary system,The Fed is Hemorrhaging Billions of Dollars
T15i_4o8gJc,The dollar and the international monetary system,Japan Forced to Rescue the Yen... Again
IQORd6dmqW8,The dollar and the international monetary system,Japan Trade Deficit hits Record as Yen Collapses
8my3wSVW6l8,The dollar and the international monetary system,What is a Central Bank Digital Currency? Explained Simply
96HMQP8nbao,The dollar and the international monetary system,How Fiat Currency Caused the Global Energy Crisis
ypyaZJ_6KPA,The dollar and the international monetary system,How a Strong Dollar is Actually Exporting US Inflation
wXNDfa-DExE,The dollar and the international monetary system,The Dollar is Set for a Big Move Higher
0M6T0KZEft4,The dollar and the international monetary system,China and Russia are Making a New Global Reserve Currency
9qbplQX9JWM,The dollar and the international monetary system,Foreign Dollars are Piling into US Real Estate
otPl9nDb1Og,The dollar and the international monetary system,Stronger Dollar is Pushing the Global Economy to its Breaking Point… Again
HatEUMdsO0s,The dollar and the international monetary system,Can the Federal Reserve Go Bankrupt?
JeM17XpLnNA,The dollar and the international monetary system,More Global De-Dollarization from Nigeria
BNp9DVpzyqM,The dollar and the international monetary system,India No Longer Requires Dollars for Imports/Exports
jXPVRS09usg,The dollar and the international monetary system,Biden is Sending US Oil Reserves to China
9bBdH7HdRyg,The dollar and the international monetary system,Japan Has Lost Control of the Yen
hrvzFqD9wnU,The dollar and the international monetary system,The Government Wants to Regulate Cryptocurrencies like Commodities
JxctBTnGuNE,The dollar and the international monetary system,Iran Proposes New International Currency
I4jm_ovYIGM,The dollar and the international monetary system,US to Create CBDC Global Monopoly using SWIFT
Sgj15CpNwL0,The dollar and the international monetary system,The European Stocks Flash Crash Explained
YmKWwc9pikA,The dollar and the international monetary system,"Israel Reduces Dollar Exposure, Adds Chinese Yuan"
WhfhcgHO_Kk,The dollar and the international monetary system,The Japanese Yen is Collapsing
ajEAloBrp2g,The dollar and the international monetary system,How things get Re-Priced when a Currency Fails
bjYNsPr3R7A,The dollar and the international monetary system,Who is Really Winning the Currency War?
dfYMwvSU-to,The dollar and the international monetary system,Biden to Drain Strategic Oil Reserves to Fight Inflation
0kQ3pOAKeto,The dollar and the international monetary system,Does it Matter if Oil is Not Priced in Dollars Anymore?
_dvPN3Vd6l8,The dollar and the international monetary system,New Bill deems El Salvador Bitcoin 'THREAT' to US Dollar and Financial System
ULpcZ-tNvrU,The dollar and the international monetary system,"Gold's Role in Global De-Dollarization with Michael Wood, CEO of Reyna Gold"
U4QZVafAr_M,The dollar and the international monetary system,Saudis in talks with China to price Oil in Yuan instead of Dollars
t4ZOno91g64,The dollar and the international monetary system,Nigeria Ran Out of Dollars
nVOk_X-LCKE,The dollar and the international monetary system,Why the Dollar's Strength is a Sign of Weakness
jAiUVLCLsbg,The dollar and the international monetary system,"Europe may Label Weapons ""Green"" for Easier Investing Rules"
GrSn66StrzY,The dollar and the international monetary system,This is How the Dollar Dies
JSdc36LrfbQ,The dollar and the international monetary system,Central Bank Digital Currencies: How Freedom Dies
2IZ9b2WeWrY,The dollar and the international monetary system,Is the Euro in Trouble?
Tsaj7IVHaDE,The dollar and the international monetary system,Why the Rising Dollar Poses a Threat to Global Markets
TcJwaUy_L2E,The dollar and the international monetary system,The Federal Reserve's Political Independence Explained
UW9LbfuCTP0,The dollar and the international monetary system,Central Bank Digital Currencies ARE NOT Cryptocurrencies (explained SIMPLY)
uhYB3b0xg1w,The dollar and the international monetary system,El Salvador Enters the Global Currency War
dY3oLXxjpJY,The dollar and the international monetary system,Russia's Wealth Fund Dumps ALL Dollars? The Truth
GsTCqC5LFFI,The dollar and the international monetary system,"US Slams Russia with Sanctions, Escalates Global Currency War"
ocB8IzkXr9s,The dollar and the international monetary system,How to Short the Dollar
1vaafsI9R4I,The dollar and the international monetary system,Russia Now has More Gold than Dollars
m6jvUiKFkSM,The dollar and the international monetary system,Bullion Banks Look Like a Failing Currency Peg
DSHH0d3F4Sw,The dollar and the international monetary system,"Breakouts! Hard Money Pumps, Easy Dollar Dumps"
POWITszxGZY,The dollar and the international monetary system,China's Digital Currency Takes it Up a Notch
4Gelc5r4cug,The dollar and the international monetary system,Every Dollar You Own is a Loan to the Government
Z6-Oe__BUu4,The dollar and the international monetary system,EVERY Dollar the Government Spends Comes from Your Wallet | Here’s How
A2S4Y01iB5Y,The dollar and the international monetary system,What Happens to your PENSION in a Currency Reset?
tH57Qs9pOjI,The dollar and the international monetary system,[CLIP] Central Bank Digital Currencies are NOT Cryptocurrencies
ebcjVBEb1c8,The dollar and the international monetary system,[CLIP] Central Bank Digital Currencies will make Banks Obsolete
Z6pXRxGYm_4,The dollar and the international monetary system,Central Bank Digital Currencies are HERE | What You Need to Know
-1dYjGsydAI,The dollar and the international monetary system,Iran Ditches the Dollar for Chinese Yuan
XMqbt4_Kurg,The dollar and the international monetary system,"How a New ""Treasury Dollar"" could Replace Federal Reserve Notes"
XIB4IOrbKZo,The dollar and the international monetary system,How to Navigate a Currency Reset | Pt. 4 (final) - Escape Plan
dhV0GbSBisU,The dollar and the international monetary system,"How to Navigate a Currency Reset | Pt. 3 - Day to Day (Debt, Bills, and Banking)"
sBiGDFnFBlQ,The dollar and the international monetary system,The Dollar Dump is Pushing Stocks to Follow Gold's Lead to All Time Highs
99DH1YaThJ0,The dollar and the international monetary system,How to Navigate through a Currency Reset | Pt. 2 - Taxable Assets
yWbpv6B4gWg,The dollar and the international monetary system,How to Navigate through a Currency Reset | Pt. 1 - Retirement
etMYLScvmV0,The dollar and the international monetary system,China Takes Another Shot at the Dollar
KErptNzYwfc,The dollar and the international monetary system,Is There a Dollar Shortage?
z3MDZS31GqM,The dollar and the international monetary system,Dollar Strength or Dollar Weakness? What you need to know.
2HAgQ1zw1eU,The dollar and the international monetary system,The Currency War Escalates as China Seeks to Dethrone the Dollar
geUMT2ytdd4,The dollar and the international monetary system,"Fed Monetizing ALL Debt Now, Facilitating Dollar Devaluation"
Mgi4eSJs0hw,The dollar and the international monetary system,History in the Making: The Collapse of the Dollar's Reign
XzmCYAnIrnk,The dollar and the international monetary system,The Lindy Effect | Why Gold Will Outlast Dollars
-GT2FmXrAto,"Cryptoassets, CBDCs and digital money",Is Bitcoin Dead?
74dO0cTMUZc,"Cryptoassets, CBDCs and digital money",The Government is About to Print $1 Trillion to Buy Bitcoin
YybhrWm93-4,"Cryptoassets, CBDCs and digital money",The End of Bitcoin?
CjiL_uvB67A,"Cryptoassets, CBDCs and digital money",The REAL Reason the US is Racing to Embrace Crypto
1S5J8UAW2ns,"Cryptoassets, CBDCs and digital money",Congress is Considering Revaluing Gold to Buy Bitcoin
jNgf4MMw0Do,"Cryptoassets, CBDCs and digital money",Bitcoin - The Final Cycle
0Fg30bxX9BA,"Cryptoassets, CBDCs and digital money",Buying Bitcoin Now Will Not Make Your Descendants Rich
Y_O8XH8vmo8,"Cryptoassets, CBDCs and digital money","The BlackRock Bitcoin ETF is Coming Soon, but Not First"
-mNneIs2Cn0,"Cryptoassets, CBDCs and digital money",One Final Bitcoin Dump Before SEC Approves ETF (big money front running widespread adoption)
91z8VFoIFiQ,"Cryptoassets, CBDCs and digital money",RFK Jr. Plans to Back the US Dollar with Bitcoin and Gold
EsfZkAuf3Ok,"Cryptoassets, CBDCs and digital money",Big Money is Front Running a Big Move into Bitcoin
t5TwxRzEk18,"Cryptoassets, CBDCs and digital money",The IMF Unveiled their Blueprint for a Global CBDC
utGRDj0vFAI,"Cryptoassets, CBDCs and digital money",The Truth About Gold-Backed Cryptocurrencies
5oWVf0yd60I,"Cryptoassets, CBDCs and digital money",The SEC Attack on Crypto is Unconstitutional
dPODhNsVVRk,"Cryptoassets, CBDCs and digital money",Central Bank Digital Currencies are Officially Here
WIZKHj_DW3E,"Cryptoassets, CBDCs and digital money",Their Secret Plan to Kill Crypto and Launch FedNow CBDC
RRwWj0W6t2g,"Cryptoassets, CBDCs and digital money",Bank of England Begins Stage One CBDC
_hiuY33ONDA,"Cryptoassets, CBDCs and digital money","Chinese Adoption of CBDC has been ""Low and Inactive"""
w3KTg_mgsBM,"Cryptoassets, CBDCs and digital money",Michael Saylor's MicroStrategy just SOLD Bitcoin
wR89I4v97sU,"Cryptoassets, CBDCs and digital money",Nigeria Just Capped ATM Withdrawals to Push CBDC
LGd07eOa0wU,"Cryptoassets, CBDCs and digital money",New Push for CBDC in UK with Digital Pound
a12u4sVHD7U,"Cryptoassets, CBDCs and digital money",Nigerians Reject CBDC for Bitcoin
ATlG9IajjEs,"Cryptoassets, CBDCs and digital money",Rejecting a CBDC will Cost You Your Pension
sC8AgqMIhaw,"Cryptoassets, CBDCs and digital money",Biden's New Crypto Regulation - What You Need to Know
8my3wSVW6l8,"Cryptoassets, CBDCs and digital money",What is a Central Bank Digital Currency? Explained Simply
YzJjYVZowPI,"Cryptoassets, CBDCs and digital money",The Fed Just Announced CBDC Launch 2023
JQrl5QZs2oc,"Cryptoassets, CBDCs and digital money",Fed President Just DESTROYED Argument for CBDC
bCLTU3L6-xU,"Cryptoassets, CBDCs and digital money",The War on Crypto has Begun
6Q2rRGWiJ7U,"Cryptoassets, CBDCs and digital money",Bitcoin is Gearing Up for Another Large Drop | with @GarethSolowayProTrader
f9Fido8Btxo,"Cryptoassets, CBDCs and digital money",Beware of Shorting Bitcoin with This New Fund
EtNxyQMN76Y,"Cryptoassets, CBDCs and digital money",This Is How They’ll Convince America to Adopt a CBDC
LpcQSCH7Olc,"Cryptoassets, CBDCs and digital money",How to Know When to Buy Bitcoin
hrvzFqD9wnU,"Cryptoassets, CBDCs and digital money",The Government Wants to Regulate Cryptocurrencies like Commodities
I4jm_ovYIGM,"Cryptoassets, CBDCs and digital money",US to Create CBDC Global Monopoly using SWIFT
xgyhw4BchYg,"Cryptoassets, CBDCs and digital money",Crypto is Collapsing
1eN3PgIQxEE,"Cryptoassets, CBDCs and digital money",Lost Everything in the Crypto Crash? DON'T Kill Yourself
NifvsZApq-Y,"Cryptoassets, CBDCs and digital money",UST Stablecoin BLOW UP is Trojan Horse for FedCoin
_w5NJPm1Sbg,"Cryptoassets, CBDCs and digital money",Fidelity will Add Bitcoin to its 401k Plans
09sXiu4Dybc,"Cryptoassets, CBDCs and digital money",Russia may Accept Gold and Bitcoin for Oil and Gas
_dvPN3Vd6l8,"Cryptoassets, CBDCs and digital money",New Bill deems El Salvador Bitcoin 'THREAT' to US Dollar and Financial System
qe0X-3JBvoU,"Cryptoassets, CBDCs and digital money",Bitcoin looks like Amazon before DotCom Crash with Gareth Soloway
bu26mrwbbmc,"Cryptoassets, CBDCs and digital money",Biden Signs Executive Order on Crypto
NjTqQ2cexoE,"Cryptoassets, CBDCs and digital money",Proof Governments Know NOTHING About Crypto
JSdc36LrfbQ,"Cryptoassets, CBDCs and digital money",Central Bank Digital Currencies: How Freedom Dies
Iwz5QpBbPTk,"Cryptoassets, CBDCs and digital money",Why Gold and Bitcoin BOTH Win in a Fiat Collapse
8dYxmd1Q0LI,"Cryptoassets, CBDCs and digital money",A Big Crypto Crackdown is Coming
QOtrMgffC7I,"Cryptoassets, CBDCs and digital money",Arizona's Bill to make Bitcoin Legal Tender is Unconstitutional
YPVODY4DyQ4,"Cryptoassets, CBDCs and digital money",Fed Just Released 35-page Paper on a FedCoin CBDC
UcWqgYrKnno,"Cryptoassets, CBDCs and digital money","Fed Launches ""Innovation Center"" to Research CBDCs"
Ri64TsJsbYk,"Cryptoassets, CBDCs and digital money",The Lightning Network is the Key to 'Hyperbitcoinization'
4xxWkrooSmc,"Cryptoassets, CBDCs and digital money","Why ""Buy, Borrow, Die"" Doesn't Work for Bitcoin"
5iDSHfCDnkQ,"Cryptoassets, CBDCs and digital money",First Bitcoin ETF $BITO Launches This Week
yAFgd62RQJU,"Cryptoassets, CBDCs and digital money","Bitcoin is Breaking Out, and You're Not Too Late (yet)"
VLulrc235nY,"Cryptoassets, CBDCs and digital money","China Bans ALL Crypto, Gives Glimpse into Future Global Monetary System"
TRla1Bp7ixE,"Cryptoassets, CBDCs and digital money",New Bill Aims to Close Crypto Tax 'Loopholes'
3A8PPCjW518,"Cryptoassets, CBDCs and digital money",Does Energy Give Bitcoin (or anything) Value?
aGXkOGaRCOg,"Cryptoassets, CBDCs and digital money",Coinbase Users Get their Crypto Stolen
wBBDuzBFM6s,"Cryptoassets, CBDCs and digital money","The Ancient Monetary Systems behind Fiat, Bitcoin, and Gold"
8trIbfVUDXk,"Cryptoassets, CBDCs and digital money",US Ramps Up its War on Crypto
CBwlJ0kQi3I,"Cryptoassets, CBDCs and digital money",How Stablecoins will be a Trojan Horse for CBDC’s
_I0-mPG6ODg,"Cryptoassets, CBDCs and digital money",Bitcoin Update: Pump & Dump?
dWWWZLOAPZQ,"Cryptoassets, CBDCs and digital money","These 2 Bitcoin ""Death Sentences"" Just Got Flipped"
jamA7WoOVhI,"Cryptoassets, CBDCs and digital money",The Strange Accounting of Bitcoin on Corporate Balance Sheets Explained
ZpKN7pF7ySI,"Cryptoassets, CBDCs and digital money",The Fed Probably Now Owns Bitcoin Junk Bonds?!
UW9LbfuCTP0,"Cryptoassets, CBDCs and digital money",Central Bank Digital Currencies ARE NOT Cryptocurrencies (explained SIMPLY)
H8-atQMyP44,"Cryptoassets, CBDCs and digital money",The Bitcoin Flash Crash - and What To Do Now
ceikBrqpCXc,"Cryptoassets, CBDCs and digital money",Elon Musk is Wrong: Bitcoin is Good for the Environment
WumjWVZc0lA,"Cryptoassets, CBDCs and digital money",Is Tether a Ticking Time Bomb for Bitcoin?
ON2s7o3Cqic,"Cryptoassets, CBDCs and digital money",Tesla Sells Bitcoin as SEC Delays ETF Decision
64viHiG6fQQ,"Cryptoassets, CBDCs and digital money","Lyn Alden | Emerging Markets, Gold, Bitcoin, and Inflation!"
6G0m0LY5ZzQ,"Cryptoassets, CBDCs and digital money",Dogecoin Insanity - Different than Bitcoin?
v99mOzW-Ht8,"Cryptoassets, CBDCs and digital money",New Canadian Bitcoin ETF! Plus New RISKS for $BTC Investors
pjlhyeTJor8,"Cryptoassets, CBDCs and digital money",Does Bitcoin Have Intrinsic Value?
HX0U3VZwjXs,"Cryptoassets, CBDCs and digital money",What if Bitcoin Becomes Money?
mI1SmJHG8J4,"Cryptoassets, CBDCs and digital money",Bitcoin ETF Approval will CRUSH $GBTC
POWITszxGZY,"Cryptoassets, CBDCs and digital money",China's Digital Currency Takes it Up a Notch
I8pS5iDV8Ms,"Cryptoassets, CBDCs and digital money",Bitcoin Hits All-Time High?! | EXPLAINED
TUowz5Z4gkM,"Cryptoassets, CBDCs and digital money",NEW Coinbase Card - Did Crypto Just Become Money?
o-0__WsaYz8,"Cryptoassets, CBDCs and digital money",PayPal Jumps on Bitcoin Bandwagon - Has Gold been Left in the Dust?
tH57Qs9pOjI,"Cryptoassets, CBDCs and digital money",[CLIP] Central Bank Digital Currencies are NOT Cryptocurrencies
ebcjVBEb1c8,"Cryptoassets, CBDCs and digital money",[CLIP] Central Bank Digital Currencies will make Banks Obsolete
5GJqdyrBGp8,"Cryptoassets, CBDCs and digital money",[CLIP] CBDC's Give Central Banks Precise Economic Control
HH-jktWbatQ,"Cryptoassets, CBDCs and digital money",[CLIP] Government Incompetence Will Cause CBDC's to Fail
Z6pXRxGYm_4,"Cryptoassets, CBDCs and digital money",Central Bank Digital Currencies are HERE | What You Need to Know
30jMHN1QVBw,"Cryptoassets, CBDCs and digital money",I Just Increased my Allocation 5x to Bitcoin | Here's Why
Q7Uf-79WcdQ,"Cryptoassets, CBDCs and digital money",Does Bitcoin Have Intrinsic Value?
VmY9USvCjgk,"Cryptoassets, CBDCs and digital money",Why is Billionaire Paul Tudor Jones Betting on Bitcoin to Hedge Inflation?
7VN3bAsTRj0,"Cryptoassets, CBDCs and digital money",The Case for Bitcoin
8fUb1EXJ1zU,"Cryptoassets, CBDCs and digital money",The Truth About Bitcoin
ImmaexGYkwI,"Gold, silver and commodities",America Just Locked Up Venezuela's Oil for 100 Years
alnMhC2UFJU,"Gold, silver and commodities",Why is Gold Crashing from the War?
ebQJL8UIfJI,"Gold, silver and commodities","When Gold Does This, Empires Fall"
Z7DrlYYwfRw,"Gold, silver and commodities",The Silver Rush: Boom or Bubble?
p3Lt2AEEWec,"Gold, silver and commodities",How Gold Could Become Money Again
yHsF-FsJDE4,"Gold, silver and commodities","Gold at $4,000 is a Terrifying Sign of What's Coming"
k1JA3js_loA,"Gold, silver and commodities","Why Gold is Rising So Much, and So Quickly"
7CeR81P9KsA,"Gold, silver and commodities",Now the Fed is Talking about Gold Revaluation
nicnRxNqSBk,"Gold, silver and commodities",How Trump's Nuclear Energy Executive Orders will Impact America
1S5J8UAW2ns,"Gold, silver and commodities",Congress is Considering Revaluing Gold to Buy Bitcoin
xdpf34TyVI0,"Gold, silver and commodities","A ""Gold Run"" May Have Begun at the Bank of England"
Can_5smdMt4,"Gold, silver and commodities",Central Banks are Selling US Treasuries and Buying Gold Instead
jExbXxWbP6I,"Gold, silver and commodities",Gold's Rollercoaster: A Short-Lived Surge Leaves Investors Bewildered
vkaxengvX_c,"Gold, silver and commodities",WTF is Happening to Gold
jIKjqW8_Ssc,"Gold, silver and commodities",The Real Reason Energy is Getting So Expensive
7S8BdqQTrMA,"Gold, silver and commodities",Gold Prices are Beginning to Do Something Strange
ihkDyJRsgVA,"Gold, silver and commodities",The Government is at War with Affordable Energy
pWCJsyupv6Q,"Gold, silver and commodities",The Truth about BRICS Gold-Backed Currency
91z8VFoIFiQ,"Gold, silver and commodities",RFK Jr. Plans to Back the US Dollar with Bitcoin and Gold
m8x7kZ02CEg,"Gold, silver and commodities",Johnny Harris Lies about Nuclear Energy EXPOSED
utGRDj0vFAI,"Gold, silver and commodities",The Truth About Gold-Backed Cryptocurrencies
tmI19rnljmw,"Gold, silver and commodities",The Truth About Europe’s Great Energy Reset
n7KlLwASTKA,"Gold, silver and commodities",Why the World Doesn't Need Dollars for Oil Anymore
awg4Rb_U8eQ,"Gold, silver and commodities",The REAL Reason the World Never Went Back to the Gold Standard
ib4UIk9z1nI,"Gold, silver and commodities","The IMF Reports ""Gold is a Barbarous Relic No More"""
byUdEJ_Sxq0,"Gold, silver and commodities",The Fed's Secret Plan to Confiscate Gold from the Very Beginning
tc0xrgkEJRY,"Gold, silver and commodities","Russia Doubled their Gold and Yuan, No More Yen & Pound"
APLdHB7Unyg,"Gold, silver and commodities",Egyptians Flee to Gold to Fight Inflation
tpBMz6sp3gA,"Gold, silver and commodities",Ex Fed Insider Sees Gold Doubling
GZXUuGJ3mPc,"Gold, silver and commodities",Ghana to Buy Oil with Gold instead of Dollars
W9fgUNe3D_o,"Gold, silver and commodities",The Fed is About to Light Gold on Fire
FblXQ7qa-B4,"Gold, silver and commodities",Are Central Banks Planning a Gold Revaluation?
zRtSUX0qpYM,"Gold, silver and commodities",Record High Gold Buying from Mystery Central Bank
wzDKi1wKpFk,"Gold, silver and commodities",Politicians Lose Their Minds as OPEC Cuts Oil Output
nxyGF12RszA,"Gold, silver and commodities","Don't Pay Stupid Premiums for Silver, Do this Instead"
96HMQP8nbao,"Gold, silver and commodities",How Fiat Currency Caused the Global Energy Crisis
bi_nZXzLKZc,"Gold, silver and commodities","Gold Flashing Rare, Massive Short Squeeze Signal"
JwCOYM-giP4,"Gold, silver and commodities","Recessions, Inflation, and Gold"
Uz1-n1pcDeQ,"Gold, silver and commodities",Uganda Record Breaking Gold Discovery Is a Hoax
lFj2vHqphj4,"Gold, silver and commodities",Ukraine Reports $10 Billion In Gold Sales
G1bwy2kSENc,"Gold, silver and commodities",The Global Energy Crisis will Change the World Forever
jXPVRS09usg,"Gold, silver and commodities",Biden is Sending US Oil Reserves to China
Xrpu21GYPts,"Gold, silver and commodities",New Ban on Russian Gold Could Blow Up the Paper Gold Market
I8PIuuShDNs,"Gold, silver and commodities",India Just Got Cheap Oil from Russia Thanks to Sanctions
hrvzFqD9wnU,"Gold, silver and commodities",The Government Wants to Regulate Cryptocurrencies like Commodities
9jrxHuJ3EyA,"Gold, silver and commodities",Biden Turns to Venezuelan Dictator Maduro for Oil
RZd3CeuHG0g,"Gold, silver and commodities",Saudi Oil Minister Warns of Energy Crisis
WeqriDzGSPk,"Gold, silver and commodities",Kremlin Confirms Talks to Return to a Gold Standard
spoAsmH5Dio,"Gold, silver and commodities",Fed Warns Commodities Pose 'Macroeconomic Risk'
t1AUig4whlQ,"Gold, silver and commodities","Looking for Silver and Finding Gold with Jorge Monroy, CEO of Reyna Silver"
3QF7dX9ymVM,"Gold, silver and commodities",US Mint Sees Highest Gold Demand in 23 YEARS
dfYMwvSU-to,"Gold, silver and commodities",Biden to Drain Strategic Oil Reserves to Fight Inflation
0kQ3pOAKeto,"Gold, silver and commodities",Does it Matter if Oil is Not Priced in Dollars Anymore?
vkQSzyC7eUc,"Gold, silver and commodities",ANOTHER Reason to Never Buy a Gold ETF
bbNoddwc1Lo,"Gold, silver and commodities",Putin Just 'Pegged' the Ruble to Gold
09sXiu4Dybc,"Gold, silver and commodities",Russia may Accept Gold and Bitcoin for Oil and Gas
v9LQEoWpJ7s,"Gold, silver and commodities",Stocks vs Gold for High and Persistent Inflation with Patrick Yip from APMEX
avHoIdKXEEY,"Gold, silver and commodities",New Bill to Stop Russian Gold can turn ANYONE into a Felon
k8-byVHV72o,"Gold, silver and commodities",Investing for Exponential Returns during High Inflation with Mario Stifano CEO of Galantas Gold
ULpcZ-tNvrU,"Gold, silver and commodities","Gold's Role in Global De-Dollarization with Michael Wood, CEO of Reyna Gold"
P47EJ_Nqwu4,"Gold, silver and commodities",AMC Just Bought a Gold Mine (literally)
U4QZVafAr_M,"Gold, silver and commodities",Saudis in talks with China to price Oil in Yuan instead of Dollars
AsnO1_gCkqs,"Gold, silver and commodities",Oil is Flashing a Huge Recession Warning
Ajv28Qz4ygY,"Gold, silver and commodities",Big Money is Finally Rotating into Gold with Dave McAlvany Vaulted CEO
Mhui7M1c4mE,"Gold, silver and commodities",Gold Soars as the World Moves to BAN Russian Gold
Iwz5QpBbPTk,"Gold, silver and commodities",Why Gold and Bitcoin BOTH Win in a Fiat Collapse
z5wg2KSxMYQ,"Gold, silver and commodities",Gold hits 8-month High - Breakout or Fakeout?
VxZrXcaJZ_E,"Gold, silver and commodities",Goldman Sachs Ultra Bullish on Commodities
tR-STdXxDdU,"Gold, silver and commodities",Rate Hikes are Bullish for Precious Metals? with WallStreetSilver
ovKFqf3YQkU,"Gold, silver and commodities",Fed Deleted Gold Data from FRED Database
al--jqTh9l8,"Gold, silver and commodities",US Oil Breaches $90 for the First Time in Over 7 Years
J0txEKSYUgk,"Gold, silver and commodities",Gold is Doing Exactly What it Should be Doing Right Now
7H9br2Feaes,"Gold, silver and commodities",The Fed will Lose Control w/ Shawn Khunkhun Dolly Varden Silver
sYWWERYEz04,"Gold, silver and commodities",Gold ETF Sees Largest Inflows Since Inception
meJ0yVq4_vY,"Gold, silver and commodities","Gold Getting Closer to ""Bubble Phase"" of Bull Market"
jiRwAygkFqY,"Gold, silver and commodities",Silver is Shining Despite the Surge in Rates
9PDKnmlGm1I,"Gold, silver and commodities","Silver Squeeze is Working, Banks are Stuck Short"
3CfYr-O-ddo,"Gold, silver and commodities",Has a New Gold Bull Market Finally Begun?
PfCG6vq307g,"Gold, silver and commodities","The Economic Ninja and I discuss Gold, Inflation and a Denver Meet-Up"
ZmZPMMUhSDw,"Gold, silver and commodities",Some Venezuelans have Created Their Own Gold Standard
lto6nRX3HZg,"Gold, silver and commodities",Silver is Set for a Massive Bull Run
TEIhSD1GHaw,"Gold, silver and commodities",Oil is Poised for a 5-10 Year Bull Market
3A8PPCjW518,"Gold, silver and commodities",Does Energy Give Bitcoin (or anything) Value?
YXOSIVUCJ-s,"Gold, silver and commodities",Germans are Stockpiling Gold
fMVL7esd4KY,"Gold, silver and commodities",Palantir Buys $50 MILLION in 100 oz Gold Bars
wBBDuzBFM6s,"Gold, silver and commodities","The Ancient Monetary Systems behind Fiat, Bitcoin, and Gold"
ggjGm8860b8,"Gold, silver and commodities",Is Gold Dead?
APNu02IKfOM,"Gold, silver and commodities",Silver Buyers are Winning - Don't Get Shaken Out
BxvKICCE2VY,"Gold, silver and commodities",Commodities Getting CRUSHED | Buy the Dip?
tOu3Rxbunv0,"Gold, silver and commodities",Proof that Nothing has Intrinsic Value (even GOLD)
jRV-R8EPRg8,"Gold, silver and commodities",MASSIVE Gold Flows into China from Switzerland
hLilJeZjv-s,"Gold, silver and commodities",Can Goldbacks Bring Gold Back as Money?
Pyo7b-sa4oU,"Gold, silver and commodities",Silver Squeeze Still Showing Signs of Strength
9U4FzEsSIr0,"Gold, silver and commodities",Acre Gold Long Term Review
9uVKDbp0TRM,"Gold, silver and commodities",Gold and Silver are Out of the Woods and Headed Higher
64viHiG6fQQ,"Gold, silver and commodities","Lyn Alden | Emerging Markets, Gold, Bitcoin, and Inflation!"
H-1SysobPGU,"Gold, silver and commodities",Nuclear Energy is the Future (and a TREMENDOUS investing opportunity)
XGFvLHAPib8,"Gold, silver and commodities","Gold, Silver, Miners - Finally Headed to Moon?"
QZx6h0jPouQ,"Gold, silver and commodities","Gold Miners: Bottom is Almost Here, but Sell-Off Coming First"
dVrXhDAJ9ds,"Gold, silver and commodities",Stocks at All Time Highs? Not when priced in gold...
b9LiN4yEQ3c,"Gold, silver and commodities",New Bill to REPEAL Taxes on Gold and Silver!
imV5WgHyYvk,"Gold, silver and commodities",Which is Best for a Crash? Gold vs Cash
ievQEDyQT0M,"Gold, silver and commodities",HUGE Sign Gold could Finally be Turning Around
iYofiVZcK_E,"Gold, silver and commodities",Interview w/ an Insider! APMEX & OneGold CEO Ken Lewis on Silver Squeeze and Metal Shortages
KDaXHQmjvsc,"Gold, silver and commodities","Stocks Melt Up, Gold Melts Down"
0pWbyFMEP5Q,"Gold, silver and commodities",You Can Still Get Physical Silver... For Now
VnkE09bfYEY,"Gold, silver and commodities",I JUST Shorted Tesla... and Bought Oil
oh5IpUGHuto,"Gold, silver and commodities",LBMA Vaults DAYS Away from Running Out of Silver
Jo90sQZbEQo,"Gold, silver and commodities",Don't be Fooled by the Gold-to-Silver Ratio
1zUxpHwUTAQ,"Gold, silver and commodities",The Truth About the Silver Squeeze
9qoTgA0iyHI,"Gold, silver and commodities",GameStop Battle Escalates - Is Silver Next?
vxH1nBX32Tk,"Gold, silver and commodities",M2 Money Supply Growth is ROCKET FUEL for Gold and Miners
1vaafsI9R4I,"Gold, silver and commodities",Russia Now has More Gold than Dollars
CBNNjfLJ25c,"Gold, silver and commodities","Rates Pop, Gold Drops"
CGlcWsmaprE,"Gold, silver and commodities",Big Change to Gold Markets Coming in 2021
KpAomztLIqE,"Gold, silver and commodities",Central Banks are Bullish on Gold Again
TqSdD5yUwbE,"Gold, silver and commodities",I Just Backed Up the Truck on Gold Mining Stocks
4RGbkvo9ar4,"Gold, silver and commodities",Gold Price Breakdown | Last Chance to Buy?
RA_X-Z8tUWE,"Gold, silver and commodities",Gold Getting CRUSHED Today | Buy the Dip or Find Next Exit?
o-0__WsaYz8,"Gold, silver and commodities",PayPal Jumps on Bitcoin Bandwagon - Has Gold been Left in the Dust?
9p08nAAgkUg,"Gold, silver and commodities",[CLIP] Brief History of Money: Credit to Commodity to Paper to Digital
qCaf_75Xa9Q,"Gold, silver and commodities",What Happens to Gold in a Deflationary Death Spiral
bskHm6rMu0g,"Gold, silver and commodities",Why is China Stockpiling Commodities?
zC3bLfIKOA4,"Gold, silver and commodities","Gold to Reach $2,500 By November | All My Updated Price Targets"
hF0TZaBpt3A,"Gold, silver and commodities",Dave Portnoy hears Elon Musk will Mine Space Gold? (while Warren Buffett buys stake in Barrick GOLD)
LKUf0kXY2Lg,"Gold, silver and commodities",Gold and Silver SLAUGHTERED Today! Is the Blood Bath Over?
HmOIeJEF72w,"Gold, silver and commodities",Will the EPIC Rally in Gold & Silver Continue? Or Big Sell-Off Coming?
IQ7SFxuJpPg,"Gold, silver and commodities",Is Judy Shelton the Key to Returning to a Gold Standard?
sBiGDFnFBlQ,"Gold, silver and commodities",The Dollar Dump is Pushing Stocks to Follow Gold's Lead to All Time Highs
0WMJxYQUUO4,"Gold, silver and commodities",Gold Teases All Time High and Silver Sees Best Run in 40 YEARS
P8poiUOisCE,"Gold, silver and commodities",The Real Problem with Gold Standards (and the radical but effective solution)
QFGsUap_HxM,"Gold, silver and commodities",Gold and Silver Breaking Out while Stocks Move Sideways
6fZ6Io_UZ8I,"Gold, silver and commodities",Bank of England STEALS Venezuela's Gold | Spells BIG Risk for GLD Owners
LNEbUx83m90,"Gold, silver and commodities",Gold is Gearing Up for Rally to All Time High Within 6 WEEKS
Lzf_6vM4O9Y,"Gold, silver and commodities",The Gold Ban - Should You Worry about Confiscation?
T6DZkUKzSSI,"Gold, silver and commodities",What is Holding Silver Back?
-PIngNcrLKg,"Gold, silver and commodities",Is the Gold Rally Losing Steam?
miHaimjKeAQ,"Gold, silver and commodities",NEGATIVE Oil Prices?! Here's What It Means
6bPCD9SQ46U,"Gold, silver and commodities",Investing Changes on a Gold Standard | Part 3 of Creating Your Own Personal Gold Standard
_lNS49KHbzI,"Gold, silver and commodities",Create Your Own Gold Standard | Part 2 - Debt
kMIiXTWtH1c,"Gold, silver and commodities",Create Your Own Personal Gold Standard | Part 1 - Savings
7NOq7jbunFg,"Gold, silver and commodities",What in the World is Happening to Gold and Silver?!
4hQImf1_VvU,"Gold, silver and commodities","2020 Predictions | Markets, Politics and Gold"
FzYkhUEKXfs,"Gold, silver and commodities","The US Backs Hong Kong! PLUS: China's Nuclear Option, Poland Gold Repatriation, and Repo Update"
UXcD13p7qRk,"Gold, silver and commodities",How to Actually Buy Gold | Pros and Cons of Top 3 Methods
QfvMZrH8i9s,"Gold, silver and commodities",Why Dave Ramsey Is WRONG - And Right? - About Gold
XzmCYAnIrnk,"Gold, silver and commodities",The Lindy Effect | Why Gold Will Outlast Dollars
5i_q_v86wnE,"Housing, mortgages and household balance sheets",The Government is Taking Over the US Housing Market
vUnhYunuwcA,"Housing, mortgages and household balance sheets",How 50 Year Mortgages will Change Real Estate
khD-YF81hmg,"Housing, mortgages and household balance sheets",The Fed is Sacrificing the Housing Market to Bail Out the Government
a0jPJS0I3TY,"Housing, mortgages and household balance sheets",62% of Households Earning Over $300k Can't Pay Their Bills
oBZK44lBoc0,"Housing, mortgages and household balance sheets",US Households are on the Verge of Bankruptcy Right Now
4q8qlq5VQSQ,"Housing, mortgages and household balance sheets",The 2024 Real Estate & Bank Crisis has Begun
3i09Vp40xbM,"Housing, mortgages and household balance sheets",Why the Real Estate Crash Never Happened
6lavV_JFcC0,"Housing, mortgages and household balance sheets",No More Student Loan Forgiveness | Do This Now
I9M2fLMoERo,"Housing, mortgages and household balance sheets",This Real Estate Crash will Wipe Out the Banks
AtTSHqZwMxE,"Housing, mortgages and household balance sheets","The Next Liquidity Crisis is with Households, NOT Banks"
nhUsDuKfmDs,"Housing, mortgages and household balance sheets",The Housing Market is Starting to Send Mixed Signals
sDOvCLiB0LA,"Housing, mortgages and household balance sheets",1/3 of Small Businesses Can't Pay their Rent
V8Z93m1Pw1E,"Housing, mortgages and household balance sheets",Real Estate Prices Fall for the First Time in 3 Years
qMSA1r6XbNg,"Housing, mortgages and household balance sheets",The Fed Wants to Bankrupt Households and Crash the Markets
dbClpyP5cxQ,"Housing, mortgages and household balance sheets",The Supreme Court May Block Student Loan Forgiveness
V1bRVFUFsAM,"Housing, mortgages and household balance sheets",The Real Housing Crisis is in Renting
9qbplQX9JWM,"Housing, mortgages and household balance sheets",Foreign Dollars are Piling into US Real Estate
_5Xm-z-5xII,"Housing, mortgages and household balance sheets",The Ramifications of Mass Student Loan Forgiveness
aqfAUpDO804,"Housing, mortgages and household balance sheets",Is This The Top For The Real Estate Market?!
QYgt8lPNc4I,"Housing, mortgages and household balance sheets",Household Debt hits All Time High | Do This Instead
iRw_1Dk7t5Y,"Housing, mortgages and household balance sheets",New Housing Starts Unexpectedly Rise
ML0Hq08SrRo,"Housing, mortgages and household balance sheets","White House Warns Inflation will be ""Extraordinarily Elevated"""
boaTmE24IWk,"Housing, mortgages and household balance sheets",We Need to Talk about the Housing Market
bA1LwdjlTTw,"Housing, mortgages and household balance sheets",Mortgage Applications are Dropping Like a Rock
bUhq3DomIpM,"Housing, mortgages and household balance sheets",Mortgage Rates are Surging
C_0Hy-IHSWQ,"Housing, mortgages and household balance sheets",Thousands of Flights Getting Cancelled… Including Mine
QAa1rNlL03w,"Housing, mortgages and household balance sheets",Will the Housing Market Pause Before it Explodes?
zkUMIUQ7uCo,"Housing, mortgages and household balance sheets",Zillow Dumping Thousands of Homes in Portfolio Fire Sale
WKawWAyn3Oc,"Housing, mortgages and household balance sheets","Foreclosures ""SURGING"" - Housing Market Doomed?"
q-mffu8x33A,"Housing, mortgages and household balance sheets",Foreclosure Tsunami About to Crash the Housing Market?
xJYAwJsGyTg,"Housing, mortgages and household balance sheets",How Real Estate Performed During 1970's Inflation
pQQztUTFwwk,"Housing, mortgages and household balance sheets",Real Estate Update (August 2021)
lw2A8pW1p14,"Housing, mortgages and household balance sheets",The Real Housing Crisis is Not What You Think
ldLEWFFUIp8,"Housing, mortgages and household balance sheets",Rents Just Spiked the Most in 15 Years
5UxpoCA4Hws,"Housing, mortgages and household balance sheets","Why Mortgage Applications Dropped, and Where you can STILL Find Cheap Real Estate"
VZ6HoIs6WSk,"Housing, mortgages and household balance sheets",Real Estate Affordability Crisis Just Got Even Worse
hmypT-pm0lk,"Housing, mortgages and household balance sheets",Should You be Worried about a Housing Crisis in 2021?
ssAt46oVbbw,"Housing, mortgages and household balance sheets",5 Unique Ways to Invest in Real Estate (previously only available to the rich)
aFetPdv7Ad4,"Housing, mortgages and household balance sheets","Real Estate to Stall, then BOOM in 2021"
GCvkD8XJbLk,"Housing, mortgages and household balance sheets",So will there be a Housing Market Crash or Not??
WoGTkif4RuU,"Housing, mortgages and household balance sheets",Can’t Afford Mortgage Payments? Good News: Forbearance + Deferment
8lZHZGUStzE,"Housing, mortgages and household balance sheets",Is Now a Bad Time to Invest in Real Estate?
NotmxtjjYZU,"Housing, mortgages and household balance sheets",The Truth About Your Student Loans
JvHUloFygAw,"Housing, mortgages and household balance sheets",How Will The Crash Impact Real Estate?
ZcpMND3hZ5c,"Financial markets, trading and portfolio construction",The Bond Market Just Called Bessent’s Bluff
-SPdHErqEUM,"Financial markets, trading and portfolio construction","It's Not the Stock Market That's Dangerous, It's the Dollar."
YAwg5V95dQA,"Financial markets, trading and portfolio construction",The Market Does the Same Thing After Every Midterm.
siKs9n6BjCI,"Financial markets, trading and portfolio construction",I Lost 91.4% of My Portfolio Making This Mistake
0Pdd2__OHVQ,"Financial markets, trading and portfolio construction",The AI Bubble Just Ended - Without Popping
e33UP-pSdzA,"Financial markets, trading and portfolio construction",The Real Reason They Rigged the Biggest IPO in History
GDOy9d24auI,"Financial markets, trading and portfolio construction",The Real Reason the Market is Ripping Higher
6Voa_CRRc2M,"Financial markets, trading and portfolio construction","The ""Active Trading"" Lie Designed to Keep You Poor"
cO47Km5aUoo,"Financial markets, trading and portfolio construction",Cornering the Market - Hedge Funds Cause Historic Short Squeeze
yfsIPgPFvpM,"Financial markets, trading and portfolio construction",The Jobs Market is Collapsing - or is it?
R_KbC3RaIqw,"Financial markets, trading and portfolio construction",Investing During Wars - Cash Out or Buy the Dip?
0vLeHFO7-HE,"Financial markets, trading and portfolio construction",The Markets will Never Be the Same - AI Takeover
zYEjmUv1FXs,"Financial markets, trading and portfolio construction",The Market at All Time Highs - Don’t Make This Mistake
QjBfdn1LHYM,"Financial markets, trading and portfolio construction",A Recession (and bear market) Happens EVERY TIME the Fed Does This
al3_Kc46i4A,"Financial markets, trading and portfolio construction",Buy the Everything Bubble? Or Lose to Inflation?
5i_q_v86wnE,"Financial markets, trading and portfolio construction",The Government is Taking Over the US Housing Market
Z7DrlYYwfRw,"Financial markets, trading and portfolio construction",The Silver Rush: Boom or Bubble?
Bj9e_yxPnQE,"Financial markets, trading and portfolio construction",What is the Best Investment Account for Kids in 2026?
2Y7_c_Xw9SM,"Financial markets, trading and portfolio construction",Markets are About to Do the Unexpected
86NaFfpGbUc,"Financial markets, trading and portfolio construction","The AI Bubble, Mass Unemployment, and Solving Poverty"
RQbNlHOECxI,"Financial markets, trading and portfolio construction",They are About to Flood the Market with Liquidity
PizMdirtkaw,"Financial markets, trading and portfolio construction",The Government Shutdown is Crashing the Market
Sg-WWlHuLqM,"Financial markets, trading and portfolio construction","Repo Market Just Spiked, 2008 Repeat?"
khD-YF81hmg,"Financial markets, trading and portfolio construction",The Fed is Sacrificing the Housing Market to Bail Out the Government
QWU4q0Ir9cI,"Financial markets, trading and portfolio construction",You Aren’t Ready for what Stocks are About To Do
yvutdxMsxic,"Financial markets, trading and portfolio construction","It’s Not an Everything Bubble, it’s a Dollar Collapse"
ZPC5uDDEdfk,"Financial markets, trading and portfolio construction",The Stock Market is Now the Most Overvalued in History
SshDKNhXyS4,"Financial markets, trading and portfolio construction",The Fed Just Bailed Out the Repo Market (First Time Since 2019)
wJOvlyuMY5s,"Financial markets, trading and portfolio construction",Even Blackrock has Abandoned the 60/40 Portfolio
fLb5-wzXMno,"Financial markets, trading and portfolio construction",How Free Online Trading Platforms Actually Make Money
s77jl6p24OE,"Financial markets, trading and portfolio construction",Investors Are Betting on a U.S. Default - Here’s Why
P5Iw17_Mml4,"Financial markets, trading and portfolio construction",The Bull Market is Officially Back
fBN3CpxSKIo,"Financial markets, trading and portfolio construction",Social Security is an Actual Ponzi Scheme. So is the Stock Market?
PUrymklnGz4,"Financial markets, trading and portfolio construction",The Tactical Cash Strategy That Beats 100% Investing
wFIyTqZNkhE,"Financial markets, trading and portfolio construction",Income Strategy Funds Never Outperform their Benchmark
5QR8HkuRoog,"Financial markets, trading and portfolio construction",Watch for the Fed to Bail Out the Bond Market Soon
-pe7fE57kLI,"Financial markets, trading and portfolio construction",The Real Reason the Treasury Market is Imploding (not China)
zLsCByn2GrA,"Financial markets, trading and portfolio construction",History Suggests the Market has Another Leg Down
l-jXg6E_7Tc,"Financial markets, trading and portfolio construction",Is Trump Crashing the Stock Market on Purpose to get Rates Down?
r1lbeLBGuCw,"Financial markets, trading and portfolio construction",Everyone Thinks the Market is About to Crash
qcizHaA-e6A,"Financial markets, trading and portfolio construction",How to Get Started Investing in 2025
1juJGETFr2U,"Financial markets, trading and portfolio construction",This Always Happens Right Before a Market Crash
6jcDnWrhed4,"Financial markets, trading and portfolio construction",How Rising Bond Yields Affect Every Area of the Market
Eu5qtUGP16c,"Financial markets, trading and portfolio construction",The Total Market Melt-Up has Begun
_F5NQkArZdk,"Financial markets, trading and portfolio construction",Your Chances of a “Lost Decade” Investing are WAY Worse than you Think
6y1BG9-VDQo,"Financial markets, trading and portfolio construction",The Japan Trade that Crashed the Market is Only Halfway Done
Vk_RmDFEHLI,"Financial markets, trading and portfolio construction",The Yield Curve is Un-Inverting (Stocks Crash Every Time)
iGBsuBnfcJc,"Financial markets, trading and portfolio construction","Japan's ""Yen Carry Trade"" is Unwinding - and Breaking the Market"
73oI_Amov4s,"Financial markets, trading and portfolio construction","BREAKING: Stocks are Crashing, DON'T Make This Mistake"
M_lBbkadeqA,"Financial markets, trading and portfolio construction",The Exact Investing Blueprint I Give my Family and Friends
-6fIbHDjexI,"Financial markets, trading and portfolio construction",Why the Best Investors Study Economics
jLqOC8v1N4E,"Financial markets, trading and portfolio construction",How to Hedge Any Investment from Loss (even physical assets)
yrhemHMQqYE,"Financial markets, trading and portfolio construction",The 10 Most Dangerous Investing Myths
rBkjEthzw-Q,"Financial markets, trading and portfolio construction",The Everything Bubble
5-hmzgjp_e0,"Financial markets, trading and portfolio construction",The Treasury Market is Beginning to Fail
e0qv-NAMiKE,"Financial markets, trading and portfolio construction",0DTE Options (zero day till expiration) will Cause a Market Crash
yDCkW1602a0,"Financial markets, trading and portfolio construction",The Next Stock Market Wealth Transfer has Begun
imSWQTk8S-w,"Financial markets, trading and portfolio construction",The Jobs Market is Collapsing
bR8zT99mtOM,"Financial markets, trading and portfolio construction",These 6 Forces will Control Markets in 2024
ZsWx7oOTRo4,"Financial markets, trading and portfolio construction",The Stock Market is Ready to Dump
gkbz-ti_214,"Financial markets, trading and portfolio construction",How the Fed is Losing Control over Markets
V5Mhj6tlr9A,"Financial markets, trading and portfolio construction",How Hedge Funds are Holding the Treasury Market Hostage
OTcSUe_naxo,"Financial markets, trading and portfolio construction",Cracks are Starting to Appear in Overnight Funding Markets
jExbXxWbP6I,"Financial markets, trading and portfolio construction",Gold's Rollercoaster: A Short-Lived Surge Leaves Investors Bewildered
BPeWVxVOsAg,"Financial markets, trading and portfolio construction",The Return of Pension Plans Could Crush the Stock Market
Nu96gTe5410,"Financial markets, trading and portfolio construction",This is What a Failing Treasury Market Looks Like
8-1A87Sp9Vk,"Financial markets, trading and portfolio construction",Did One Billionaire Just Move the Entire US Treasury Market?
Y_O8XH8vmo8,"Financial markets, trading and portfolio construction","The BlackRock Bitcoin ETF is Coming Soon, but Not First"
k5SmvZXiOQ0,"Financial markets, trading and portfolio construction",The Credit Bubble is Popping
bvt5zA-a43g,"Financial markets, trading and portfolio construction",Rising Interest Rates will Break the Market
uOTlBrFg1GU,"Financial markets, trading and portfolio construction",Insider Trading Should Be Legal for Everyone but Congress
OFddCAFKGVY,"Financial markets, trading and portfolio construction",Did the Treasury Market Just Glitch? Or is Something Big Breaking?
-mNneIs2Cn0,"Financial markets, trading and portfolio construction",One Final Bitcoin Dump Before SEC Approves ETF (big money front running widespread adoption)
ouCZkSVv1sI,"Financial markets, trading and portfolio construction",7 Ways to Profit from a Stock Market Crash
7NOYiSfy6p4,"Financial markets, trading and portfolio construction",A Warning to All Investors for the End of 2023
u_5DK40Pl1w,"Financial markets, trading and portfolio construction",Don't Get Trapped in this Fake Bull Market
1MkUSBdLPgM,"Financial markets, trading and portfolio construction","""The Market Will Always Go Up"" is a Lie"
AujQYyvRDSc,"Financial markets, trading and portfolio construction",Massive Gov Borrowing Binge to Suck Liquidity Out of the Market
OLxeR7QF83E,"Financial markets, trading and portfolio construction",American Investors have Lost Their Minds
aOca3FcNexA,"Financial markets, trading and portfolio construction",Why Everyone Suddenly Wants to Outlaw Short Selling
GScjJrFtWRo,"Financial markets, trading and portfolio construction",Money Market Funds are Crushing Banks
BCGLqGNwCh8,"Financial markets, trading and portfolio construction",What Happens to Stocks during Hyperinflation?
2QN_u9I7aJE,"Financial markets, trading and portfolio construction",The End of the Bond Bear Market
74OCqDQV4Qw,"Financial markets, trading and portfolio construction",Banks are Hemorrhaging Deposits to Money Market Funds
3y-u8068-6w,"Financial markets, trading and portfolio construction",The Greatest Investor You've Never Heard Of
6SGu1P_hx3I,"Financial markets, trading and portfolio construction",The Fed is Playing a Dangerous Game of Chicken with the Market
-7f4-SXqGRc,"Financial markets, trading and portfolio construction",Cash May Outperform Stocks and Bonds Soon
Xkbe63dExUg,"Financial markets, trading and portfolio construction",The Junk Bond Market is About to Implode
N2OcFPXd2BE,"Financial markets, trading and portfolio construction",The Fed is Lying About the Jobs Market
pKbYMJavxQc,"Financial markets, trading and portfolio construction",Why I Just Sold All my Homebuilder Stocks
HQYFGMniPmc,"Financial markets, trading and portfolio construction",Used Car Market is Crashing Faster than 2009
nhUsDuKfmDs,"Financial markets, trading and portfolio construction",The Housing Market is Starting to Send Mixed Signals
wlfY49Qj4jQ,"Financial markets, trading and portfolio construction",Traditional Portfolios Won't Work in This New Monetary Cycle
qb_U11AeRNs,"Financial markets, trading and portfolio construction",Stock Market Returns are Not What You Think
_hiuY33ONDA,"Financial markets, trading and portfolio construction","Chinese Adoption of CBDC has been ""Low and Inactive"""
wgt2799EkkY,"Financial markets, trading and portfolio construction",Japan Shocks Market with Surprise Rate Hike
L09E5SeO5dk,"Financial markets, trading and portfolio construction",New Bill Seeks to Ban Investors from Buying Homes
BHWty_DMimE,"Financial markets, trading and portfolio construction",Here’s where All the Money Goes when the Stock Market Crashes
ie84qVVFHms,"Financial markets, trading and portfolio construction",Carvana Collapse and the Used Car Market
wy1sVq33hU0,"Financial markets, trading and portfolio construction",This Contrarian Indicator says Market has Bottomed?
pSZXSPwROHk,"Financial markets, trading and portfolio construction",Are Stocks Cheap Yet?
GUEBTukPLU4,"Financial markets, trading and portfolio construction",How to Use Level 2 Market Depth
5QOumZMDo00,"Financial markets, trading and portfolio construction",Japan's Bond Market is Officially Broken
0VRGqw30dz4,"Financial markets, trading and portfolio construction",Precious Metals Bear Market Finally Over?
6rrqQbt8BJY,"Financial markets, trading and portfolio construction",How to Build a Fortune this Bear Market
raCEQeK2RRo,"Financial markets, trading and portfolio construction",The Bond Market Just Got Worse than Lehman
8Azty0-3qok,"Financial markets, trading and portfolio construction",Is the Fed Using Repo Market to Secretly Help Japan Dump Treasuries?
St6EE6kL0cc,"Financial markets, trading and portfolio construction",Treasury Market Freezing Up is The Next Black Swan Event
Vdb7NsKsOfc,"Financial markets, trading and portfolio construction",Why Sound Money Discourages Investing
R9Ei-4-q8CI,"Financial markets, trading and portfolio construction",Bond Market Liquidity is Drying Up FAST
MlXrn33Gxv4,"Financial markets, trading and portfolio construction",Bonds Confirm First Bear Market in Decades
8gh4xp4pS_o,"Financial markets, trading and portfolio construction",After 3 Years the Fed is Undoing its Repo Market Bailout
9FdI9N9DNvE,"Financial markets, trading and portfolio construction",Why QT Causes Stocks to Drop Explained
qMSA1r6XbNg,"Financial markets, trading and portfolio construction",The Fed Wants to Bankrupt Households and Crash the Markets
T3rJadpLp-A,"Financial markets, trading and portfolio construction",How to Spot a Bubble
AsnK2x9jbUM,"Financial markets, trading and portfolio construction",Why Michael Burry Dumped ALL His Stocks but One
JAodd2KbGrk,"Financial markets, trading and portfolio construction",The Margin Debt Bubble
se47ytb17cY,"Financial markets, trading and portfolio construction",Is the Stock Market Crash Already Done?
bBZgo_6p--U,"Financial markets, trading and portfolio construction",Sovereign Debt Defaults in Emerging Markets About to Sweep the Globe
_yfSV89tqYk,"Financial markets, trading and portfolio construction",Worst U.S. Bond Market Since George Washington
Xrpu21GYPts,"Financial markets, trading and portfolio construction",New Ban on Russian Gold Could Blow Up the Paper Gold Market
cD-gV-SPkwQ,"Financial markets, trading and portfolio construction",How to Find Stocks that Win - Even in a Bear Market
unPzOaI6d1E,"Financial markets, trading and portfolio construction",Markets In Turmoil  - What Will The Fed Do
aqfAUpDO804,"Financial markets, trading and portfolio construction",Is This The Top For The Real Estate Market?!
NOxEN1sotO8,"Financial markets, trading and portfolio construction",Fed's Tightening Will Test Market Stability
UKPj_ZYw5kk,"Financial markets, trading and portfolio construction",Where to Put your Money during the Worst Market Since 2020
Sgj15CpNwL0,"Financial markets, trading and portfolio construction",The European Stocks Flash Crash Explained
JMYADwP_SUo,"Financial markets, trading and portfolio construction","Royalties ""Investing Hack"" to Benefit from Inflation"
boaTmE24IWk,"Financial markets, trading and portfolio construction",We Need to Talk about the Housing Market
rZQ9OH7bi5M,"Financial markets, trading and portfolio construction","Fed to Crash the Markets with ""Rapid"" Balance Sheet Reduction"
pTOiVAI3plY,"Financial markets, trading and portfolio construction","Yield Curve Screaming Recession, Stocks Don’t Care"
QMj8F27Y6JI,"Financial markets, trading and portfolio construction",THIS is the Exact Moment to Sell ALL Your Stocks
vkQSzyC7eUc,"Financial markets, trading and portfolio construction",ANOTHER Reason to Never Buy a Gold ETF
v9LQEoWpJ7s,"Financial markets, trading and portfolio construction",Stocks vs Gold for High and Persistent Inflation with Patrick Yip from APMEX
k8-byVHV72o,"Financial markets, trading and portfolio construction",Investing for Exponential Returns during High Inflation with Mario Stifano CEO of Galantas Gold
jAiUVLCLsbg,"Financial markets, trading and portfolio construction","Europe may Label Weapons ""Green"" for Easier Investing Rules"
kwnAqVtKa0U,"Financial markets, trading and portfolio construction",Fed to Stress Test Banks with Turmoil in Debt Markets
s7vEmPgfQX8,"Financial markets, trading and portfolio construction",Investors Brace for Impact as Russia Tensions Escalate
CEXa_YaJzus,"Financial markets, trading and portfolio construction",Staggering Inflation Sends Bond Market Tumbling
IAwBUh3qkEU,"Financial markets, trading and portfolio construction",Market Pricing in 6-7 Rate Hikes this Year
RsRDhyH44rE,"Financial markets, trading and portfolio construction",The Largest Market Cap Drop in History
04Dace6e7Ho,"Financial markets, trading and portfolio construction",Why Stocks Fall when Rates Rise
Y4WCAAU5Kq8,"Financial markets, trading and portfolio construction",Powell Says Jobs Market is Strong Enough to Fight Inflation
sYWWERYEz04,"Financial markets, trading and portfolio construction",Gold ETF Sees Largest Inflows Since Inception
I9HBQOdQ6cA,"Financial markets, trading and portfolio construction",Stocks Post MASSIVE Intraday Recovery after 4% Down
j41icvdosro,"Financial markets, trading and portfolio construction",Famous Investor Says Unstoppable Crash Has Already Started
ECxf_yqDqSc,"Financial markets, trading and portfolio construction",Who Actually Triggered the Repo Market Blowup in Sep '19
meJ0yVq4_vY,"Financial markets, trading and portfolio construction","Gold Getting Closer to ""Bubble Phase"" of Bull Market"
V-33pfq_UOw,"Financial markets, trading and portfolio construction",The Bond Market is Flashing Warning Signs
-ff6m0ztf0k,"Financial markets, trading and portfolio construction",The Fed Will Buy Stocks Next Crash
nMP80uEGavA,"Financial markets, trading and portfolio construction",Insider Trading is Out of Control in Congress
3CfYr-O-ddo,"Financial markets, trading and portfolio construction",Has a New Gold Bull Market Finally Begun?
NtSPc9ufTDE,"Financial markets, trading and portfolio construction",The IPO Bubble Already Started Popping
hnWcYpAsq6w,"Financial markets, trading and portfolio construction",The Stock Market Melt-Up is Here
tWZS76jcEzw,"Financial markets, trading and portfolio construction",NFT Bubble or Real World Utility? | Aleks Svetski Clip
QAa1rNlL03w,"Financial markets, trading and portfolio construction",Will the Housing Market Pause Before it Explodes?
Tsaj7IVHaDE,"Financial markets, trading and portfolio construction",Why the Rising Dollar Poses a Threat to Global Markets
ez2KEkc5iXA,"Financial markets, trading and portfolio construction",Worst Inflation in 30 Years will Break the Bond Market
fVn7yJq18I4,"Financial markets, trading and portfolio construction",Can Elon Musk Sell 10% of $TSLA without Crushing the Stock?
zkUMIUQ7uCo,"Financial markets, trading and portfolio construction",Zillow Dumping Thousands of Homes in Portfolio Fire Sale
_lMXAX7WXbs,"Financial markets, trading and portfolio construction",INSANE Proposal to Let the Fed DELETE Your Money and SHORT Stocks
RxuBlVrEgQY,"Financial markets, trading and portfolio construction",How the Fed will Trigger a Market Crash in 2022
WKawWAyn3Oc,"Financial markets, trading and portfolio construction","Foreclosures ""SURGING"" - Housing Market Doomed?"
5iDSHfCDnkQ,"Financial markets, trading and portfolio construction",First Bitcoin ETF $BITO Launches This Week
zAinfIxNvUQ,"Financial markets, trading and portfolio construction",How Expensive are Stocks Right Now?
r2DiBbR4YaA,"Financial markets, trading and portfolio construction",Fed Tells Markets ‘Get Ready for Taper’
-P57plubTk8,"Financial markets, trading and portfolio construction",Ethics Review of Fed Officials Reveals Conflict of Interest Investments
TEIhSD1GHaw,"Financial markets, trading and portfolio construction",Oil is Poised for a 5-10 Year Bull Market
q-mffu8x33A,"Financial markets, trading and portfolio construction",Foreclosure Tsunami About to Crash the Housing Market?
BsKHwy8k6Dg,"Financial markets, trading and portfolio construction",The Fed Just Sent Markets Soaring
YXOSIVUCJ-s,"Financial markets, trading and portfolio construction",Germans are Stockpiling Gold
qzBUWCIXd_k,"Financial markets, trading and portfolio construction",Extreme Fear in the Markets Right Now
CAdk8Y7Unow,"Financial markets, trading and portfolio construction",July Jobs Report Triggers Bond Market Selloff
Ld5pxspnpTo,"Financial markets, trading and portfolio construction",Manipulated Markets are Huge Opportunities to Profit
ZlT9U3Aor8U,"Financial markets, trading and portfolio construction",Market Reversal: Dead Cat Bounce or Buy the Dip?
qFaupdzkSlU,"Financial markets, trading and portfolio construction",How to Produce MASSIVE Income from Dividend Stock Portfolio
y9NTlvf98Kw,"Financial markets, trading and portfolio construction",June Jobs Numbers Send Markets Soaring
b2xmYeJEHsA,"Financial markets, trading and portfolio construction",Stock Market SELL Signals Starting to Pile Up Everywhere
RsEUjZwQGiQ,"Financial markets, trading and portfolio construction",Billionaire's Investing Advice for the Fed Meeting
nKgYLX9LO_0,"Financial markets, trading and portfolio construction",Fed to Start SELLING their Bond ETFs
juv5ivH7D4o,"Financial markets, trading and portfolio construction",The TRUTH About Michael Burry’s Portfolio Revealed
3dTfxZtp3ag,"Financial markets, trading and portfolio construction",Why Repo Market is Suddenly Surging (and what it means)
xseShZfW7JU,"Financial markets, trading and portfolio construction",Investing in Bonds Today is like Playing the Lottery in Reverse
fNFUAizouyo,"Financial markets, trading and portfolio construction",Why Markets Tanked After Biggest Inflation Jump in 12 Years
oSbGgz_T5GI,"Financial markets, trading and portfolio construction",The Truth About the Current Labor Market
ON2s7o3Cqic,"Financial markets, trading and portfolio construction",Tesla Sells Bitcoin as SEC Delays ETF Decision
64viHiG6fQQ,"Financial markets, trading and portfolio construction","Lyn Alden | Emerging Markets, Gold, Bitcoin, and Inflation!"
H-1SysobPGU,"Financial markets, trading and portfolio construction",Nuclear Energy is the Future (and a TREMENDOUS investing opportunity)
GY6GFcTUgiw,"Financial markets, trading and portfolio construction",Direct Listings - Should You Be Cautious with Stocks that Go Public with this New IPO Alternative?
EmkeerPAGec,"Financial markets, trading and portfolio construction",Huge Warning Sign Flashing Danger for Stocks
dVrXhDAJ9ds,"Financial markets, trading and portfolio construction",Stocks at All Time Highs? Not when priced in gold...
Q480l4GkEqs,"Financial markets, trading and portfolio construction",Are Stocks a Good Hedge Against Hyperinflation?
ssAt46oVbbw,"Financial markets, trading and portfolio construction",5 Unique Ways to Invest in Real Estate (previously only available to the rich)
KXk_JdTKAHc,"Financial markets, trading and portfolio construction",Stocks are Poised to SURGE
DLkbkAv-BUU,"Financial markets, trading and portfolio construction","Powell Talks, Rates Pop, Stocks Drop"
KDaXHQmjvsc,"Financial markets, trading and portfolio construction","Stocks Melt Up, Gold Melts Down"
gzhtQUWOPbs,"Financial markets, trading and portfolio construction",Ray Dalio: Is the Stock Market in a Bubble?
5XAVqw-fbIY,"Financial markets, trading and portfolio construction",Is the Precious Metals Bear Market FINALLY Over?
sHQAANXkcNA,"Financial markets, trading and portfolio construction",What the Texas Blackouts Teach us about Risk for Investors
v99mOzW-Ht8,"Financial markets, trading and portfolio construction",New Canadian Bitcoin ETF! Plus New RISKS for $BTC Investors
iJUAUu00-A0,"Financial markets, trading and portfolio construction",Are Your Stocks Being Lent Out to Short Sellers?
jb8uRISf5nY,"Financial markets, trading and portfolio construction",Manipulated Markets are Always Destined to Fail (with price explosion)
eUbjMuHil0E,"Financial markets, trading and portfolio construction",Ethereum: Pure Scam or Great Investment Opportunity?
UcG3XAMIRlI,"Financial markets, trading and portfolio construction",GameStop INSANE Stock Rally Fully Explained
CGlcWsmaprE,"Financial markets, trading and portfolio construction",Big Change to Gold Markets Coming in 2021
mI1SmJHG8J4,"Financial markets, trading and portfolio construction",Bitcoin ETF Approval will CRUSH $GBTC
it8AgF5OC3Y,"Financial markets, trading and portfolio construction",If I Could Only Choose ONE Investment For the Next DECADE
4bEq1cRetZs,"Financial markets, trading and portfolio construction",Passive Investing: The Biggest Bubble in History
TqSdD5yUwbE,"Financial markets, trading and portfolio construction",I Just Backed Up the Truck on Gold Mining Stocks
hZlLE2CFLbI,"Financial markets, trading and portfolio construction",Market Wizards - Advice from the Best Traders in the World
ly3jzpiuT8Y,"Financial markets, trading and portfolio construction",I Just Shorted the Market
w1H1wjcg1KE,"Financial markets, trading and portfolio construction",What Apple's New M1 Chip Means for $AAPL Stock
Ol3GtHNGyXk,"Financial markets, trading and portfolio construction","Small Stocks up 5% Today! Proves Importance of Ray Dalio's ""Holy Grail"""
O7j0FWASs1U,"Financial markets, trading and portfolio construction",Markets are LOVING this Contested Election
yAeTFmqD8JE,"Financial markets, trading and portfolio construction",Use Advanced Options Strategies to DOMINATE these Crazy Markets
inALRDqqF1A,"Financial markets, trading and portfolio construction",3 Things You Can Do NOW to Increase your Trading Performance Immediately
GCvkD8XJbLk,"Financial markets, trading and portfolio construction",So will there be a Housing Market Crash or Not??
48fuszpi5XQ,"Financial markets, trading and portfolio construction",Markets Look Prepared to Rally into End of Year
zf7WCdxBj2U,"Financial markets, trading and portfolio construction",Use This Gambling Formula to Size Your Investment Positions
F6lyoigVn60,"Financial markets, trading and portfolio construction",How to Make $1 MILLION in 6 Months Predicting the Market
nA-kXYm9KNY,"Financial markets, trading and portfolio construction",This is What Stocks Do During Hyperinflation
bskHm6rMu0g,"Financial markets, trading and portfolio construction",Why is China Stockpiling Commodities?
5MqWNrNqSFg,"Financial markets, trading and portfolio construction",QUICK Market Update Tuesday Sep 8 | What is the Market Doing?
Da8TazGgHcg,"Financial markets, trading and portfolio construction",Stocks Got CLOBBERED Today | Here's Why
_KzcfKedig4,"Financial markets, trading and portfolio construction",Delta Hedging: How Options Traders Actually Influence Share Prices
Wc6Rx1xsUx4,"Financial markets, trading and portfolio construction",The REAL Economy is CRUMBLING While Stocks Make All-Time-Highs
_fWzHmisgEg,"Financial markets, trading and portfolio construction","Tail Hedging: How to Beat ""Black Swan"" Market Crashes"
sBiGDFnFBlQ,"Financial markets, trading and portfolio construction",The Dollar Dump is Pushing Stocks to Follow Gold's Lead to All Time Highs
QFGsUap_HxM,"Financial markets, trading and portfolio construction",Gold and Silver Breaking Out while Stocks Move Sideways
qvVLa-c17pU,"Financial markets, trading and portfolio construction",Use These 3 Greeks to Trade Options Better
n5sURtT64uo,"Financial markets, trading and portfolio construction",Roofstock Review: The Easiest Way to Invest in Quality Rental Properties
mqetZC4Ugms,"Financial markets, trading and portfolio construction",Trump Building $1Trillion+ BAZOOKA to Launch at Stock Market before Election?
8_OXPCnJgKU,"Financial markets, trading and portfolio construction",The Triangle of Investing - How to Invest with Low Risk and High Returns
rFMOu6o4WdY,"Financial markets, trading and portfolio construction",Legendary Billionaire Investor David Tepper Calls Stocks Most Overvalued - Second Only to '99
IBE4JNTNKV0,"Financial markets, trading and portfolio construction",Devastating Unemployment is Driving Stocks... Higher??
Qem3Y4deakU,"Financial markets, trading and portfolio construction",Is History Repeating Itself with a Fiat Collapse? | John Law and the Mississippi Bubble
8lZHZGUStzE,"Financial markets, trading and portfolio construction",Is Now a Bad Time to Invest in Real Estate?
dJ0IIK6kpnk,"Financial markets, trading and portfolio construction",What is Stock-to-Flow (S2F) and The Halvening?
T6A6nWzYyYM,"Financial markets, trading and portfolio construction",Market Crash or All Time Highs? | What's Next
6bPCD9SQ46U,"Financial markets, trading and portfolio construction",Investing Changes on a Gold Standard | Part 3 of Creating Your Own Personal Gold Standard
IksvoEr60wQ,"Financial markets, trading and portfolio construction",Is the Market Crash Already Finished?
HctT6rgL7iw,"Financial markets, trading and portfolio construction",How To Use Options to Profit from This Crazy Market
2Xp1GQqhYS4,"Financial markets, trading and portfolio construction",The Markets are ALL Breaking | We're In The Endgame Now
U8MmY0fKswg,"Financial markets, trading and portfolio construction",Stock Market WORST WEEK Since 2008! What's Next?
AvarCVuSFco,"Financial markets, trading and portfolio construction",Markets COLLAPSING! Coronavirus is the Needle Popping the Asset Bubbles
B9euXXDzHPI,"Financial markets, trading and portfolio construction",The Talmud Portfolio | Ancient Investing Wisdom vs. Modern Portfolio Theory
2ORUrZgqQ9o,"Financial markets, trading and portfolio construction",How To Protect Your Investments From The Coronavirus
mXnWdcyX-eM,"Financial markets, trading and portfolio construction",This Is The Best Investing App For Beginners
z7Np10FRfpk,"Financial markets, trading and portfolio construction",The Market Melt-Up Is On! | Time To Sell?
utg0BbjCWIU,"Financial markets, trading and portfolio construction",The Fed Did It! Crushed Volatility in the Repo Market. What Did It Cost?
4hQImf1_VvU,"Financial markets, trading and portfolio construction","2020 Predictions | Markets, Politics and Gold"
FzYkhUEKXfs,"Financial markets, trading and portfolio construction","The US Backs Hong Kong! PLUS: China's Nuclear Option, Poland Gold Repatriation, and Repo Update"
cbF8epVytBo,"Financial markets, trading and portfolio construction",The World Has Gone Mad and the System Is Broken! | Is Ray Dalio Betting on a Market Crash?
fHznmCisvtY,"Financial markets, trading and portfolio construction",What Are Options? | One Minute Heretic
8KpTKxe69wA,"Financial markets, trading and portfolio construction",Is Buy and Hold Dead? The Passive Investing Scam
PwF3uVOdxAY,"Financial markets, trading and portfolio construction",The Number One Key to Designing a Rock-Solid Investment Portfolio
Yh9vBJWSzbM,"Financial markets, trading and portfolio construction",Gamma Trap: Pension Funds Risk Blow-Up and Prop Up Stock Market
owZQ_vYXyN8,"Financial markets, trading and portfolio construction",Why Did Bad News Make Stocks Go Up? | This Week Recap
vPyLxSRVB3w,"Financial markets, trading and portfolio construction",Is Everything A Bubble? | The Single Source - and danger - of All These Asset Bubbles
jfA8P1h6XJc,"Financial markets, trading and portfolio construction",The Absolute Beginner's Guide to Start Investing | Podcast
ALgXVQr1Qt4,"Financial markets, trading and portfolio construction",What is an Investment? | Clip
sjqN7xYmTUI,"Financial markets, trading and portfolio construction",Three Things Commonly Mistaken For Investments
JRkI5_AItIo,"Financial markets, trading and portfolio construction","Yield Curve Inversion, Market Crash, and Risk in Bonds | Facebook Livestream"
DQ3Q1Z8kjyU,"Employment, productivity and the real economy",Fewest Government Employees since 1966
1-O6ioAE4bQ,"Employment, productivity and the real economy",How Citadel Forced the AI Meltdown and Bought it All at the Bottom
0Pdd2__OHVQ,"Employment, productivity and the real economy",The AI Bubble Just Ended - Without Popping
3jdEo0lhetY,"Employment, productivity and the real economy",How Everyone Got it Wrong About AI Replacing Jobs
Xz0n5bYHNNg,"Employment, productivity and the real economy",New AI Just Escaped - Entire Banking System is at Risk
yfsIPgPFvpM,"Employment, productivity and the real economy",The Jobs Market is Collapsing - or is it?
8yziUa-xSLE,"Employment, productivity and the real economy",Is Private Credit About to Collapse the Economy?
0vLeHFO7-HE,"Employment, productivity and the real economy",The Markets will Never Be the Same - AI Takeover
QjBfdn1LHYM,"Employment, productivity and the real economy",A Recession (and bear market) Happens EVERY TIME the Fed Does This
wSGPDd5yTjs,"Employment, productivity and the real economy",Why Everyone is Getting AI Economics Wrong
C-jbRtlpyto,"Employment, productivity and the real economy","Layoffs Everywhere, But Jobless Claims are Dropping"
86NaFfpGbUc,"Employment, productivity and the real economy","The AI Bubble, Mass Unemployment, and Solving Poverty"
rCx7SriqSaU,"Employment, productivity and the real economy",All the Job Growth Reported This Year Was Just Revised Away
5dbjMUKMY6g,"Employment, productivity and the real economy",The Economy is Officially Shrinking
s0gxkt0izfQ,"Employment, productivity and the real economy",Junk Bond Spreads are the Recession Signal to Watch
1dLYwEIjJGY,"Employment, productivity and the real economy",The Parable of the Poor Fisherman and the Rich Businessman
r4CoDnAINLg,"Employment, productivity and the real economy",Fed Issues Urgent Warning: Recession Next Month
-MUIcl1XOPg,"Employment, productivity and the real economy",How Trump's Victory will Change the Economy
bBbanGrsV2k,"Employment, productivity and the real economy",The Jobs Report is a Disaster in Disguise
KYMLu7stxu8,"Employment, productivity and the real economy",Why Fed Rate Cuts will Trigger a Recession
1D4cm-DWLdQ,"Employment, productivity and the real economy",Are Republican or Democrat Presidents Better for the Economy?
yq4iCci7-ko,"Employment, productivity and the real economy",This Recession Signal has Never Failed
imSWQTk8S-w,"Employment, productivity and the real economy",The Jobs Market is Collapsing
prgrWvFBouM,"Employment, productivity and the real economy",These Recession Signals are Flashing Red... and have NEVER Failed
aaHnG83VZIg,"Employment, productivity and the real economy",The 2024 Recession is About to Hit HARD
J7meDcQqae4,"Employment, productivity and the real economy",What They Don’t Want You to Know about the Jobs Numbers
iRzhPE6k11I,"Employment, productivity and the real economy",Every Time Banks Do This a Recession Happens
q9fpq3hQ0HI,"Employment, productivity and the real economy",Is the Economy Already Past the Point of No Return?
qJ5wtmOMGEg,"Employment, productivity and the real economy",Economic Meltdown: Excessive Debt is Crippling the Economy
nmDOWQmtbyY,"Employment, productivity and the real economy",The 2024 Recession: (almost) Guaranteed
DTAbOpQLuig,"Employment, productivity and the real economy",Businesses are Failing at the Fastest Pace since 2010
xuVcN350ctI,"Employment, productivity and the real economy",Employment Numbers are a Lie with Millions of Fake Job Postings
AvioVraTyxc,"Employment, productivity and the real economy",The Real Reason Everyone is Losing their Jobs
eeIt3rUKLYU,"Employment, productivity and the real economy",Fed Now Expects Deep Recession Needed to Beat Inflation
AL2-fyXgCzI,"Employment, productivity and the real economy",The 12-Year-Old Plan to Fake an Alien Invasion to Fix the Economy
N2OcFPXd2BE,"Employment, productivity and the real economy",The Fed is Lying About the Jobs Market
ATYX42EMHaU,"Employment, productivity and the real economy",Russia Economy to Outpace Germany and UK in 2023
EOVuhGeWAws,"Employment, productivity and the real economy",Fed Decision Today: No Pivot Until Economy Collapses
bVCkeaJTXUM,"Employment, productivity and the real economy",The Fed Just Admitted Jobs Data Not Real
tTcOUWF2gdg,"Employment, productivity and the real economy",I Asked an AI to Explain Economics
sDOvCLiB0LA,"Employment, productivity and the real economy",1/3 of Small Businesses Can't Pay their Rent
xEjM9TkG9j0,"Employment, productivity and the real economy",The Jobs Reports are not Real Anymore
8aKMJv7fKfc,"Employment, productivity and the real economy",Automation Will Take Your Job | And Make You Wealthy
KjdPd5ScE-U,"Employment, productivity and the real economy",The Fed Vows to Sacrifice YOUR Job in Fight Against Inflation
8SU50IEVX3U,"Employment, productivity and the real economy",How AI Robots Could Save the Economy
j57qwhqb5XI,"Employment, productivity and the real economy",Fastest Decline In Job Openings In History
JwCOYM-giP4,"Employment, productivity and the real economy","Recessions, Inflation, and Gold"
u_YRRARWy0M,"Employment, productivity and the real economy","The Recession is Official, But Nobody Will Admit It"
elP2aNmDxPk,"Employment, productivity and the real economy",New Plan to Avoid Recessions Forever: Just Redefine the Word
otPl9nDb1Og,"Employment, productivity and the real economy",Stronger Dollar is Pushing the Global Economy to its Breaking Point… Again
nVyPRgh3tIo,"Employment, productivity and the real economy",Fed will CRUSH the Economy to Fight Inflation
UJ8GqCG3rM8,"Employment, productivity and the real economy",Fed Just Admitted We Are Likely Already In a Recession
-d3gaJ6FHxQ,"Employment, productivity and the real economy",New Fed Survey Shows Business Activity Crashing
DCBlflhiwtY,"Employment, productivity and the real economy","Job Openings Tumble, Layoffs Are Next"
geqnO7VwkmE,"Employment, productivity and the real economy",Is the Government Faking UFOs to Rescue the Economy?
6X9j_fgrT-M,"Employment, productivity and the real economy",Why Wages have DECLINED for 13 Months Straight
T9dFwNN_0Wk,"Employment, productivity and the real economy",The Recession Has Already Begun
KYFW0G6xf68,"Employment, productivity and the real economy",The Fed is Crashing the Economy (so it can Rescue it Again)
pTOiVAI3plY,"Employment, productivity and the real economy","Yield Curve Screaming Recession, Stocks Don’t Care"
kILTs-fC2lk,"Employment, productivity and the real economy",Yellen Just Guaranteed a Recession
AsnO1_gCkqs,"Employment, productivity and the real economy",Oil is Flashing a Huge Recession Warning
XpxxUCPkuZo,"Employment, productivity and the real economy",Jobs Surprise Seals the Deal on Fed Taper and Rates
apTHQ34xv5c,"Employment, productivity and the real economy","Last Year had the ""Strongest Economic Growth Since 1984"""
Y4WCAAU5Kq8,"Employment, productivity and the real economy",Powell Says Jobs Market is Strong Enough to Fight Inflation
phuaGCQMoLY,"Employment, productivity and the real economy",Big Banks Recommend Layoffs to Deal with Rising Wages
MS8UrsHTZts,"Employment, productivity and the real economy",Inflation Hits New Record while Wages DROP
rBCk_UWVLVE,"Employment, productivity and the real economy","Powell Testifies Before Congress, will Fight Inflation (and crash economy)"
nXWkWumTHiw,"Employment, productivity and the real economy",Interest Rates are Surging and the Economy Can't Afford it
PtSt2EN_LjE,"Employment, productivity and the real economy","The Fed Just got Cornered by ""Shocking"" Jobless Claims"
1gDx79ZwF7U,"Employment, productivity and the real economy","The Next Crash Won’t Kill the Economy, But the Response Will"
l7UfqFAvMSI,"Employment, productivity and the real economy",The Real Reason Everyone is Quitting their Jobs
Mnkx-D_teKM,"Employment, productivity and the real economy","Wages are Spiking, Higher Inflation to Follow"
7hXBZ7XU4QI,"Employment, productivity and the real economy",Economy Would THRIVE if the US Defaulted on its Debt
FPZuFDgtV1M,"Employment, productivity and the real economy",Huge Jobs Miss Means No Fed Taper
CAdk8Y7Unow,"Employment, productivity and the real economy",July Jobs Report Triggers Bond Market Selloff
y9NTlvf98Kw,"Employment, productivity and the real economy",June Jobs Numbers Send Markets Soaring
UlMDCYpTHTs,"Employment, productivity and the real economy",Apple and Disney are Accelerating Long Tail Businesses
nrj7B4U46rA,"Employment, productivity and the real economy",The Fed Just Re-Committed to EVEN HIGHER Inflation - Here's what it Means for Unemployment
Wc6Rx1xsUx4,"Employment, productivity and the real economy",The REAL Economy is CRUMBLING While Stocks Make All-Time-Highs
JW3KE5DtjU8,"Employment, productivity and the real economy",What are Interest Rates Really Telling Us About the Economy Right Now?
4pF-Kv2tW2Q,"Employment, productivity and the real economy",No Jobs? No Trade Deal? No Cure? No Problem.
VS2usWWZcGM,"Employment, productivity and the real economy",Famous Economist Thinks these Riots will Stimulate the Economy | The Broken Window Fallacy
IBE4JNTNKV0,"Employment, productivity and the real economy",Devastating Unemployment is Driving Stocks... Higher??
ODBgaCDi2e0,"Employment, productivity and the real economy",STAGGERING Job Losses Meet $2k/month Stimulus Checks
Eu67fEh9jJA,"Employment, productivity and the real economy",Are Recessions A Thing of the Past?
fXfyWKybMBc,"Employment, productivity and the real economy",5 Ways to Prepare for the Recession If You're Broke
Op22Uk_bLCI,"Employment, productivity and the real economy",Why I Gave Up $150k+ to Start My Own Business | Heresy Financial: Origins
p3KBRMg4QfE,"Employment, productivity and the real economy",How Do Low Rates Stimulate the Economy?
wHR8Hifu2Mc,"Employment, productivity and the real economy",Americans are Not Ready for a Recession
ImmaexGYkwI,"Geopolitics, trade and supply constraints",America Just Locked Up Venezuela's Oil for 100 Years
Y1lhozUOYDg,"Geopolitics, trade and supply constraints",China Can Only Save the World for 3 More Months
LdPfqtk7R30,"Geopolitics, trade and supply constraints",The Department of War Plans to Take Over the World
bAHivYcgTzs,"Geopolitics, trade and supply constraints",Front Running the Tariffs and Profiting from Refunds
sE4sP9BuUlU,"Geopolitics, trade and supply constraints",The Iran War Just Killed the Petrodollar
alnMhC2UFJU,"Geopolitics, trade and supply constraints",Why is Gold Crashing from the War?
syXsq1Wc0LE,"Geopolitics, trade and supply constraints",The Iran War has the Fed Trapped
zrAsxblDWvc,"Geopolitics, trade and supply constraints",The Effect of Tariffs After One Year
mTAvGBjzcQc,"Geopolitics, trade and supply constraints","The Truth about Maduro, Venezuela, and the New Global Order"
QNRbzdFJnWA,"Geopolitics, trade and supply constraints",Who is Really Winning the US-China Trade War
-pe7fE57kLI,"Geopolitics, trade and supply constraints",The Real Reason the Treasury Market is Imploding (not China)
BvmwejTgcP4,"Geopolitics, trade and supply constraints",China is Collapsing
Zht9RB8U2-I,"Geopolitics, trade and supply constraints","China, the Fed, and the Middle East War - ALL Pushing Prices Higher"
p8Ejw1e6cvc,"Geopolitics, trade and supply constraints",How Tariffs Actually Work
Jm96JEaUQHc,"Geopolitics, trade and supply constraints",Why China Can't Stop its Economic Collapse
zLAKGXelmPE,"Geopolitics, trade and supply constraints",China's Economic Collapse has Begun
ihkDyJRsgVA,"Geopolitics, trade and supply constraints",The Government is at War with Affordable Energy
Kr7n-8SFng4,"Geopolitics, trade and supply constraints","The Military Industrial Complex is ""Winning"" the War in Ukraine"
jM1W9I6lDvI,"Geopolitics, trade and supply constraints",The Epic Rise of China is Over
9rW158viD7Q,"Geopolitics, trade and supply constraints",China Just Shut Down 1/10th of Global Lithium Supply
sSxqdwLROZU,"Geopolitics, trade and supply constraints",China Just did the Largest Liquidity Injection Ever
MrspE5v0diQ,"Geopolitics, trade and supply constraints",China Accelerates Dumping US Treasuries
ATYX42EMHaU,"Geopolitics, trade and supply constraints",Russia Economy to Outpace Germany and UK in 2023
AwJWWp5MH-k,"Geopolitics, trade and supply constraints",China has Massive “Inflation Bomb” Just Waiting to Go Off
3NR8wchxsOc,"Geopolitics, trade and supply constraints",Is This the End of the Rise of China?
tc0xrgkEJRY,"Geopolitics, trade and supply constraints","Russia Doubled their Gold and Yuan, No More Yen & Pound"
IkEN1z6hRWQ,"Geopolitics, trade and supply constraints",Russia Predicts US Civil War and Euro Collapse in 2023
PudmVV_7xL0,"Geopolitics, trade and supply constraints",Russia to Start Buying More Yuan in 2023
4xKDRi1Bmpc,"Geopolitics, trade and supply constraints","Harvard Tells Central Banks: ""Hedge Against US Sanctions"""
DftEhw22qmY,"Geopolitics, trade and supply constraints",BREAKING: Russian Missile Strikes NATO Member Poland
G4L-tKK8rZI,"Geopolitics, trade and supply constraints",Tensions with China and Taiwan Reaching Breaking Point
bCLTU3L6-xU,"Geopolitics, trade and supply constraints",The War on Crypto has Begun
0M6T0KZEft4,"Geopolitics, trade and supply constraints",China and Russia are Making a New Global Reserve Currency
lFj2vHqphj4,"Geopolitics, trade and supply constraints",Ukraine Reports $10 Billion In Gold Sales
cFmRZK-SOp0,"Geopolitics, trade and supply constraints",Now China Is Dumping Treasuries Too
jXPVRS09usg,"Geopolitics, trade and supply constraints",Biden is Sending US Oil Reserves to China
Xrpu21GYPts,"Geopolitics, trade and supply constraints",New Ban on Russian Gold Could Blow Up the Paper Gold Market
I8PIuuShDNs,"Geopolitics, trade and supply constraints",India Just Got Cheap Oil from Russia Thanks to Sanctions
xBsXTS-0dt8,"Geopolitics, trade and supply constraints",It's Time for the War Crimes In Yemen to End
AsBl4aZV8XY,"Geopolitics, trade and supply constraints",China Warns US to Stay Out of Taiwan Strait
JxctBTnGuNE,"Geopolitics, trade and supply constraints",Iran Proposes New International Currency
9jrxHuJ3EyA,"Geopolitics, trade and supply constraints",Biden Turns to Venezuelan Dictator Maduro for Oil
BHrAx2keM24,"Geopolitics, trade and supply constraints","China Worried About US Sanctions, Starts Contingency Planning"
DT2FZKzuMd4,"Geopolitics, trade and supply constraints","Russia Cuts Off Gas Supplies to Poland, Bulgaria"
0JizTHT_F9E,"Geopolitics, trade and supply constraints","Record Profits for Russia, Easily Avoiding Sanctions"
bjYNsPr3R7A,"Geopolitics, trade and supply constraints",Who is Really Winning the Currency War?
09sXiu4Dybc,"Geopolitics, trade and supply constraints",Russia may Accept Gold and Bitcoin for Oil and Gas
avHoIdKXEEY,"Geopolitics, trade and supply constraints",New Bill to Stop Russian Gold can turn ANYONE into a Felon
U4QZVafAr_M,"Geopolitics, trade and supply constraints",Saudis in talks with China to price Oil in Yuan instead of Dollars
Mhui7M1c4mE,"Geopolitics, trade and supply constraints",Gold Soars as the World Moves to BAN Russian Gold
kP7OdWD0EGQ,"Geopolitics, trade and supply constraints",Is Munger Right about China?
E9qCgGXUp4Q,"Geopolitics, trade and supply constraints","Powell to Congress: ""Rate Hikes Coming Despite Ukraine Invasion"""
EmEIUrl0VTQ,"Geopolitics, trade and supply constraints",Repo Expert Warns Sanctions on Russia is 'Lehman Event' Hours Away
Dm0UAJ59000,"Geopolitics, trade and supply constraints",Fake Supply Chain Data is a Lie
GnkOGXDBh8o,"Geopolitics, trade and supply constraints",Russia Invades Ukraine
s7vEmPgfQX8,"Geopolitics, trade and supply constraints",Investors Brace for Impact as Russia Tensions Escalate
wALYAQTQJWI,"Geopolitics, trade and supply constraints",'War' on Covid to be Replaced with Real War on Russia?
1s6l8AgSG3U,"Geopolitics, trade and supply constraints",China's Trade Surplus Hits Record High
ke7lNXIr3jk,"Geopolitics, trade and supply constraints",How Companies like Converse Avoid Paying Tariffs
a3l6jeysOx4,"Geopolitics, trade and supply constraints","US Preps Sanctions on Russia, Warning Against Ukraine Invasion"
ZmZPMMUhSDw,"Geopolitics, trade and supply constraints",Some Venezuelans have Created Their Own Gold Standard
9eMptMpZJAY,"Geopolitics, trade and supply constraints",The Global Supply Chain Crisis Just Keeps Getting Worse
VLulrc235nY,"Geopolitics, trade and supply constraints","China Bans ALL Crypto, Gives Glimpse into Future Global Monetary System"
YbQAeDtsRm4,"Geopolitics, trade and supply constraints",Could China's Evergrande Spark the Next Global Financial Crisis?
8trIbfVUDXk,"Geopolitics, trade and supply constraints",US Ramps Up its War on Crypto
uhYB3b0xg1w,"Geopolitics, trade and supply constraints",El Salvador Enters the Global Currency War
dY3oLXxjpJY,"Geopolitics, trade and supply constraints",Russia's Wealth Fund Dumps ALL Dollars? The Truth
xD8FbtfMufs,"Geopolitics, trade and supply constraints",The US-China Trade War: Who is ACTUALLY Screwing Who?
jRV-R8EPRg8,"Geopolitics, trade and supply constraints",MASSIVE Gold Flows into China from Switzerland
3D1pkvy55ow,"Geopolitics, trade and supply constraints",Supply Chains and Shortages FINALLY Improving?
GsTCqC5LFFI,"Geopolitics, trade and supply constraints","US Slams Russia with Sanctions, Escalates Global Currency War"
1vaafsI9R4I,"Geopolitics, trade and supply constraints",Russia Now has More Gold than Dollars
9TSWnSzSES0,"Geopolitics, trade and supply constraints",Supply Chain DISASTER Happening Right Now
POWITszxGZY,"Geopolitics, trade and supply constraints",China's Digital Currency Takes it Up a Notch
-1dYjGsydAI,"Geopolitics, trade and supply constraints",Iran Ditches the Dollar for Chinese Yuan
bskHm6rMu0g,"Geopolitics, trade and supply constraints",Why is China Stockpiling Commodities?
dBpGxPBPO04,"Geopolitics, trade and supply constraints",China Threatens Treasury Dump; More Decoupling Talk from Trump
6fZ6Io_UZ8I,"Geopolitics, trade and supply constraints",Bank of England STEALS Venezuela's Gold | Spells BIG Risk for GLD Owners
etMYLScvmV0,"Geopolitics, trade and supply constraints",China Takes Another Shot at the Dollar
z92r3YjxyB4,"Geopolitics, trade and supply constraints",The End of Hong Kong? Ray Dalio on the Rise of China and the Changing World Order
2HAgQ1zw1eU,"Geopolitics, trade and supply constraints",The Currency War Escalates as China Seeks to Dethrone the Dollar
XVh62gJhanc,"Geopolitics, trade and supply constraints",War With Iran? | 4 Ways to Profit from WW3
FzYkhUEKXfs,"Geopolitics, trade and supply constraints","The US Backs Hong Kong! PLUS: China's Nuclear Option, Poland Gold Repatriation, and Repo Update"
DQ3Q1Z8kjyU,"Institutions, incentives and political economy",Fewest Government Employees since 1966
ff-0y670tYI,"Institutions, incentives and political economy",Why the Rich Keep Getting Richer
owLYF28U0tY,"Institutions, incentives and political economy",The Death of Capitalism
rgRAq3TF23I,"Institutions, incentives and political economy",The Supreme Court Just Radically Expanded Federal Power
6lj8dU-YYTE,"Institutions, incentives and political economy",The Real Reason the Rich Always Tell You Money Doesn't Matter
74dO0cTMUZc,"Institutions, incentives and political economy",The Government is About to Print $1 Trillion to Buy Bitcoin
ih1bSeYqGNM,"Institutions, incentives and political economy",The New Bank Deregulation Plan Has Been Unveiled
dlA2QEDUFdI,"Institutions, incentives and political economy",Why the Government MUST Lower Rates (Even If It Causes Inflation)
SnMMpZ5Pipw,"Institutions, incentives and political economy",Get Ready for Bank Deregulation
5i_q_v86wnE,"Institutions, incentives and political economy",The Government is Taking Over the US Housing Market
7OVjzdWglko,"Institutions, incentives and political economy",Get Your Wealth Out of the System Before it’s Too Late
PizMdirtkaw,"Institutions, incentives and political economy",The Government Shutdown is Crashing the Market
OsrpFZPUmRY,"Institutions, incentives and political economy",How Artificially Low Rates Actually Destroy Wealth
khD-YF81hmg,"Institutions, incentives and political economy",The Fed is Sacrificing the Housing Market to Bail Out the Government
68pnAcgU9wc,"Institutions, incentives and political economy",The Truth about the Overwhelming Size of the Government
E3IOr4jgCCs,"Institutions, incentives and political economy",The Government Shutdown: This Time is Different
wkBd_nJOdLU,"Institutions, incentives and political economy",The Rich Pay Almost All the Income Taxes - and the Poor Pay Zero
Y1OKIgfJ8Qc,"Institutions, incentives and political economy",The Government is Borrowing Half a Trillion Dollars Per Month
OaXkdl0FQz8,"Institutions, incentives and political economy",It's Time to Get Your Wealth Outside the System
RWQGPWyXjfw,"Institutions, incentives and political economy",The Government is Lying To You About Your Health Insurance Cost
WM4tv6-IcFM,"Institutions, incentives and political economy",Why the Government Doesn’t Let School Teach Kids About Money
ZaCuQYGb-WA,"Institutions, incentives and political economy",The Government is Increasing Leverage Caps for Big Banks
eF0ezVRItTA,"Institutions, incentives and political economy",The Plan to Deregulate the Banks to Bail Out the US Treasury
kiK2B6MI47w,"Institutions, incentives and political economy",Government Spending Actually Shrank This Quarter
18x8n8KVvnw,"Institutions, incentives and political economy",Capitalism
1S5J8UAW2ns,"Institutions, incentives and political economy",Congress is Considering Revaluing Gold to Buy Bitcoin
1dLYwEIjJGY,"Institutions, incentives and political economy",The Parable of the Poor Fisherman and the Rich Businessman
B_ZqSv-WuIs,"Institutions, incentives and political economy",The Dangers of a US Sovereign Wealth Fund
gOwenkT_BdA,"Institutions, incentives and political economy",How Government Bonds Work - and Why They Fail
_6Ca5GbMYIs,"Institutions, incentives and political economy",What Will Happen if Trump Actually Shrinks the Government?
va7pFzPlOU4,"Institutions, incentives and political economy",Is it Immoral to be a Billionaire?
Ll5fy4EMxgE,"Institutions, incentives and political economy",Earn More or Spend Less? The Fastest Path to Wealth (not what you’d expect)
1huHYIeudZU,"Institutions, incentives and political economy",Do the Rich or Poor Pay the Most Taxes?
0joiGLiLaNQ,"Institutions, incentives and political economy",How to Raise Wealthy Kids
pbZvAdbMkvc,"Institutions, incentives and political economy",12 Secrets about Wealth You Didn't Know were in the Bible
w3gHsNmjK2I,"Institutions, incentives and political economy",The Most Dependable Path to Wealth
yDCkW1602a0,"Institutions, incentives and political economy",The Next Stock Market Wealth Transfer has Begun
0Fg30bxX9BA,"Institutions, incentives and political economy",Buying Bitcoin Now Will Not Make Your Descendants Rich
8-1A87Sp9Vk,"Institutions, incentives and political economy",Did One Billionaire Just Move the Entire US Treasury Market?
Ir2PhlAszss,"Institutions, incentives and political economy",I've Studied Money for 10 Years - These 12 Lessons Make People RICH
uOTlBrFg1GU,"Institutions, incentives and political economy",Insider Trading Should Be Legal for Everyone but Congress
ihkDyJRsgVA,"Institutions, incentives and political economy",The Government is at War with Affordable Energy
KXRoyq4J_jc,"Institutions, incentives and political economy",The Real Reason the Government Became So Large
xA6q3grH4f0,"Institutions, incentives and political economy",How the Supreme Court is Quietly Reshaping America
J0zcT_Sk9CI,"Institutions, incentives and political economy",How Governments Try to Maximize Tax Revenue | The Laffer Curve Explained
t9aNCGMU3Kc,"Institutions, incentives and political economy",How the Fed Plans to Kill Capitalism (or what’s left of it)
xqpmy5yBlb8,"Institutions, incentives and political economy",The Invisible Burden of Big Government
GuALMWUBLh0,"Institutions, incentives and political economy",Capitalism Ensures You NEVER Get Paid What You're Worth
FXf96HW_E8g,"Institutions, incentives and political economy",The Government's Budget Deficit Just Got a lot Worse
MwS4qOqLtgw,"Institutions, incentives and political economy","The FTX Crash and the Government's ""Rescue"" Plan"
8aKMJv7fKfc,"Institutions, incentives and political economy",Automation Will Take Your Job | And Make You Wealthy
sC8AgqMIhaw,"Institutions, incentives and political economy",Biden's New Crypto Regulation - What You Need to Know
aOHSFo-yQfE,"Institutions, incentives and political economy",The Government is the Source of All Real Monopolies
CzZtKd47OxU,"Institutions, incentives and political economy",What the Bible Actually Says about Wealth
dbClpyP5cxQ,"Institutions, incentives and political economy",The Supreme Court May Block Student Loan Forgiveness
eP8V0OBXJdI,"Institutions, incentives and political economy",Why We Need MORE Inequality - Not Less
UlN2250eZ5s,"Institutions, incentives and political economy",EPA Just Got Authority SLASHED By Supreme Court
hrvzFqD9wnU,"Institutions, incentives and political economy",The Government Wants to Regulate Cryptocurrencies like Commodities
RdTpfZC5K-E,"Institutions, incentives and political economy",Regulations Vs Sovereignty to Maximize Wealth | Per Bylund
geqnO7VwkmE,"Institutions, incentives and political economy",Is the Government Faking UFOs to Rescue the Economy?
QXcLwyT9pfs,"Institutions, incentives and political economy",A Generational Wealth Creation Opportunity
Q4xV2Vm2f6Y,"Institutions, incentives and political economy",The Government Just Gave itself a MONSTER Raise
A-WEt5yiQ9E,"Institutions, incentives and political economy","Elon Musk buys 9.2% of Twitter, Huge Win for Capitalism"
E9qCgGXUp4Q,"Institutions, incentives and political economy","Powell to Congress: ""Rate Hikes Coming Despite Ukraine Invasion"""
NjTqQ2cexoE,"Institutions, incentives and political economy",Proof Governments Know NOTHING About Crypto
JSdc36LrfbQ,"Institutions, incentives and political economy",Central Bank Digital Currencies: How Freedom Dies
F-iNN3CN8k8,"Institutions, incentives and political economy",Inflation is a Wealth Transfer from the Poor to the Rich
nMP80uEGavA,"Institutions, incentives and political economy",Insider Trading is Out of Control in Congress
rBCk_UWVLVE,"Institutions, incentives and political economy","Powell Testifies Before Congress, will Fight Inflation (and crash economy)"
uLTt_BV6YPM,"Institutions, incentives and political economy",Why is Freedom of Speech Important? | Aleks Svetski Clip
8RqHUMOQcfs,"Institutions, incentives and political economy",The Day Capitalism Died
Ky5Sb5EzY30,"Institutions, incentives and political economy",Congress Faces Urgent December Deadlines
mjlsVdt1SKg,"Institutions, incentives and political economy",Does QE Actually Cause Inequality?
bBOvZl8QS5I,"Institutions, incentives and political economy",Why the Shiba Inu Billionaire Will Lose it All
m1UxqanyQd0,"Institutions, incentives and political economy",Tax the Rich or Help the Poor?
0SUYWyWO2ho,"Institutions, incentives and political economy","Government Shutdown Averted, Debt Default Still on the Table"
wIgZnB-yebQ,"Institutions, incentives and political economy",An Insane Plan to Fund the Government is Back
mFiXcCY3Mak,"Institutions, incentives and political economy",The Fed's Plan for US Government Debt Default
GprrJlceslk,"Institutions, incentives and political economy",Yellen Urges Congress AGAIN... Time is Running Out
J2RTIYARGf0,"Institutions, incentives and political economy",Treasury Invokes 'Extraordinary Measures' as Congress Misses Debt Ceiling Deadline
8bsZy6tBrNw,"Institutions, incentives and political economy",Government Shutdown Likelihood Just Skyrocketed
iKuHPtYOsfs,"Institutions, incentives and political economy",Janet Yellen Warns Congress of ‘Catastrophic’ Debt Default
RsEUjZwQGiQ,"Institutions, incentives and political economy",Billionaire's Investing Advice for the Fed Meeting
dY3oLXxjpJY,"Institutions, incentives and political economy",Russia's Wealth Fund Dumps ALL Dollars? The Truth
Z6seZzNHwlk,"Institutions, incentives and political economy",US Economic Freedom is Rapidly Deteriorating
ssAt46oVbbw,"Institutions, incentives and political economy",5 Unique Ways to Invest in Real Estate (previously only available to the rich)
bWYrcjWbHr8,"Institutions, incentives and political economy",Why the Rich are Swallowing Up Farmland (and you should too)
fadLGsq9GQc,"Institutions, incentives and political economy",We're On the Road to Socialism Now | No Turning Back
XgnygUXeM5Q,"Institutions, incentives and political economy",Game Theory and the Future of Totalitarianism vs Freedom
4Gelc5r4cug,"Institutions, incentives and political economy",Every Dollar You Own is a Loan to the Government
Z6-Oe__BUu4,"Institutions, incentives and political economy",EVERY Dollar the Government Spends Comes from Your Wallet | Here’s How
HH-jktWbatQ,"Institutions, incentives and political economy",[CLIP] Government Incompetence Will Cause CBDC's to Fail
_t1azr9U4eg,"Institutions, incentives and political economy",[CLIP] Wealth vs Money: The Problem with The Fed Printing Money to Finance Government Spending
BwBUsDU-eiE,"Institutions, incentives and political economy",The TRUE Cause Behind the Inequality and Violence Right Now
o59DHoPZdd0,"Institutions, incentives and political economy",Soak the Rich? | The Honorable Role of the Miser
rFMOu6o4WdY,"Institutions, incentives and political economy",Legendary Billionaire Investor David Tepper Calls Stocks Most Overvalued - Second Only to '99
VmY9USvCjgk,"Institutions, incentives and political economy",Why is Billionaire Paul Tudor Jones Betting on Bitcoin to Hedge Inflation?
qcQQsJTcfrE,"Institutions, incentives and political economy",The $1 Trillion Coin Idea | How the Government Wants to Pay for All The Madness
-57ZKh6Gx3I,"Institutions, incentives and political economy",Is Wealth a Zero-Sum Game? | One Minute Heretic
RbgLhJnYRK4,"Institutions, incentives and political economy",Billionaire Rant! Wealth Hoarding Myths Debunked
jUS_HR9BIfk,"Institutions, incentives and political economy",How UBI Steals from the POOR and Gives to the RICH | Everything Wrong With Universal Basic Income
