video_id,upload_date,video_title,date_source
ZcpMND3hZ5c,20260917,The Bond Market Just Called Bessent’s Bluff,YouTube video metadata via yt-dlp
DQ3Q1Z8kjyU,20260914,Fewest Government Employees since 1966,YouTube video metadata via yt-dlp
dmICm1bLq2o,20260910,The Fed Is Fighting the Treasury Again. Last Time Inflation Hit 21%.,YouTube video metadata via yt-dlp
sP8pOFk2BVA,20260907,Warsh is Wrong About Inflation,YouTube video metadata via yt-dlp
ImmaexGYkwI,20260903,America Just Locked Up Venezuela's Oil for 100 Years,YouTube video metadata via yt-dlp
sFSIYTcbPj4,20260831,More Tax Cuts Coming?,YouTube video metadata via yt-dlp
RqsTXUvBQfo,20260828,The Treasury Has a Problem It Can't Buy Its Way Out Of,YouTube video metadata via yt-dlp
LTPAawdRmKQ,20260825,There's Actually a Chance the Deficit Could be Fixed,YouTube video metadata via yt-dlp
Dnj-Dx9_WGs,20260821,They Just Told Every Bondholder It's Safe to Sell,YouTube video metadata via yt-dlp
I_9cCCLW34I,20260819,The Next Big Crisis - and when it begins,YouTube video metadata via yt-dlp
-SPdHErqEUM,20260817,"It's Not the Stock Market That's Dangerous, It's the Dollar.",YouTube video metadata via yt-dlp
WiIzEwEs45M,20260814,They Won't Let Bonds Keep Falling Like This,YouTube video metadata via yt-dlp
5ZXs9RSVd40,20260812,The Yen is Showing You EXACTLY How the Dollar Ends,YouTube video metadata via yt-dlp
Hp_r0ZupzLs,20260810,Why Bonds are Crashing Because of Warsh,YouTube video metadata via yt-dlp
1-O6ioAE4bQ,20260806,How Citadel Forced the AI Meltdown and Bought it All at the Bottom,YouTube video metadata via yt-dlp
ff-0y670tYI,20260803,Why the Rich Keep Getting Richer,YouTube video metadata via yt-dlp
YAwg5V95dQA,20260730,The Market Does the Same Thing After Every Midterm.,YouTube video metadata via yt-dlp
-GT2FmXrAto,20260727,Is Bitcoin Dead?,YouTube video metadata via yt-dlp
s5fYUyUGsZk,20260723,The Real Reason Nobody Can Afford to Leave Home,YouTube video metadata via yt-dlp
OtGKYCt1JTE,20260720,How the Fed Will Pull Off the Impossible,YouTube video metadata via yt-dlp
siKs9n6BjCI,20260716,I Lost 91.4% of My Portfolio Making This Mistake,YouTube video metadata via yt-dlp
owLYF28U0tY,20260713,The Death of Capitalism,YouTube video metadata via yt-dlp
IQ--1laVPFE,20260709,The Fed is About to Do QE Without Calling it QE,YouTube video metadata via yt-dlp
rgRAq3TF23I,20260706,The Supreme Court Just Radically Expanded Federal Power,YouTube video metadata via yt-dlp
ZiC3kOBHh1I,20260702,The Death of the Dollar Just Died,YouTube video metadata via yt-dlp
0Pdd2__OHVQ,20260629,The AI Bubble Just Ended - Without Popping,YouTube video metadata via yt-dlp
QgFU1fgDH5A,20260625,The Great Rotation Just Started,YouTube video metadata via yt-dlp
lhULr73rYwI,20260622,The Real Reason Inflation is About to 'Disappear',YouTube video metadata via yt-dlp
s1XABhbToO8,,"Interest Rates are Headed Lower, Not Higher",not retrieved
Y1lhozUOYDg,,China Can Only Save the World for 3 More Months,not retrieved
LdPfqtk7R30,,The Department of War Plans to Take Over the World,not retrieved
3jdEo0lhetY,,How Everyone Got it Wrong About AI Replacing Jobs,not retrieved
6lj8dU-YYTE,,The Real Reason the Rich Always Tell You Money Doesn't Matter,not retrieved
DnrHytaj8JU,,Warsh's Fed Unlike Anything We've Seen,not retrieved
e33UP-pSdzA,,The Real Reason They Rigged the Biggest IPO in History,not retrieved
GDOy9d24auI,,The Real Reason the Market is Ripping Higher,not retrieved
74dO0cTMUZc,,The Government is About to Print $1 Trillion to Buy Bitcoin,not retrieved
833AGPTeqRM,,Inflation is EXACTLY Following the 70's - But They Can't Afford it This Time,not retrieved
6NcTbJfYJK4,,The Real Reason The Treasury Just Borrowed at 5% for the First Time Since 2007,not retrieved
Pnc53kcOhLk,,A New Era - Kevin Warsh Fed Chair,not retrieved
6Voa_CRRc2M,20260514,"The ""Active Trading"" Lie Designed to Keep You Poor",instructor-provided filename; not independently verified
D8I9iIyZdbs,20260511,Economic Collapse is Not Possible Now,instructor-provided filename; not independently verified
StqXPxjGnRY,20260508,New Treasury Swap Lines to Protect Dollar Dominance in Middle East,instructor-provided filename; not independently verified
rEBV24H0PSY,20260506,New Clarity Act is Trojan Horse for Dollar as Global Reserve Currency,instructor-provided filename; not independently verified
kEeMac0c5c8,20260504,The 1973 Playbook is Happening Again,instructor-provided filename; not independently verified
bAHivYcgTzs,20260430,Front Running the Tariffs and Profiting from Refunds,instructor-provided filename; not independently verified
_Z_i_oUsClw,20260427,All Labor is Exploitation,instructor-provided filename; not independently verified
cO47Km5aUoo,20260423,Cornering the Market - Hedge Funds Cause Historic Short Squeeze,instructor-provided filename; not independently verified
RIU8py52u7o,20260418,You're A Day Trader Now (everyone is),instructor-provided filename; not independently verified
tzk_p8XLQMQ,20260415,The Money Printer is Firing Up - But It’s Different This Time,instructor-provided filename; not independently verified
Xz0n5bYHNNg,20260413,New AI Just Escaped - Entire Banking System is at Risk,instructor-provided filename; not independently verified
sE4sP9BuUlU,20260411,The Iran War Just Killed the Petrodollar,instructor-provided filename; not independently verified
yfsIPgPFvpM,20260408,The Jobs Market is Collapsing - or is it?,instructor-provided filename; not independently verified
Y9RS6KZfYYA,20260406,New Military Budget is TRYING to Bankrupt the Country,instructor-provided filename; not independently verified
-RiiXmQSD5s,20260403,Are We About to See Stagflation in the US?,instructor-provided filename; not independently verified
ZVKovC9OSFo,20260331,Everything is Crashing - When Will it Bottom?,instructor-provided filename; not independently verified
alnMhC2UFJU,20260327,Why is Gold Crashing from the War?,instructor-provided filename; not independently verified
smgnu7s_CWw,20260325,This is What it Looks Like Right Before a Crash,instructor-provided filename; not independently verified
ih1bSeYqGNM,20260323,The New Bank Deregulation Plan Has Been Unveiled,instructor-provided filename; not independently verified
8yziUa-xSLE,20260319,Is Private Credit About to Collapse the Economy?,instructor-provided filename; not independently verified
syXsq1Wc0LE,20260316,The Iran War has the Fed Trapped,instructor-provided filename; not independently verified
dlA2QEDUFdI,20260311,Why the Government MUST Lower Rates (Even If It Causes Inflation),instructor-provided filename; not independently verified
R_KbC3RaIqw,20260308,Investing During Wars - Cash Out or Buy the Dip?,instructor-provided filename; not independently verified
4ZZJuDZ_wr4,20260304,A Declaration of Independence,instructor-provided filename; not independently verified
6u7iI8GhLWk,20260302,The Real Reason Medicine Is Unaffordable in America,instructor-provided filename; not independently verified
0vLeHFO7-HE,20260226,The Markets will Never Be the Same - AI Takeover,instructor-provided filename; not independently verified
ebQJL8UIfJI,20260221,"When Gold Does This, Empires Fall",instructor-provided filename; not independently verified
SnMMpZ5Pipw,20260218,Get Ready for Bank Deregulation,instructor-provided filename; not independently verified
hq82ylM0U3w,20260216,The New Fed Chair’s Plan to Reduce the National Debt,instructor-provided filename; not independently verified
iyWWYA2O1xA,20260211,Dollars ARE Debt,instructor-provided filename; not independently verified
zYEjmUv1FXs,20260209,The Market at All Time Highs - Don’t Make This Mistake,instructor-provided filename; not independently verified
zrAsxblDWvc,20260206,The Effect of Tariffs After One Year,instructor-provided filename; not independently verified
pMdk2PVhJ1k,20260204,The Budget Deficit - Still Headed Towards Disaster,instructor-provided filename; not independently verified
96dDB3bgvJE,20260202,Kevin Warsh New Fed Chair will Change EVERYTHING,instructor-provided filename; not independently verified
cZ9N5Lq7CQQ,20260129,Why Everything Keeps Getting So Much More Expensive,instructor-provided filename; not independently verified
AqE53pD4m3U,20260126,Treasuries Look Ready to Break (and what happens when they do),instructor-provided filename; not independently verified
kJxo_QSRkDI,20260124,The Trade Deficit is Collapsing,instructor-provided filename; not independently verified
QjBfdn1LHYM,20260120,A Recession (and bear market) Happens EVERY TIME the Fed Does This,instructor-provided filename; not independently verified
1e7tOCb2EEg,20260116,"Fed ""Independence"" is Under Attack",instructor-provided filename; not independently verified
al3_Kc46i4A,20260114,Buy the Everything Bubble? Or Lose to Inflation?,instructor-provided filename; not independently verified
5i_q_v86wnE,20260112,The Government is Taking Over the US Housing Market,instructor-provided filename; not independently verified
6gPw-Nns_bs,20260109,The Biggest Problems All Have One Simple Solution,instructor-provided filename; not independently verified
mTAvGBjzcQc,20260107,"The Truth about Maduro, Venezuela, and the New Global Order",instructor-provided filename; not independently verified
wSGPDd5yTjs,20260105,Why Everyone is Getting AI Economics Wrong,instructor-provided filename; not independently verified
Z7DrlYYwfRw,20260101,The Silver Rush: Boom or Bubble?,instructor-provided filename; not independently verified
xbS6JkiZTkQ,20251229,2026 Macro Outlook,instructor-provided filename; not independently verified
7OVjzdWglko,20251222,Get Your Wealth Out of the System Before it’s Too Late,instructor-provided filename; not independently verified
8daGrrDuTaM,20251219,Treasury Buybacks are Preparing for Something Bigger,instructor-provided filename; not independently verified
Bj9e_yxPnQE,20251217,What is the Best Investment Account for Kids in 2026?,instructor-provided filename; not independently verified
SWPRNRsDehw,20251215,$9 Trillion of the National Debt Must be Paid Back in 2026,instructor-provided filename; not independently verified
4dPqbzvlP5k,20251212,The Fed Only Lasted 12 Days Before Restarting QE,instructor-provided filename; not independently verified
58vA8WGCYEE,20251210,The Real Reason the Fed Just Ended QT,instructor-provided filename; not independently verified
lywcaDDshqw,20251208,Did Trump Just Make Cars Cheap Again?,instructor-provided filename; not independently verified
C-jbRtlpyto,20251206,"Layoffs Everywhere, But Jobless Claims are Dropping",instructor-provided filename; not independently verified
YybhrWm93-4,20251203,The End of Bitcoin?,instructor-provided filename; not independently verified
2Y7_c_Xw9SM,20251201,Markets are About to Do the Unexpected,instructor-provided filename; not independently verified
m-TA1cBh2o4,20251127,"If You Make Less than $140k, You’re Below the Poverty Line",instructor-provided filename; not independently verified
TfQ2gLDxF2c,20251124,The Fed Just Revealed Their Next Move,instructor-provided filename; not independently verified
86NaFfpGbUc,20251121,"The AI Bubble, Mass Unemployment, and Solving Poverty",instructor-provided filename; not independently verified
xTEbwFaGNz8,20251119,Everything You Think About Interest Rates and Inflation is Wrong,instructor-provided filename; not independently verified
qdJL3o_oEtQ,20251117,Subprime Auto Loans are Imploding,instructor-provided filename; not independently verified
RQbNlHOECxI,20251115,They are About to Flood the Market with Liquidity,instructor-provided filename; not independently verified
vUnhYunuwcA,20251112,How 50 Year Mortgages will Change Real Estate,instructor-provided filename; not independently verified
PizMdirtkaw,20251110,The Government Shutdown is Crashing the Market,instructor-provided filename; not independently verified
7m-7wCRvGBg,20251108,Why Most Retirees Don’t Have to Use their Retirement Savings,instructor-provided filename; not independently verified
Sg-WWlHuLqM,20251105,"Repo Market Just Spiked, 2008 Repeat?",instructor-provided filename; not independently verified
OsrpFZPUmRY,20251103,How Artificially Low Rates Actually Destroy Wealth,instructor-provided filename; not independently verified
khD-YF81hmg,20251031,The Fed is Sacrificing the Housing Market to Bail Out the Government,instructor-provided filename; not independently verified
rHkrE4uM09Y,20251029,Over 40 Million Americans are on Food Stamps?,instructor-provided filename; not independently verified
NJ1yvpHFq20,20251027,It’s Not the Fed Who Actually Controls Interest Rates,instructor-provided filename; not independently verified
p3Lt2AEEWec,20251024,How Gold Could Become Money Again,instructor-provided filename; not independently verified
68pnAcgU9wc,20251022,The Truth about the Overwhelming Size of the Government,instructor-provided filename; not independently verified
WtJFASHSwvA,20251020,When “Inflate Away the Debt” Stops Working,instructor-provided filename; not independently verified
SDzVzd6JVdg,20251016,The Fed Just Announced When QT Will End,instructor-provided filename; not independently verified
mnRzrau7gpE,20251013,The Next Economic Crisis is Not What You Think,instructor-provided filename; not independently verified
yHsF-FsJDE4,20251010,"Gold at $4,000 is a Terrifying Sign of What's Coming",instructor-provided filename; not independently verified
9cKA0jZI9pU,20251008,How Long Will it Take for the Dollar to Hyperinflate,instructor-provided filename; not independently verified
581jIJHMxYw,20251006,Treasury Buybacks are Ramping Up - What’s Really Going On,instructor-provided filename; not independently verified
QWU4q0Ir9cI,20251003,You Aren’t Ready for what Stocks are About To Do,instructor-provided filename; not independently verified
E3IOr4jgCCs,20251001,The Government Shutdown: This Time is Different,instructor-provided filename; not independently verified
15W-VSiEo7o,20250929,The Rationale for Rate Cuts,instructor-provided filename; not independently verified
3P8Y535oxFg,20250925,The SEC is Considering Ending Quarterly Earnings Reporting Requirements,instructor-provided filename; not independently verified
groPJHqVmKE,20250922,Are We Just Repeating the 1970’s Inflation?,instructor-provided filename; not independently verified
GBfD94nsjZg,20250918,"Rate Cuts are a Distraction, Watch This Instead",instructor-provided filename; not independently verified
ek_RodYzUCI,20250915,The History of Money - and What Comes Next,instructor-provided filename; not independently verified
yvutdxMsxic,20250912,"It’s Not an Everything Bubble, it’s a Dollar Collapse",instructor-provided filename; not independently verified
QkUrY0ydEjk,20250910,Is MicroStrategy a Ponzi Scheme?,instructor-provided filename; not independently verified
FEEKYGTuBnI,20250908,The Real Reason The Treasury is Buying Back So Much Debt,instructor-provided filename; not independently verified
k1JA3js_loA,20250905,"Why Gold is Rising So Much, and So Quickly",instructor-provided filename; not independently verified
wkBd_nJOdLU,20250903,The Rich Pay Almost All the Income Taxes - and the Poor Pay Zero,instructor-provided filename; not independently verified
Y1OKIgfJ8Qc,20250901,The Government is Borrowing Half a Trillion Dollars Per Month,instructor-provided filename; not independently verified
Zo1I8fdGOgw,20250830,Did the Fed Just Abandon its 2% Inflation Target?,instructor-provided filename; not independently verified
f-4mgodYiNg,20250828,The Real Reason Trump is Replacing Everyone at the Fed,instructor-provided filename; not independently verified
Af9kHS0bwig,20250825,Reverse Repo Facility (finally) Completely Drained,instructor-provided filename; not independently verified
0VJx-dqGfDY,20250823,What is the Optimal Money Supply?,instructor-provided filename; not independently verified
UaU7Wj9tgFo,20250821,Is Now the Worst Time Ever to Buy a Home?,instructor-provided filename; not independently verified
yR5vOlc4to4,20250818,Cash Allocations at Record Low - but Money Supply at All-Time-High,instructor-provided filename; not independently verified
7CeR81P9KsA,20250816,Now the Fed is Talking about Gold Revaluation,instructor-provided filename; not independently verified
OaXkdl0FQz8,20250814,It's Time to Get Your Wealth Outside the System,instructor-provided filename; not independently verified
O3DGQvyepUQ,20250813,What I Learned Losing a Million Dollars,instructor-provided filename; not independently verified
7TgVGArJlWE,20250811,Shocking Report: The Treasury Needs $1.6 Trillion by End of Year,instructor-provided filename; not independently verified
Zi8M9cfTN2w,20250808,"Are Diamonds a Scam? The Truth about this ""Asset""",instructor-provided filename; not independently verified
a0jPJS0I3TY,20250806,62% of Households Earning Over $300k Can't Pay Their Bills,instructor-provided filename; not independently verified
rCx7SriqSaU,20250804,All the Job Growth Reported This Year Was Just Revised Away,instructor-provided filename; not independently verified
dFlxgGyCmtU,20250801,30% of Inflation Data Is Just Made Up,instructor-provided filename; not independently verified
RWQGPWyXjfw,20250730,The Government is Lying To You About Your Health Insurance Cost,instructor-provided filename; not independently verified
ZPC5uDDEdfk,20250728,The Stock Market is Now the Most Overvalued in History,instructor-provided filename; not independently verified
UDaAIXDQt2k,20250724,The Treasury’s Plan to Take Control of the Federal Reserve,instructor-provided filename; not independently verified
YYHHoxJmjyk,20250721,Trump is Going to Fire Powell to Get Rates Lower (it won't work),instructor-provided filename; not independently verified
eIjLTslfors,20250714,The Treasury General Account Refill will Force the Fed to Cut Rates and Restart QE,instructor-provided filename; not independently verified
ysFFlpjqdiM,20250710,Why the Bible Outlaws Charging Interest on Debt,instructor-provided filename; not independently verified
WM4tv6-IcFM,20250707,Why the Government Doesn’t Let School Teach Kids About Money,instructor-provided filename; not independently verified
SshDKNhXyS4,20250703,The Fed Just Bailed Out the Repo Market (First Time Since 2019),instructor-provided filename; not independently verified
wJOvlyuMY5s,20250630,Even Blackrock has Abandoned the 60/40 Portfolio,instructor-provided filename; not independently verified
7xH92q0LmU4,20250627,The Plan to End the Fed’s Interest Payments on Reserves will Funnel Trillions into T-Bills,instructor-provided filename; not independently verified
ZaCuQYGb-WA,20250624,The Government is Increasing Leverage Caps for Big Banks,instructor-provided filename; not independently verified
k4PSnG204cQ,20250619,The Road to Tyranny (according to the Bible),instructor-provided filename; not independently verified
fLb5-wzXMno,20250616,How Free Online Trading Platforms Actually Make Money,instructor-provided filename; not independently verified
RqNxFHYm_7g,20250613,12 Lessons from Warren Buffett,instructor-provided filename; not independently verified
5ctER8xiAZA,20250611,Money Printing is Back - But it’s Not Coming From the Fed,instructor-provided filename; not independently verified
iM3gDv8o3-s,20250609,This is How the Dollar Dies,instructor-provided filename; not independently verified
nicnRxNqSBk,20250606,How Trump's Nuclear Energy Executive Orders will Impact America,instructor-provided filename; not independently verified
s77jl6p24OE,20250604,Investors Are Betting on a U.S. Default - Here’s Why,instructor-provided filename; not independently verified
ENhQtnz-BN0,20250602,They Just Revealed Their Plan to Deal with the Debt Crisis,instructor-provided filename; not independently verified
CjiL_uvB67A,20250530,The REAL Reason the US is Racing to Embrace Crypto,instructor-provided filename; not independently verified
eF0ezVRItTA,20250528,The Plan to Deregulate the Banks to Bail Out the US Treasury,instructor-provided filename; not independently verified
y5ULkJmU_18,20250526,Your Debt is about to Get A lot More Expensive,instructor-provided filename; not independently verified
P5Iw17_Mml4,20250523,The Bull Market is Officially Back,instructor-provided filename; not independently verified
fnuTstJAk18,20250521,US Debt Got Downgraded - Why it Matters For You,instructor-provided filename; not independently verified
YUfciXJO-BQ,20250519,The $4 Trillion Tax Cut Bill,instructor-provided filename; not independently verified
ToQvKdDzjys,20250516,Why Lower Inflation Means More Stimulus Ahead,instructor-provided filename; not independently verified
QNRbzdFJnWA,20250514,Who is Really Winning the US-China Trade War,instructor-provided filename; not independently verified
kiK2B6MI47w,20250512,Government Spending Actually Shrank This Quarter,instructor-provided filename; not independently verified
I6xj_l3XQW8,20250509,The Fed is Stuck - Get Ready for QE,instructor-provided filename; not independently verified
fBN3CpxSKIo,20250507,Social Security is an Actual Ponzi Scheme. So is the Stock Market?,instructor-provided filename; not independently verified
tuJ00od696Q,20250505,Huge Tax Cuts May be On the Way,instructor-provided filename; not independently verified
5dbjMUKMY6g,20250502,The Economy is Officially Shrinking,instructor-provided filename; not independently verified
PUrymklnGz4,20250430,The Tactical Cash Strategy That Beats 100% Investing,instructor-provided filename; not independently verified
k0URtbylwJk,20250428,"The Fed's ""Secret Third Mandate"" Exposes their True Agenda",instructor-provided filename; not independently verified
ehm8hqOy4Fk,20250425,The Fed Isn’t Independent — Here’s Who Really Pulls the Strings,instructor-provided filename; not independently verified
wFIyTqZNkhE,20250423,Income Strategy Funds Never Outperform their Benchmark,instructor-provided filename; not independently verified
OcVL7gv54YE,20250421,The 40 Year Debt Cycle is Not Slowing Down,instructor-provided filename; not independently verified
5QR8HkuRoog,20250418,Watch for the Fed to Bail Out the Bond Market Soon,instructor-provided filename; not independently verified
eDjn3hpCFjw,20250416,Deflation is Here Again for the First Time Since 2020,instructor-provided filename; not independently verified
-pe7fE57kLI,20250414,The Real Reason the Treasury Market is Imploding (not China),instructor-provided filename; not independently verified
18x8n8KVvnw,20250411,Capitalism,instructor-provided filename; not independently verified
zLsCByn2GrA,20250410,History Suggests the Market has Another Leg Down,instructor-provided filename; not independently verified
H_YZQgv61mY,20250409,The Truth About This Crash - Who is Actually Selling,instructor-provided filename; not independently verified
q4LsbeEuYn0,20250407,The Fed Lost $77 Billion Last Year... And Counting,instructor-provided filename; not independently verified
q1GVN1jjOYE,20250403,"Elon Discovered 14 ""Magic Money Computers"" Explained",instructor-provided filename; not independently verified
Vf9sMm6IvbQ,20250331,There are Only 4 Ways to Solve the Sovereign Debt Crisis,instructor-provided filename; not independently verified
6alrdyTGzbA,20250328,How the Fed Causes the Boom and Bust Cycle,instructor-provided filename; not independently verified
qFGhYDAtkBo,20250326,Inflation is About to Collapse,instructor-provided filename; not independently verified
oBZK44lBoc0,20250324,US Households are on the Verge of Bankruptcy Right Now,instructor-provided filename; not independently verified
s0gxkt0izfQ,20250321,Junk Bond Spreads are the Recession Signal to Watch,instructor-provided filename; not independently verified
1S5J8UAW2ns,20250319,Congress is Considering Revaluing Gold to Buy Bitcoin,instructor-provided filename; not independently verified
AFlUmeYZBGI,20250317,The Next Planned Black Swan: Global De-Dollarization,instructor-provided filename; not independently verified
1dLYwEIjJGY,20250314,The Parable of the Poor Fisherman and the Rich Businessman,instructor-provided filename; not independently verified
l-jXg6E_7Tc,20250312,Is Trump Crashing the Stock Market on Purpose to get Rates Down?,instructor-provided filename; not independently verified
r4CoDnAINLg,20250310,Fed Issues Urgent Warning: Recession Next Month,instructor-provided filename; not independently verified
LCn_Z2weSng,20250307,Do This By 40 and You'll Be Set for Life,instructor-provided filename; not independently verified
r1lbeLBGuCw,20250305,Everyone Thinks the Market is About to Crash,instructor-provided filename; not independently verified
qcizHaA-e6A,20250303,How to Get Started Investing in 2025,instructor-provided filename; not independently verified
YD-oFIE6SS4,20250227,The Best and Worst Tax Systems Ranked,instructor-provided filename; not independently verified
IBtM5ZdLj98,20250224,How They'll Cancel the National Debt,instructor-provided filename; not independently verified
1juJGETFr2U,20250217,This Always Happens Right Before a Market Crash,instructor-provided filename; not independently verified
Y_IhRzlrTMw,20250213,How Scott Bessent Plans to Get Interest Rates Down,instructor-provided filename; not independently verified
xdpf34TyVI0,20250210,"A ""Gold Run"" May Have Begun at the Bank of England",instructor-provided filename; not independently verified
B_ZqSv-WuIs,20250206,The Dangers of a US Sovereign Wealth Fund,instructor-provided filename; not independently verified
BSK4NZ3PATk,20250204,The Math Behind Eliminating Income Taxes,instructor-provided filename; not independently verified
QexagT5HlPY,20250201,The Fed Pause is Here,instructor-provided filename; not independently verified
6jcDnWrhed4,20250129,How Rising Bond Yields Affect Every Area of the Market,instructor-provided filename; not independently verified
Can_5smdMt4,20250127,Central Banks are Selling US Treasuries and Buying Gold Instead,instructor-provided filename; not independently verified
O3QZAMwTlAY,20250124,How the Fed Flipped the Yield Curve (and the consequences),instructor-provided filename; not independently verified
A8oR96MiQOE,20250122,Leveraged Longs Outnumber Shorts 100 to 1,instructor-provided filename; not independently verified
BvmwejTgcP4,20250120,China is Collapsing,instructor-provided filename; not independently verified
CIM9twuyL_Q,20250117,The 10 Year is Headed Over 5%,instructor-provided filename; not independently verified
7jupMC8IiAQ,20250115,This Hasn't Happened Since Right Before the Great Depression,instructor-provided filename; not independently verified
ThP0mRdE8uw,20250113,Almost a Third of the National Debt Needs to be Paid Back in 2025,instructor-provided filename; not independently verified
bqukrHuNHvE,20250109,The Fed Will End Quantitative Tightening This Year,instructor-provided filename; not independently verified
CvkccmcwSx8,20250106,Extreme Volatility Set to Hit in 2025,instructor-provided filename; not independently verified
gOwenkT_BdA,20250102,How Government Bonds Work - and Why They Fail,instructor-provided filename; not independently verified
iK4fxO0FZbg,20241230,The Fed's Hidden Move just Ended the Reverse Repo Facility,instructor-provided filename; not independently verified
XIfI9Zw5VoU,20241226,Why the Fed is Cutting Rates into Rising Inflation,instructor-provided filename; not independently verified
L9ivXNNFfOE,20241223,Inflation is Officially Rising Again,instructor-provided filename; not independently verified
OLyftR3-OsA,20241219,Money Cannot be Backed by Anything - and Never Has Been,instructor-provided filename; not independently verified
_6Ca5GbMYIs,20241216,What Will Happen if Trump Actually Shrinks the Government?,instructor-provided filename; not independently verified
_OOfaFPw7eE,20241212,Why LOOKING POOR is Important (or is it?),instructor-provided filename; not independently verified
lunA0RB7Kq0,20241209,I Just Got Called Out by The Plain Bagel,instructor-provided filename; not independently verified
WvwZLrFlz0U,20241205,How Trump May Try to do QE Without The Fed,instructor-provided filename; not independently verified
4M8iveVialE,20241202,The Warren Buffett Indicator is at an All-Time High,instructor-provided filename; not independently verified
dL4vyXoWVhs,20241128,Insiders are Selling like Never Before (while retail is buying),instructor-provided filename; not independently verified
jNgf4MMw0Do,20241125,Bitcoin - The Final Cycle,instructor-provided filename; not independently verified
Eu5qtUGP16c,20241121,The Total Market Melt-Up has Begun,instructor-provided filename; not independently verified
7iXpydiWdg4,20241118,Trump vs Powell: Bad Blood and the Coming Fight Over Monetary Policy,instructor-provided filename; not independently verified
Rrdm5E4dT6U,20241114,The Real Reason Inflation Just Started Rising Again (first time since March),instructor-provided filename; not independently verified
-MUIcl1XOPg,20241107,How Trump's Victory will Change the Economy,instructor-provided filename; not independently verified
NFOrNaNNDSI,20241104,Why the Global Sovereign Debt Crisis hasn’t Exploded (yet),instructor-provided filename; not independently verified
MxsLTwVVWXY,20241101,An Economic Crisis is Brewing for 2025,instructor-provided filename; not independently verified
XrDhRfM6ibg,20241030,The Reverse Repo is Draining to Zero (finally),instructor-provided filename; not independently verified
83zZrfpM5yI,20241028,Bank Failure Risk is 8x Higher than the GFC,instructor-provided filename; not independently verified
4uMZ9CZiYBs,20241024,"The US Sovereign Debt Crisis is Getting Worse, Faster",instructor-provided filename; not independently verified
_F5NQkArZdk,20241021,Your Chances of a “Lost Decade” Investing are WAY Worse than you Think,instructor-provided filename; not independently verified
LZmRxlo-Rnk,20241017,12 Economic Laws that will Make You More Money,instructor-provided filename; not independently verified
wv-XDhpoR7w,20241014,Why the Fed Cuts are Causing Interest Rates to RISE Instead,instructor-provided filename; not independently verified
bBbanGrsV2k,20241010,The Jobs Report is a Disaster in Disguise,instructor-provided filename; not independently verified
Zht9RB8U2-I,20241007,"China, the Fed, and the Middle East War - ALL Pushing Prices Higher",instructor-provided filename; not independently verified
p8Ejw1e6cvc,20241003,How Tariffs Actually Work,instructor-provided filename; not independently verified
vHWFXXMFWfI,20240930,What Would Happen if the US Decided to Not Pay its Debt?,instructor-provided filename; not independently verified
MJ0jyU_tPlw,20240923,How to Retire a Millionaire at Any Age,instructor-provided filename; not independently verified
fQRQWtxanZs,20240916,Why Interest Rates have Fallen for 700 Years (and where they are headed next),instructor-provided filename; not independently verified
6BJqzvvpkJw,20240909,The Fed Hasn't Done This Since '08... and '01,instructor-provided filename; not independently verified
5sg2fgo2a0g,20240902,"Capital Controls are Coming, and You Need to Prepare for it Now",instructor-provided filename; not independently verified
6y1BG9-VDQo,20240829,The Japan Trade that Crashed the Market is Only Halfway Done,instructor-provided filename; not independently verified
KYMLu7stxu8,20240826,Why Fed Rate Cuts will Trigger a Recession,instructor-provided filename; not independently verified
va7pFzPlOU4,20240823,Is it Immoral to be a Billionaire?,instructor-provided filename; not independently verified
Ll5fy4EMxgE,20240819,Earn More or Spend Less? The Fastest Path to Wealth (not what you’d expect),instructor-provided filename; not independently verified
Vk_RmDFEHLI,20240814,The Yield Curve is Un-Inverting (Stocks Crash Every Time),instructor-provided filename; not independently verified
8IT5I437lRo,20240813,Use Extreme Volatility to Your Advantage (without risk of blow-up),instructor-provided filename; not independently verified
jkgRfb19tlI,20240812,"Interest Rates are Causing the US Debt to ""Death Spiral""",instructor-provided filename; not independently verified
1WwfdOaINUM,20240809,How a Fed Cut will Send Rates Soaring Higher Instead,instructor-provided filename; not independently verified
iGBsuBnfcJc,20240807,"Japan's ""Yen Carry Trade"" is Unwinding - and Breaking the Market",instructor-provided filename; not independently verified
W-9F6QWxaSQ,20240805,Could Trump Actually End Income Taxes?,instructor-provided filename; not independently verified
JTbCZD7WI9I,20240803,"Yes, Money CAN Buy Happiness. Here's How",instructor-provided filename; not independently verified
73oI_Amov4s,20240802,"BREAKING: Stocks are Crashing, DON'T Make This Mistake",instructor-provided filename; not independently verified
m6hq3ZOkC1o,20240731,The Fed Will Cut Rates - Then Hike MUCH Higher,instructor-provided filename; not independently verified
1huHYIeudZU,20240729,Do the Rich or Poor Pay the Most Taxes?,instructor-provided filename; not independently verified
cjqXb56UJrQ,20240726,Why Some things Get Cheaper While Others get WAY More Expensive,instructor-provided filename; not independently verified
1D4cm-DWLdQ,20240722,Are Republican or Democrat Presidents Better for the Economy?,instructor-provided filename; not independently verified
aEqD9YW7224,20240719,This is What a Global Currency Transition Looks Like,instructor-provided filename; not independently verified
nkxAxG2RzN0,20240715,"How the Fed ""Prints Money"" in Secret Without QE",instructor-provided filename; not independently verified
M1geFhqq7zs,20240712,Chevron Deference Overturned: Why it’s a Really Big Deal,instructor-provided filename; not independently verified
eAgxy6JbytI,20240708,This is What a Sovereign Debt Crisis Looks Like,instructor-provided filename; not independently verified
M_lBbkadeqA,20240705,The Exact Investing Blueprint I Give my Family and Friends,instructor-provided filename; not independently verified
-6fIbHDjexI,20240701,Why the Best Investors Study Economics,instructor-provided filename; not independently verified
19c_nf8RtVg,20240624,"No, Saudi Arabia Did Not Just End a Decades-Old Dollar Agreement",instructor-provided filename; not independently verified
i-ULnxsilUc,20240621,Life Insurance: How to Protect Your Loved Ones Without Getting Scammed,instructor-provided filename; not independently verified
jLqOC8v1N4E,20240617,How to Hedge Any Investment from Loss (even physical assets),instructor-provided filename; not independently verified
0joiGLiLaNQ,20240614,How to Raise Wealthy Kids,instructor-provided filename; not independently verified
hr2zm33_0Ss,20240610,How to Short Literally Anything,instructor-provided filename; not independently verified
pbZvAdbMkvc,20240607,12 Secrets about Wealth You Didn't Know were in the Bible,instructor-provided filename; not independently verified
5uWMNTop72I,20240603,Why the US Treasury is Buying Back its Own Bonds,instructor-provided filename; not independently verified
yrhemHMQqYE,20240531,The 10 Most Dangerous Investing Myths,instructor-provided filename; not independently verified
izoLanD-KC4,20240527,Why Does the US Borrow and Tax when it can Print Money?,instructor-provided filename; not independently verified
vnkLCoJwsk0,20240524,"How to make $1,000 Per Day with a Small YouTube Channel",instructor-provided filename; not independently verified
LyoFKy3wR88,20240520,Why So Many Banks are Ready to Collapse,instructor-provided filename; not independently verified
FWTlCaJVolo,20240513,How the US will Inflate its Debt Away (and you can too),instructor-provided filename; not independently verified
yq4iCci7-ko,20240506,This Recession Signal has Never Failed,instructor-provided filename; not independently verified
w3gHsNmjK2I,20240429,The Most Dependable Path to Wealth,instructor-provided filename; not independently verified
uNanLeDU7dE,20240422,Reverse Repo is Crashing to Zero - Here's What Happens Next,instructor-provided filename; not independently verified
8OUHklMypvI,20240417,The Gamma Squeeze Reversal is Triggering a Flash Crash,instructor-provided filename; not independently verified
P30bEtmTXlA,20240415,A Second Wave of Inflation is Coming (same thing happened in the 1970's),instructor-provided filename; not independently verified
QMhOs1cK0_c,20240408,Taxes are Theft. Here's How to Stop Paying Them (Legally),instructor-provided filename; not independently verified
6ZQFEna0iV4,20240401,The Real Reason the Fed Exists Today,instructor-provided filename; not independently verified
bo9xrxkbXAg,20240325,The Fed's Plan to Restart QE - But This Time through Banks,instructor-provided filename; not independently verified
rBkjEthzw-Q,20240318,The Everything Bubble,instructor-provided filename; not independently verified
4Puo6gFyUh4,20240311,Most Americans Will Never be Able to Retire,instructor-provided filename; not independently verified
5-hmzgjp_e0,20240304,The Treasury Market is Beginning to Fail,instructor-provided filename; not independently verified
fsI6rbvR9SI,20240226,Why the Money Supply is GROWING Again,instructor-provided filename; not independently verified
4q8qlq5VQSQ,20240219,The 2024 Real Estate & Bank Crisis has Begun,instructor-provided filename; not independently verified
G5F9Ec8GoeU,20240212,$10 Trillion in New Treasuries will be Issued this Year,instructor-provided filename; not independently verified
Jm96JEaUQHc,20240206,Why China Can't Stop its Economic Collapse,instructor-provided filename; not independently verified
e0qv-NAMiKE,20240201,0DTE Options (zero day till expiration) will Cause a Market Crash,instructor-provided filename; not independently verified
MLUO7Ddoohc,20240129,How I Went from Broke & In-Debt to Multi-Millionaire in 10 Years,instructor-provided filename; not independently verified
yDCkW1602a0,20240122,The Next Stock Market Wealth Transfer has Begun,instructor-provided filename; not independently verified
wiPn05mIMUY,20240118,How a Fed Pivot will Push Interest Rates HIGHER,instructor-provided filename; not independently verified
-Ttf7LDhD9U,20240115,Why the Fed’s Bank Bailout Facility is Blowing Up Right Now,instructor-provided filename; not independently verified
imSWQTk8S-w,20240112,The Jobs Market is Collapsing,instructor-provided filename; not independently verified
QcDeHaqHMPQ,20240109,Tax Revenue is FALLING...,instructor-provided filename; not independently verified
JUPi2-TtLIc,20240108,I Read 482 Books About Money - These are the Only 12 You Need,instructor-provided filename; not independently verified
PztCR0XJSDY,20240104,The Treasury's $731 Billion Cash Hoard Explained,instructor-provided filename; not independently verified
bR8zT99mtOM,20240101,These 6 Forces will Control Markets in 2024,instructor-provided filename; not independently verified
prgrWvFBouM,20231229,These Recession Signals are Flashing Red... and have NEVER Failed,instructor-provided filename; not independently verified
QvjaO2_mNs4,20231227,They'll Try to Inflate Away the Debt. It Won't Work.,instructor-provided filename; not independently verified
ZsWx7oOTRo4,20231222,The Stock Market is Ready to Dump,instructor-provided filename; not independently verified
JV0Tu_DRfPQ,20231220,The Money Supply is Collapsing at Fastest Rate since Great Depression,instructor-provided filename; not independently verified
gkbz-ti_214,20231218,How the Fed is Losing Control over Markets,instructor-provided filename; not independently verified
LcJ6_-w2DAA,20231215,Did the Fed Just Announce the Pivot?,instructor-provided filename; not independently verified
KHH_rHDaC3c,20231213,ACTUAL Price Increases in the Last 50 Years… and the Next,instructor-provided filename; not independently verified
V5Mhj6tlr9A,20231211,How Hedge Funds are Holding the Treasury Market Hostage,instructor-provided filename; not independently verified
OTcSUe_naxo,20231208,Cracks are Starting to Appear in Overnight Funding Markets,instructor-provided filename; not independently verified
jExbXxWbP6I,20231207,Gold's Rollercoaster: A Short-Lived Surge Leaves Investors Bewildered,instructor-provided filename; not independently verified
vkaxengvX_c,20231206,WTF is Happening to Gold,instructor-provided filename; not independently verified
degoImpgrqQ,20231204,The Fed’s Rate Cut Plan for 2024 Revealed,instructor-provided filename; not independently verified
bgi4V1qpafg,20231201,"Everyone is Shorting Volatility, and it’s About to Blow Up",instructor-provided filename; not independently verified
jN4JYMo90hY,20231129,This is When the US Debt will Become Unbearable,instructor-provided filename; not independently verified
BPeWVxVOsAg,20231127,The Return of Pension Plans Could Crush the Stock Market,instructor-provided filename; not independently verified
LQ0M66_AjXo,20231124,"The Dollar is About to ""Crash"" Higher",instructor-provided filename; not independently verified
RlhWhQSWils,20231122,How the Next Round of Bailouts will be Reserved for the Elites,instructor-provided filename; not independently verified
GgK4566_xRI,20231120,Reverse Repo is Crashing,instructor-provided filename; not independently verified
cKZI4rBIJis,20231118,The Yield Curve is Re-Inverting?,instructor-provided filename; not independently verified
Nu96gTe5410,20231116,This is What a Failing Treasury Market Looks Like,instructor-provided filename; not independently verified
aaHnG83VZIg,20231113,The 2024 Recession is About to Hit HARD,instructor-provided filename; not independently verified
0Fg30bxX9BA,20231110,Buying Bitcoin Now Will Not Make Your Descendants Rich,instructor-provided filename; not independently verified
JS2-JfFy_Ks,20231108,The Second Wave of Bank Failures has Begun,instructor-provided filename; not independently verified
1iErP8ZMA6o,20231106,The Real Reason Inflation Suddenly Stopped Falling,instructor-provided filename; not independently verified
jARcZIZcPfo,20231103,How Deficits Overpower the Fed's Fight against Inflation,instructor-provided filename; not independently verified
sftv6R66Ess,20231101,The US Borrowing Plan for 2024 is Insane,instructor-provided filename; not independently verified
ks97OS8XcDY,20231030,Why the Next Decade Will Not Look Like the Last,instructor-provided filename; not independently verified
YrIMhY8PYFk,20231028,The Fed is Fighting Inflation... by Printing Money??,instructor-provided filename; not independently verified
qn9YkwX0Hew,20231027,The Debt Can’t be Repaid - So What will Happen Instead?,instructor-provided filename; not independently verified
bZj5NE8zY-c,20231026,Bill Ackman's Bold Call on Bond Yields,instructor-provided filename; not independently verified
8-1A87Sp9Vk,20231025,Did One Billionaire Just Move the Entire US Treasury Market?,instructor-provided filename; not independently verified
5pW5K1tAuCA,20231023,Interest Rates will Explode Higher in 2024,instructor-provided filename; not independently verified
KEV8UWFvO-Q,20231021,The Real Reason Why Millennials are the Poorest Generation,instructor-provided filename; not independently verified
Y_O8XH8vmo8,20231020,"The BlackRock Bitcoin ETF is Coming Soon, but Not First",instructor-provided filename; not independently verified
k5SmvZXiOQ0,20231018,The Credit Bubble is Popping,instructor-provided filename; not independently verified
FiBrx7_bqzo,20231016,The Real Reason Everyone is Suddenly Going on Strike,instructor-provided filename; not independently verified
Ir2PhlAszss,20231014,I've Studied Money for 10 Years - These 12 Lessons Make People RICH,instructor-provided filename; not independently verified
J7meDcQqae4,20231012,What They Don’t Want You to Know about the Jobs Numbers,instructor-provided filename; not independently verified
jIKjqW8_Ssc,20231010,The Real Reason Energy is Getting So Expensive,instructor-provided filename; not independently verified
6CaWCHxOBik,20231009,Reverse Repo Facility will be Completely Drained in 6 Months,instructor-provided filename; not independently verified
bvt5zA-a43g,20231006,Rising Interest Rates will Break the Market,instructor-provided filename; not independently verified
Jglh8dTGhKg,20231004,Shutdown Averted for 45 Days... How Long Can They Keep Doing This?,instructor-provided filename; not independently verified
zJrQQy2gLY0,20231002,This is What it Looks Like Right Before a Depression Starts,instructor-provided filename; not independently verified
iwcRD30UkGQ,20230929,Don't Fall for the Sucker's Rally,instructor-provided filename; not independently verified
CiLxZ4kovrM,20230927,Get Your Cash Out of the Banks,instructor-provided filename; not independently verified
p6aCfP4mVxw,20230925,Why Long-Term Rates are Surging - and Won't Slow Down Anytime Soon,instructor-provided filename; not independently verified
uOTlBrFg1GU,20230923,Insider Trading Should Be Legal for Everyone but Congress,instructor-provided filename; not independently verified
_S9OZE8ds5I,20230922,How Large Corporations are Exploiting High Interest Rates Right Now,instructor-provided filename; not independently verified
OFddCAFKGVY,20230920,Did the Treasury Market Just Glitch? Or is Something Big Breaking?,instructor-provided filename; not independently verified
5ujWHQXDyQA,20230918,Is a Small Amount of Inflation a Good Thing?,instructor-provided filename; not independently verified
7S8BdqQTrMA,20230917,Gold Prices are Beginning to Do Something Strange,instructor-provided filename; not independently verified
epIFO7OheTI,20230915,Jamie Dimon Sounds the Alarm on US Treasuries,instructor-provided filename; not independently verified
QeNcal4ZWBg,20230913,The Rise of Javier Milei,instructor-provided filename; not independently verified
ktVgDkZN0Ls,20230911,The Yield Curve has NEVER Done This Before,instructor-provided filename; not independently verified
iRzhPE6k11I,20230909,Every Time Banks Do This a Recession Happens,instructor-provided filename; not independently verified
q9fpq3hQ0HI,20230908,Is the Economy Already Past the Point of No Return?,instructor-provided filename; not independently verified
2ILCKQ4jGfo,20230906,The Reverse Repo is Draining Again,instructor-provided filename; not independently verified
5275nrOnfW4,20230904,This Month could be Brutal,instructor-provided filename; not independently verified
p_MxgJ_kcTg,20230902,Fed Report Warns More Banks at Risk of Failure,instructor-provided filename; not independently verified
-mNneIs2Cn0,20230901,One Final Bitcoin Dump Before SEC Approves ETF (big money front running widespread adoption),instructor-provided filename; not independently verified
tksDsr0CRjE,20230830,Is The Dollar In Danger of Dying?,instructor-provided filename; not independently verified
A4QvI_fAkYc,20230828,The Next Decade will be a Repeat of the 70’s,instructor-provided filename; not independently verified
hyAv47t5g_E,20230826,A Global Debt Crisis will Send the Dollar Soaring Higher,instructor-provided filename; not independently verified
ShCjhnbUWaQ,20230825,The US Plans to Liquidate its Debt through Financial Repression,instructor-provided filename; not independently verified
ouCZkSVv1sI,20230823,7 Ways to Profit from a Stock Market Crash,instructor-provided filename; not independently verified
7NOYiSfy6p4,20230821,A Warning to All Investors for the End of 2023,instructor-provided filename; not independently verified
zLAKGXelmPE,20230819,China's Economic Collapse has Begun,instructor-provided filename; not independently verified
yKyruAeG1LA,20230818,Michael Burry's Biggest Short Since the Financial Crisis is NOT What it Seems…,instructor-provided filename; not independently verified
ihkDyJRsgVA,20230816,The Government is at War with Affordable Energy,instructor-provided filename; not independently verified
DKvQj2Fq4MU,20230814,Where Inflation is Headed - and What the Fed Plans to Do About It,instructor-provided filename; not independently verified
KXRoyq4J_jc,20230812,The Real Reason the Government Became So Large,instructor-provided filename; not independently verified
qJ5wtmOMGEg,20230811,Economic Meltdown: Excessive Debt is Crippling the Economy,instructor-provided filename; not independently verified
1IZpITZOJ3M,20230809,The US Retirement Crisis,instructor-provided filename; not independently verified
E6UV2Ntc7QU,20230807,This Time is Different,instructor-provided filename; not independently verified
Pi4CHqn1ppI,20230805,The Boom is Over. The Bust has Begun,instructor-provided filename; not independently verified
hxGyywp-cYU,20230804,The End of Japan's Yield Curve Control,instructor-provided filename; not independently verified
zlUs0s01PJ0,20230802,Why the Deficit is Exploding - and How it will End,instructor-provided filename; not independently verified
nmDOWQmtbyY,20230731,The 2024 Recession: (almost) Guaranteed,instructor-provided filename; not independently verified
3i09Vp40xbM,20230729,Why the Real Estate Crash Never Happened,instructor-provided filename; not independently verified
O_RVvqvG1a8,20230728,Worldcoin | The Sh*tcoin to Enslave Humanity is Here,instructor-provided filename; not independently verified
d-j2WqcCghc,20230726,The Fed's Final Rate Hike,instructor-provided filename; not independently verified
pWCJsyupv6Q,20230724,The Truth about BRICS Gold-Backed Currency,instructor-provided filename; not independently verified
91z8VFoIFiQ,20230722,RFK Jr. Plans to Back the US Dollar with Bitcoin and Gold,instructor-provided filename; not independently verified
Ef7RgJ48i74,20230721,The US Sovereign Debt Crisis is Here,instructor-provided filename; not independently verified
DTAbOpQLuig,20230719,Businesses are Failing at the Fastest Pace since 2010,instructor-provided filename; not independently verified
jwvp6W_dokc,20230717,Why the Dollar is Suddenly Collapsing,instructor-provided filename; not independently verified
mOEwrys-xJg,20230715,The Real Reason Inflation is Falling,instructor-provided filename; not independently verified
APHP5Mi1_Kk,20230714,The American Borrowing Binge has Ended,instructor-provided filename; not independently verified
GIxiFxYAibc,20230712,Interest Rates are Rising at the Fastest Pace in Modern History,instructor-provided filename; not independently verified
x1fZ71TSOiM,20230710,The Next 40-Year Economic Cycle has Begun,instructor-provided filename; not independently verified
rvscAO3ibic,20230708,How Money Actually Changes People,instructor-provided filename; not independently verified
DKUxgyyRrmU,20230707,Bank of America is in Trouble,instructor-provided filename; not independently verified
6lavV_JFcC0,20230705,No More Student Loan Forgiveness | Do This Now,instructor-provided filename; not independently verified
nUjQB2HG4EM,20230703,The American Experiment is Coming to an End,instructor-provided filename; not independently verified
iZHJyKV4_TY,20230701,"Greed is Good, and Poverty is Selfish?",instructor-provided filename; not independently verified
EsfZkAuf3Ok,20230630,Big Money is Front Running a Big Move into Bitcoin,instructor-provided filename; not independently verified
m8x7kZ02CEg,20230628,Johnny Harris Lies about Nuclear Energy EXPOSED,instructor-provided filename; not independently verified
Kr7n-8SFng4,20230626,"The Military Industrial Complex is ""Winning"" the War in Ukraine",instructor-provided filename; not independently verified
xA6q3grH4f0,20230624,How the Supreme Court is Quietly Reshaping America,instructor-provided filename; not independently verified
t5TwxRzEk18,20230623,The IMF Unveiled their Blueprint for a Global CBDC,instructor-provided filename; not independently verified
Mmm0-mluWU4,20230621,The Fed is Finally Unleashing their $2.1 Trillion Secret Weapon | Reverse Repo,instructor-provided filename; not independently verified
u_5DK40Pl1w,20230619,Don't Get Trapped in this Fake Bull Market,instructor-provided filename; not independently verified
J0zcT_Sk9CI,20230618,How Governments Try to Maximize Tax Revenue | The Laffer Curve Explained,instructor-provided filename; not independently verified
UmMxQUSY6Gk,20230616,The Fed's Shocking Statement Reveals What Comes Next,instructor-provided filename; not independently verified
lGad57RvXaE,20230614,"Inflation is Falling Now, But will Roar Back with a Vengeance",instructor-provided filename; not independently verified
utGRDj0vFAI,20230612,The Truth About Gold-Backed Cryptocurrencies,instructor-provided filename; not independently verified
neB3BSV4RPk,20230610,How Communism has Infiltrated America,instructor-provided filename; not independently verified
5oWVf0yd60I,20230609,The SEC Attack on Crypto is Unconstitutional,instructor-provided filename; not independently verified
1MkUSBdLPgM,20230607,"""The Market Will Always Go Up"" is a Lie",instructor-provided filename; not independently verified
RhLfmXfJRmA,20230605,It's More Important Than Ever to Get Out of Debt Quickly,instructor-provided filename; not independently verified
xSdzJkGUb-c,20230603,Who You Marry is the Most Important Financial Decision of your Life,instructor-provided filename; not independently verified
jM1W9I6lDvI,20230602,The Epic Rise of China is Over,instructor-provided filename; not independently verified
qR0_Lwi3d5w,20230531,Debt Limit Deal Means Massive Borrowing Binge is Coming,instructor-provided filename; not independently verified
Sup6CoCwt7I,20230529,The Real Reason Inflation is STILL So High,instructor-provided filename; not independently verified
cnfyMG2x1bQ,20230527,The Budget that would Save America,instructor-provided filename; not independently verified
4JpJM-hHtRE,20230526,Yellen is Lying about Defaulting on June 1,instructor-provided filename; not independently verified
t9aNCGMU3Kc,20230524,How the Fed Plans to Kill Capitalism (or what’s left of it),instructor-provided filename; not independently verified
5B1WNIdN18U,20230522,Biden Urged to Permanently Cancel Debt Ceiling (by twisting the 14th Amendment),instructor-provided filename; not independently verified
AujQYyvRDSc,20230521,Massive Gov Borrowing Binge to Suck Liquidity Out of the Market,instructor-provided filename; not independently verified
OLxeR7QF83E,20230519,American Investors have Lost Their Minds,instructor-provided filename; not independently verified
o1EkciDN-fQ,20230517,The Truth About Why They Don’t Teach Money in School,instructor-provided filename; not independently verified
ApNiyBO8mHk,20230515,This Hasn't Happened Since the Great Depression,instructor-provided filename; not independently verified
aOca3FcNexA,20230513,Why Everyone Suddenly Wants to Outlaw Short Selling,instructor-provided filename; not independently verified
xuVcN350ctI,20230510,Employment Numbers are a Lie with Millions of Fake Job Postings,instructor-provided filename; not independently verified
IOHsHh9Wjhg,20230508,There are Still HUNDREDS of Insolvent Banks,instructor-provided filename; not independently verified
6EBYV-EN_LE,20230506,"He Lost $295,000 on $FRC Puts - Even Though He Was RIGHT",instructor-provided filename; not independently verified
GScjJrFtWRo,20230504,Money Market Funds are Crushing Banks,instructor-provided filename; not independently verified
VCT8IE-wzJA,20230503,The Fed's Final Rate Hike,instructor-provided filename; not independently verified
8_6g83m9J9Y,20230502,The Second Largest Bank Failure in US History | First Republic Bank,instructor-provided filename; not independently verified
tmI19rnljmw,20230430,The Truth About Europe’s Great Energy Reset,instructor-provided filename; not independently verified
mvP0nYHZLN8,20230429,One World Currency,instructor-provided filename; not independently verified
W1bC5ss1huE,20230428,The Debt Ceiling Doesn't Matter: Default is Inevitable,instructor-provided filename; not independently verified
G28LPAkaEfo,20230427,The Second Wave of Bank Failures,instructor-provided filename; not independently verified
it1cU2mayeU,20230426,Who Really Owns the Federal Reserve,instructor-provided filename; not independently verified
BRbIW-dx7jw,20230423,How Currencies Start - and Why they Always Fail,instructor-provided filename; not independently verified
ztxkqS4hvr4,20230422,Why America's Enemies Can't Dump the Dollar (yet),instructor-provided filename; not independently verified
BCGLqGNwCh8,20230420,What Happens to Stocks during Hyperinflation?,instructor-provided filename; not independently verified
AvioVraTyxc,20230419,The Real Reason Everyone is Losing their Jobs,instructor-provided filename; not independently verified
KcNL_oLAc_A,20230418,40% of Americans Pay No Taxes,instructor-provided filename; not independently verified
2QN_u9I7aJE,20230416,The End of the Bond Bear Market,instructor-provided filename; not independently verified
Gmy6lCgldNY,20230415,The Dollar will Spike Before it Fails,instructor-provided filename; not independently verified
WyE-2rmPi3E,20230413,A Deflationary Storm is on the Horizon,instructor-provided filename; not independently verified
xqpmy5yBlb8,20230412,The Invisible Burden of Big Government,instructor-provided filename; not independently verified
gMprGLMz-1A,20230411,What Happens to Your Debt when the Dollar Dies,instructor-provided filename; not independently verified
74OCqDQV4Qw,20230409,Banks are Hemorrhaging Deposits to Money Market Funds,instructor-provided filename; not independently verified
dPODhNsVVRk,20230407,Central Bank Digital Currencies are Officially Here,instructor-provided filename; not independently verified
1isLwFRD8dI,20230405,Central Banks are Preparing for a Global Sovereign Debt Crisis,instructor-provided filename; not independently verified
DxwhmqfADOQ,20230404,The National Debt Death-Spiral has Started,instructor-provided filename; not independently verified
wwG5dQS29sc,20230402,The Credit Crunch (and consequences) Explained,instructor-provided filename; not independently verified
CEcNnNyYaz4,20230401,Fractional Reserve Banking May Not Exist for Much Longer,instructor-provided filename; not independently verified
n7KlLwASTKA,20230330,Why the World Doesn't Need Dollars for Oil Anymore,instructor-provided filename; not independently verified
I9M2fLMoERo,20230329,This Real Estate Crash will Wipe Out the Banks,instructor-provided filename; not independently verified
3y-u8068-6w,20230328,The Greatest Investor You've Never Heard Of,instructor-provided filename; not independently verified
bo3mmUSyULo,20230326,"It’s One Big (bailout) Club, and You’re Not In It",instructor-provided filename; not independently verified
0lEswkNz60k,20230324,Hyperinflation in the United States,instructor-provided filename; not independently verified
6SGu1P_hx3I,20230322,The Fed is Playing a Dangerous Game of Chicken with the Market,instructor-provided filename; not independently verified
j6gOk7W_pEo,20230321,Why the Fed's Balance Sheet is Suddenly Exploding Again,instructor-provided filename; not independently verified
JjP30g4_vKs,20230320,The Biggest Deleveraging in History has Begun,instructor-provided filename; not independently verified
WIZKHj_DW3E,20230318,Their Secret Plan to Kill Crypto and Launch FedNow CBDC,instructor-provided filename; not independently verified
Cg8tGQ0m5FE,20230316,Credit Suisse: Bank Contagion has Reached Europe,instructor-provided filename; not independently verified
9o3lIKbw9pM,20230315,Why We Need the Fed,instructor-provided filename; not independently verified
qRlCh_8j4Yk,20230314,Who is REALLY Paying For the Bank Bailouts?,instructor-provided filename; not independently verified
eX5I1RJfqlc,20230313,How Money is Created - and Destroyed,instructor-provided filename; not independently verified
gDxWxxHXeaI,20230312,The Real Reason Banks are Suddenly Collapsing,instructor-provided filename; not independently verified
awg4Rb_U8eQ,20230310,The REAL Reason the World Never Went Back to the Gold Standard,instructor-provided filename; not independently verified
Mmz-MBmDREI,20230310,The Truth About Rate Hikes,instructor-provided filename; not independently verified
wpvnhxlYsVw,20230308,Eurodollars: The Greatest Risk to the Global Financial System,instructor-provided filename; not independently verified
-7f4-SXqGRc,20230306,Cash May Outperform Stocks and Bonds Soon,instructor-provided filename; not independently verified
QhqStRFveKs,20230305,Money Supply Declining at Fastest Pace in History,instructor-provided filename; not independently verified
40vD9G2ezeo,20230303,Cash Buyers on the Rise as Home Prices Decline,instructor-provided filename; not independently verified
z1aO-SOjIBI,20230302,BIS Issues a Warning to Central Banks about Inflation,instructor-provided filename; not independently verified
_QAkINeaP2E,20230301,New BOJ Leadership Hints at Future of Monetary Policy,instructor-provided filename; not independently verified
9rW158viD7Q,20230228,China Just Shut Down 1/10th of Global Lithium Supply,instructor-provided filename; not independently verified
eeIt3rUKLYU,20230227,Fed Now Expects Deep Recession Needed to Beat Inflation,instructor-provided filename; not independently verified
ZRJqwkWHfKE,20230226,Why Bank Account Interest Rates are Still So Low,instructor-provided filename; not independently verified
G2G1JyfhGq0,20230225,"The Fed is Bankrupt, But Does it Matter?",instructor-provided filename; not independently verified
UOw5rZFgcoE,20230224,Cross-Border Digital Payment System Goes Live in India and Singapore,instructor-provided filename; not independently verified
sSxqdwLROZU,20230223,China Just did the Largest Liquidity Injection Ever,instructor-provided filename; not independently verified
MrspE5v0diQ,20230222,China Accelerates Dumping US Treasuries,instructor-provided filename; not independently verified
Xkbe63dExUg,20230221,The Junk Bond Market is About to Implode,instructor-provided filename; not independently verified
v2hkpYA7EuY,20230220,"New Debt Numbers Just Dropped, and it's Not Good",instructor-provided filename; not independently verified
Pp4fvrxnGZ4,20230219,The CBO Admits Failure in National Debt Projections,instructor-provided filename; not independently verified
AL2-fyXgCzI,20230218,The 12-Year-Old Plan to Fake an Alien Invasion to Fix the Economy,instructor-provided filename; not independently verified
AtTSHqZwMxE,20230217,"The Next Liquidity Crisis is with Households, NOT Banks",instructor-provided filename; not independently verified
SgVn0zHaRtQ,20230216,The Real Reason Biden Chose Brainard as Top Economic Advisor,instructor-provided filename; not independently verified
0IF8WqSxCH0,20230215,They Changed How Inflation is Measured Again,instructor-provided filename; not independently verified
ktPQdgWe2pw,20230214,Inflation Just Shot Back Up Again,instructor-provided filename; not independently verified
N2OcFPXd2BE,20230213,The Fed is Lying About the Jobs Market,instructor-provided filename; not independently verified
pKbYMJavxQc,20230212,Why I Just Sold All my Homebuilder Stocks,instructor-provided filename; not independently verified
kL_cxaABhnc,20230211,The Difference Between Fed Printing and Gov Borrowing,instructor-provided filename; not independently verified
RRwWj0W6t2g,20230211,Bank of England Begins Stage One CBDC,instructor-provided filename; not independently verified
qSx8nqCxIs0,20230209,Bank of America CEO is Preparing for US Default,instructor-provided filename; not independently verified
ATYX42EMHaU,20230208,Russia Economy to Outpace Germany and UK in 2023,instructor-provided filename; not independently verified
0yHp6sHB-jY,20230207,The Credit Card Apocalypse has Begun,instructor-provided filename; not independently verified
HQYFGMniPmc,20230206,Used Car Market is Crashing Faster than 2009,instructor-provided filename; not independently verified
Q26Dt1UkLXk,20230205,Lebanon 90% Currency Devaluation Overnight,instructor-provided filename; not independently verified
gRal4XYOTwI,20230204,The 3 US Debt Defaults that No One Knows About,instructor-provided filename; not independently verified
ib4UIk9z1nI,20230203,"The IMF Reports ""Gold is a Barbarous Relic No More""",instructor-provided filename; not independently verified
byUdEJ_Sxq0,20230202,The Fed's Secret Plan to Confiscate Gold from the Very Beginning,instructor-provided filename; not independently verified
EOVuhGeWAws,20230201,Fed Decision Today: No Pivot Until Economy Collapses,instructor-provided filename; not independently verified
ZfiLKfDm_Uo,20230131,Hedge Funds are RECORD Short US Treasuries,instructor-provided filename; not independently verified
nhUsDuKfmDs,20230131,The Housing Market is Starting to Send Mixed Signals,instructor-provided filename; not independently verified
M4v7H16yJKo,20230129,How the Fed is Destroying the Middle Class,instructor-provided filename; not independently verified
HwZLbsAX0nk,20230128,Why it's More Important than Ever to Learn to Budget,instructor-provided filename; not independently verified
Axdik-HWvK4,20230127,How the IMF Keeps Developing Nations Poor,instructor-provided filename; not independently verified
W7NTTQVSa94,20230126,Banks Have Over $5 Trillion in Reserves,instructor-provided filename; not independently verified
AwJWWp5MH-k,20230125,China has Massive “Inflation Bomb” Just Waiting to Go Off,instructor-provided filename; not independently verified
0w9w7F5pZ7k,20230124,I Explained Fractional Reserve Banking to my 5 Year Old,instructor-provided filename; not independently verified
oQsbGyygvB4,20230123,How the Ports Went from Record Backups to Completely Empty,instructor-provided filename; not independently verified
9J7JTWBInA4,20230122,The End of Globalization,instructor-provided filename; not independently verified
M7RO6ETwrxE,20230121,"Saudi Arabia  ""Open to Trade in Other Currencies""",instructor-provided filename; not independently verified
3NR8wchxsOc,20230120,Is This the End of the Rise of China?,instructor-provided filename; not independently verified
jiJHZY99HOI,20230119,"US Treasury Begins ""Extraordinary Measures""... Again",instructor-provided filename; not independently verified
gYL3JRk1HsU,20230118,"Japan YCC Holds, but for How Long?",instructor-provided filename; not independently verified
fo6nRA6WtWA,20230117,How to Abolish the Income Tax AND the IRS,instructor-provided filename; not independently verified
wlfY49Qj4jQ,20230116,Traditional Portfolios Won't Work in This New Monetary Cycle,instructor-provided filename; not independently verified
FWycTVZQWmQ,20230115,This is What Happens After Fiat Fails,instructor-provided filename; not independently verified
IjoW3KkObtw,20230114,This New Plan to Cheat the Debt Ceiling is Insane,instructor-provided filename; not independently verified
qb_U11AeRNs,20230113,Stock Market Returns are Not What You Think,instructor-provided filename; not independently verified
sDxGwK3gPSg,20230112,Well... I Was Right. Deflation Has Arrived,instructor-provided filename; not independently verified
rMlFA7ZhNjU,20230111,Powell Defends Fed Independence and Rejects Climate Change Policy,instructor-provided filename; not independently verified
WlRu4kpdKI8,20230110,Swiss Central Bank Just Posted its Largest Loss in History,instructor-provided filename; not independently verified
_PuV-p5sXhw,20230109,You Won't Believe Who Manages Your Pension,instructor-provided filename; not independently verified
l2QYI3Wflzw,20230108,Central Banks Haven't Done This Since Before 1971,instructor-provided filename; not independently verified
HlvXNjkQE-s,20230107,How to Use a Roth - Even if you Make Too Much,instructor-provided filename; not independently verified
GuALMWUBLh0,20230106,Capitalism Ensures You NEVER Get Paid What You're Worth,instructor-provided filename; not independently verified
K9QusrqTSdU,20230105,Prepare for Deflation in 2023,instructor-provided filename; not independently verified
_GSy7c75Lx0,20230104,Top 12 Books for 2023,instructor-provided filename; not independently verified
tc0xrgkEJRY,20230103,"Russia Doubled their Gold and Yuan, No More Yen & Pound",instructor-provided filename; not independently verified
_hiuY33ONDA,20230102,"Chinese Adoption of CBDC has been ""Low and Inactive""",instructor-provided filename; not independently verified
lpRaVYlQnpI,20230101,Here's What's in the 2023 $1.7 Trillion Spending Bill,instructor-provided filename; not independently verified
Y_sIu1blT7k,20221231,Reverse Repo Year End Spike to $2.3 Trillion,instructor-provided filename; not independently verified
w3KTg_mgsBM,20221230,Michael Saylor's MicroStrategy just SOLD Bitcoin,instructor-provided filename; not independently verified
mfLrrHLwU0U,20221229,Your Kid's College Fund Just Got Upgraded,instructor-provided filename; not independently verified
IkEN1z6hRWQ,20221228,Russia Predicts US Civil War and Euro Collapse in 2023,instructor-provided filename; not independently verified
aefs5v_VaTI,20221227,The World is Racing to Dump the Dollar,instructor-provided filename; not independently verified
PudmVV_7xL0,20221226,Russia to Start Buying More Yuan in 2023,instructor-provided filename; not independently verified
BkSyqg3ZiHE,20221225,Just Because it's Volatile Doesn't Mean it's Risky,instructor-provided filename; not independently verified
qSXsRf816mA,20221224,Ghana Defaults on National Debt... is the US Next?,instructor-provided filename; not independently verified
iFmhv4Phbys,20221223,Low US Savings Rate Might Be Misleading,instructor-provided filename; not independently verified
wgt2799EkkY,20221222,Japan Shocks Market with Surprise Rate Hike,instructor-provided filename; not independently verified
byz9ZFDZBl8,20221221,The 2023 Auto Loan Apocalypse,instructor-provided filename; not independently verified
AIqi4KQYwDc,20221220,Retailers are Telling Suppliers to Stop Sending Inventory,instructor-provided filename; not independently verified
bVCkeaJTXUM,20221219,The Fed Just Admitted Jobs Data Not Real,instructor-provided filename; not independently verified
UOt-TMzHnVY,20221218,New YouTube Studio Office Tour 2023,instructor-provided filename; not independently verified
L09E5SeO5dk,20221217,New Bill Seeks to Ban Investors from Buying Homes,instructor-provided filename; not independently verified
FXf96HW_E8g,20221216,The Government's Budget Deficit Just Got a lot Worse,instructor-provided filename; not independently verified
APLdHB7Unyg,20221215,Egyptians Flee to Gold to Fight Inflation,instructor-provided filename; not independently verified
QxTNzqCAX6w,20221214,"Fed JUST Said ""No Pivot Until 2024""",instructor-provided filename; not independently verified
LCrFdLJW6rw,20221213,The Fed is About to Start Victory Laps as Inflation Cools Slightly,instructor-provided filename; not independently verified
tTcOUWF2gdg,20221212,I Asked an AI to Explain Economics,instructor-provided filename; not independently verified
yEYMPgCkaDA,20221211,Massive Supply Bottleneck Threatens the Entire Green Agenda,instructor-provided filename; not independently verified
wR89I4v97sU,20221210,Nigeria Just Capped ATM Withdrawals to Push CBDC,instructor-provided filename; not independently verified
BHWty_DMimE,20221209,Here’s where All the Money Goes when the Stock Market Crashes,instructor-provided filename; not independently verified
tpBMz6sp3gA,20221208,Ex Fed Insider Sees Gold Doubling,instructor-provided filename; not independently verified
Y92ORshcZzU,20221207,Is QT Actually Inflationary? (Fed Paying Banks Billions),instructor-provided filename; not independently verified
6dATBptUrVk,20221206,There is $80 Trillion in Missing Dollar Debt,instructor-provided filename; not independently verified
FIOO-eoSK48,20221206,Manufacturing Officially in Contraction Now,instructor-provided filename; not independently verified
KGl8chkVt6w,20221204,The Global Nuclear Landscape is Shifting Quickly,instructor-provided filename; not independently verified
8nJbvwzhhG8,20221203,Reverse Repo Starting to Move Lower,instructor-provided filename; not independently verified
POmfWWuPxzs,20221202,Dutch Govt is Shutting Down Farms By Force,instructor-provided filename; not independently verified
OkzKDIi34IE,20221201,Powell Just Outlined the Fed’s Next Moves,instructor-provided filename; not independently verified
GZXUuGJ3mPc,20221130,Ghana to Buy Oil with Gold instead of Dollars,instructor-provided filename; not independently verified
zy28rsQaVUM,20221129,"Fed Panic Blitzes Media, Clueless About Inflation",instructor-provided filename; not independently verified
SJfd_o62dvg,20221128,Social Security will be Depleted by 2034,instructor-provided filename; not independently verified
W9fgUNe3D_o,20221127,The Fed is About to Light Gold on Fire,instructor-provided filename; not independently verified
4xKDRi1Bmpc,20221126,"Harvard Tells Central Banks: ""Hedge Against US Sanctions""",instructor-provided filename; not independently verified
SM0q1fFtI5w,20221125,"Mainstream Finally Admits QE was ""Colossal Failure""",instructor-provided filename; not independently verified
ie84qVVFHms,20221124,Carvana Collapse and the Used Car Market,instructor-provided filename; not independently verified
LGd07eOa0wU,20221123,New Push for CBDC in UK with Digital Pound,instructor-provided filename; not independently verified
FblXQ7qa-B4,20221122,Are Central Banks Planning a Gold Revaluation?,instructor-provided filename; not independently verified
LPCqajjDOd4,20221121,This Will Lock People into Renting Forever,instructor-provided filename; not independently verified
f7W8q19yQdE,20221120,"Voting, Rights, and Legislating Morality",instructor-provided filename; not independently verified
wy1sVq33hU0,20221119,This Contrarian Indicator says Market has Bottomed?,instructor-provided filename; not independently verified
A4fa77Vfuz8,20221118,The FedEx Indicator is Flashing Warning Signs,instructor-provided filename; not independently verified
AyzW_D7x3b8,20221117,American Families are Going into Debt at Record Pace,instructor-provided filename; not independently verified
l8HGRvkc0pA,20221116,The Fed Just Launched the Digital Dollar,instructor-provided filename; not independently verified
jn1eZCNBtWQ,20221115,"Producer Price Inflation Declined, Fed to Pivot Soon?",instructor-provided filename; not independently verified
DftEhw22qmY,20221115,BREAKING: Russian Missile Strikes NATO Member Poland,instructor-provided filename; not independently verified
1cgKrJlrnjM,20221111,Inflation Fell Because Americans are BROKE,instructor-provided filename; not independently verified
MwS4qOqLtgw,20221110,"The FTX Crash and the Government's ""Rescue"" Plan",instructor-provided filename; not independently verified
qnMXdqaJKvA,20221109,Japan Dumping Treasuries at Record Pace,instructor-provided filename; not independently verified
v_dpmvZr8ok,20221108,The Digital Euro is Coming... and it's Pure Tyranny,instructor-provided filename; not independently verified
a12u4sVHD7U,20221107,Nigerians Reject CBDC for Bitcoin,instructor-provided filename; not independently verified
nA9SQGvf3EM,20221106,"You Cannot ""Diversify Away"" Systemic Risk",instructor-provided filename; not independently verified
j6BRfFly-l4,20221105,The Man Alone in the Ring,instructor-provided filename; not independently verified
zRtSUX0qpYM,20221103,Record High Gold Buying from Mystery Central Bank,instructor-provided filename; not independently verified
HW8wWt3fj4k,20221103,What the Fed JUST Said - This Change is KEY,instructor-provided filename; not independently verified
sDOvCLiB0LA,20221101,1/3 of Small Businesses Can't Pay their Rent,instructor-provided filename; not independently verified
SvH8ALE8hj8,20221031,US Personal Savings Rate is Dangerously Low,instructor-provided filename; not independently verified
DesT6CR-8bo,20221030,Why TIPS Dipped on Inflation,instructor-provided filename; not independently verified
GLkIPKUyrSg,20221029,"The ""Real"" Yield Curve Finally Inverted",instructor-provided filename; not independently verified
pSZXSPwROHk,20221027,Are Stocks Cheap Yet?,instructor-provided filename; not independently verified
fbefA7-zRK0,20221026,The Fed is Hemorrhaging Billions of Dollars,instructor-provided filename; not independently verified
rmiReNSEids,20221025,Yellen Wants a Second Central Bank,instructor-provided filename; not independently verified
G4L-tKK8rZI,20221023,Tensions with China and Taiwan Reaching Breaking Point,instructor-provided filename; not independently verified
T15i_4o8gJc,20221022,Japan Forced to Rescue the Yen... Again,instructor-provided filename; not independently verified
BOzP85llRIA,20221020,My Channel is Changing,instructor-provided filename; not independently verified
GUEBTukPLU4,20221018,How to Use Level 2 Market Depth,instructor-provided filename; not independently verified
FZZYFjr6OzY,20221017,"Federal Deficit Shrinks to ""Only"" $1.4 TRILLION",instructor-provided filename; not independently verified
fV21VMfhFiQ,20221016,Why Did Switzerland Just Get $6 BILLION From the Fed,instructor-provided filename; not independently verified
DL5LxjIhxAI,20221015,"BOE Actually Stopped Buying Bonds ""For Now""",instructor-provided filename; not independently verified
5QOumZMDo00,20221014,Japan's Bond Market is Officially Broken,instructor-provided filename; not independently verified
MpDghEx0F-o,20221013,40 Year Inflation High STILL Doesn't Show Reality,instructor-provided filename; not independently verified
mCRUu__KgsA,20221012,The Bank of England Bailout Just Got Bigger,instructor-provided filename; not independently verified
s7iSQkiHhBc,20221011,The Biggest Treasury Buyers are Now All Selling,instructor-provided filename; not independently verified
wzDKi1wKpFk,20221010,Politicians Lose Their Minds as OPEC Cuts Oil Output,instructor-provided filename; not independently verified
0VRGqw30dz4,20221009,Precious Metals Bear Market Finally Over?,instructor-provided filename; not independently verified
6rrqQbt8BJY,20221008,How to Build a Fortune this Bear Market,instructor-provided filename; not independently verified
JRgwoDcvz80,20221007,"UN Just Warned the Fed: ""Pivot, Before it's Too Late""",instructor-provided filename; not independently verified
V0xiY1W92nc,20221006,Did the Fed Start its Backdoor Bailout with Reverse Repo?,instructor-provided filename; not independently verified
acOAsh6MYX8,20221005,Will the Fed Capitulate and Restart QE Soon?,instructor-provided filename; not independently verified
wW4XkW4n-4k,20221004,"Swiss Bank Falls, US Banks Next?",instructor-provided filename; not independently verified
NprQ3_SbzbM,20221003,Credit Card Debt is about to Wipe Out Most Americans,instructor-provided filename; not independently verified
_teJOtB7lIY,20221002,Is the US Actually Inflating its Debt Away?,instructor-provided filename; not independently verified
xEjM9TkG9j0,20221001,The Jobs Reports are not Real Anymore,instructor-provided filename; not independently verified
-QdcScTcl0I,20220930,Economic Pain Means More Opportunities to Make Money with Nick Hodge,instructor-provided filename; not independently verified
oz28WPQICZg,20220929,The UK Just Broke,instructor-provided filename; not independently verified
raCEQeK2RRo,20220928,The Bond Market Just Got Worse than Lehman,instructor-provided filename; not independently verified
8Azty0-3qok,20220927,Is the Fed Using Repo Market to Secretly Help Japan Dump Treasuries?,instructor-provided filename; not independently verified
gHVais0R5aw,20220926,Is There an Auto Loan Apocalypse Coming?,instructor-provided filename; not independently verified
Z6iCNsQmR3Y,20220925,How Many More Rate Hikes can US Gov Afford?,instructor-provided filename; not independently verified
9EVp5RAXpp0,20220924,Japan Just Kicked Off Global Treasury Dump,instructor-provided filename; not independently verified
ATlG9IajjEs,20220923,Rejecting a CBDC will Cost You Your Pension,instructor-provided filename; not independently verified
8aKMJv7fKfc,20220922,Automation Will Take Your Job | And Make You Wealthy,instructor-provided filename; not independently verified
xgfirGWl39Y,20220921,Powell the new Volcker? Rates Hiked Again,instructor-provided filename; not independently verified
sC8AgqMIhaw,20220920,Biden's New Crypto Regulation - What You Need to Know,instructor-provided filename; not independently verified
St6EE6kL0cc,20220919,Treasury Market Freezing Up is The Next Black Swan Event,instructor-provided filename; not independently verified
7sR4cU6yJ9U,20220918,Taxes were Americans' Biggest Expense Last Year,instructor-provided filename; not independently verified
Vdb7NsKsOfc,20220917,Why Sound Money Discourages Investing,instructor-provided filename; not independently verified
IQORd6dmqW8,20220916,Japan Trade Deficit hits Record as Yen Collapses,instructor-provided filename; not independently verified
aOHSFo-yQfE,20220915,The Government is the Source of All Real Monopolies,instructor-provided filename; not independently verified
R9Ei-4-q8CI,20220914,Bond Market Liquidity is Drying Up FAST,instructor-provided filename; not independently verified
1HEXcFaTskE,20220913,Brace for Fed Impact: August Inflation Worse than Expected,instructor-provided filename; not independently verified
KjdPd5ScE-U,20220912,The Fed Vows to Sacrifice YOUR Job in Fight Against Inflation,instructor-provided filename; not independently verified
nxyGF12RszA,20220911,"Don't Pay Stupid Premiums for Silver, Do this Instead",instructor-provided filename; not independently verified
8my3wSVW6l8,20220910,What is a Central Bank Digital Currency? Explained Simply,instructor-provided filename; not independently verified
96HMQP8nbao,20220909,How Fiat Currency Caused the Global Energy Crisis,instructor-provided filename; not independently verified
CzZtKd47OxU,20220908,What the Bible Actually Says about Wealth,instructor-provided filename; not independently verified
ypyaZJ_6KPA,20220907,How a Strong Dollar is Actually Exporting US Inflation,instructor-provided filename; not independently verified
2rLYkvFYqnE,20220906,It's Time to End the Fed | Here's How,instructor-provided filename; not independently verified
YzJjYVZowPI,20220905,The Fed Just Announced CBDC Launch 2023,instructor-provided filename; not independently verified
oVydq9Goojg,20220904,The 700 Year Fall in Interest Rates Explained,instructor-provided filename; not independently verified
MlXrn33Gxv4,20220903,Bonds Confirm First Bear Market in Decades,instructor-provided filename; not independently verified
JQrl5QZs2oc,20220902,Fed President Just DESTROYED Argument for CBDC,instructor-provided filename; not independently verified
YUkzWwzsbII,20220901,The Fed Just Got the Green Light to Tighten Even Harder,instructor-provided filename; not independently verified
8gh4xp4pS_o,20220830,After 3 Years the Fed is Undoing its Repo Market Bailout,instructor-provided filename; not independently verified
RGGs2hfojDo,20220829,How to Fix America with only 5 Changes,instructor-provided filename; not independently verified
9FdI9N9DNvE,20220828,Why QT Causes Stocks to Drop Explained,instructor-provided filename; not independently verified
V8Z93m1Pw1E,20220827,Real Estate Prices Fall for the First Time in 3 Years,instructor-provided filename; not independently verified
qMSA1r6XbNg,20220826,The Fed Wants to Bankrupt Households and Crash the Markets,instructor-provided filename; not independently verified
dbClpyP5cxQ,20220825,The Supreme Court May Block Student Loan Forgiveness,instructor-provided filename; not independently verified
_o7OrV_pv28,20220824,America: From Land of the Free to Home of the Slave,instructor-provided filename; not independently verified
wXNDfa-DExE,20220823,The Dollar is Set for a Big Move Higher,instructor-provided filename; not independently verified
B9KoZrouVW4,20220822,Can the Fed Fight Inflation with Negative Real Rates?,instructor-provided filename; not independently verified
T3rJadpLp-A,20220821,How to Spot a Bubble,instructor-provided filename; not independently verified
3D4MRb7BsUw,20220820,Why Debt is Worse for Nations than Individuals,instructor-provided filename; not independently verified
gvL6pBs5spg,20220819,The Fed Will Stop Inflation by Starting a Depression,instructor-provided filename; not independently verified
bCLTU3L6-xU,20220818,The War on Crypto has Begun,instructor-provided filename; not independently verified
AsnK2x9jbUM,20220817,Why Michael Burry Dumped ALL His Stocks but One,instructor-provided filename; not independently verified
oQzUxWkTC1c,20220816,Proof the New 87k IRS Agents are Coming for You!,instructor-provided filename; not independently verified
JAodd2KbGrk,20220815,The Margin Debt Bubble,instructor-provided filename; not independently verified
V1bRVFUFsAM,20220814,The Real Housing Crisis is in Renting,instructor-provided filename; not independently verified
w1LGEaMfTzs,20220813,Fed Expert Believes We are Already in WW3,instructor-provided filename; not independently verified
8SU50IEVX3U,20220812,How AI Robots Could Save the Economy,instructor-provided filename; not independently verified
1o2LVlCxqD0,20220811,Record Increase in Food Prices - with Inflation at 0%?,instructor-provided filename; not independently verified
0GQFD3jDxtk,20220810,Major Tax Changes to Watch Out For,instructor-provided filename; not independently verified
bi_nZXzLKZc,20220809,"Gold Flashing Rare, Massive Short Squeeze Signal",instructor-provided filename; not independently verified
6Q2rRGWiJ7U,20220808,Bitcoin is Gearing Up for Another Large Drop | with @GarethSolowayProTrader,instructor-provided filename; not independently verified
M6GeDLNQVQQ,20220807,How to Perfect Any Skill,instructor-provided filename; not independently verified
4Fii5s-mGKs,20220806,Why Are Interest Rates STILL So Low?,instructor-provided filename; not independently verified
TsUcfwHxeME,20220805,Home Prices STILL Increasing??,instructor-provided filename; not independently verified
j57qwhqb5XI,20220804,Fastest Decline In Job Openings In History,instructor-provided filename; not independently verified
EG2xvHR1PLY,20220803,Why the Boom Makes the Bust Inevitable,instructor-provided filename; not independently verified
WWYzfsdL3WE,20220802,It’s Time for the American Oligarchy to End,instructor-provided filename; not independently verified
_IjHq7h8lic,20220801,New Inflation Reduction Act is COMPLETELY Backwards,instructor-provided filename; not independently verified
JwCOYM-giP4,20220731,"Recessions, Inflation, and Gold",instructor-provided filename; not independently verified
fLVxl5VHNLo,20220730,This is How I Get Exactly What I Want in Life,instructor-provided filename; not independently verified
eP8V0OBXJdI,20220730,Why We Need MORE Inequality - Not Less,instructor-provided filename; not independently verified
0M6T0KZEft4,20220729,China and Russia are Making a New Global Reserve Currency,instructor-provided filename; not independently verified
u_YRRARWy0M,20220728,"The Recession is Official, But Nobody Will Admit It",instructor-provided filename; not independently verified
Uz1-n1pcDeQ,20220728,Uganda Record Breaking Gold Discovery Is a Hoax,instructor-provided filename; not independently verified
hrH3m2ePg-Q,20220727,Powell Just Gave the First Signs of Future Pivot,instructor-provided filename; not independently verified
elP2aNmDxPk,20220727,New Plan to Avoid Recessions Forever: Just Redefine the Word,instructor-provided filename; not independently verified
se47ytb17cY,20220726,Is the Stock Market Crash Already Done?,instructor-provided filename; not independently verified
lFj2vHqphj4,20220725,Ukraine Reports $10 Billion In Gold Sales,instructor-provided filename; not independently verified
G1bwy2kSENc,20220724,The Global Energy Crisis will Change the World Forever,instructor-provided filename; not independently verified
u4svIGdJBho,20220723,Windows and Mirrors Quadrant,instructor-provided filename; not independently verified
cFmRZK-SOp0,20220722,Now China Is Dumping Treasuries Too,instructor-provided filename; not independently verified
cVibKSvwwU4,20220721,My Response to @George Gammon Being Wrong About Inflation,instructor-provided filename; not independently verified
9qbplQX9JWM,20220720,Foreign Dollars are Piling into US Real Estate,instructor-provided filename; not independently verified
otPl9nDb1Og,20220719,Stronger Dollar is Pushing the Global Economy to its Breaking Point… Again,instructor-provided filename; not independently verified
HatEUMdsO0s,20220719,Can the Federal Reserve Go Bankrupt?,instructor-provided filename; not independently verified
1oo0SPqnyXY,20220717,The Yield Curve Inversion Is Real This Time,instructor-provided filename; not independently verified
pmT841lzpqI,20220716,How Long Until the US Defaults On Its Debt?,instructor-provided filename; not independently verified
mMsotYJiiSk,20220715,The Fed Pivot - Why It's Different This Time,instructor-provided filename; not independently verified
JeM17XpLnNA,20220714,More Global De-Dollarization from Nigeria,instructor-provided filename; not independently verified
BNp9DVpzyqM,20220714,India No Longer Requires Dollars for Imports/Exports,instructor-provided filename; not independently verified
kPnR8opQgn8,20220714,"Riots, Rebellions, and Revolutions All Around the World",instructor-provided filename; not independently verified
9ri47OhJwQM,20220713,June Inflation Record Will Push Overcorrection from Fed,instructor-provided filename; not independently verified
bBZgo_6p--U,20220713,Sovereign Debt Defaults in Emerging Markets About to Sweep the Globe,instructor-provided filename; not independently verified
jXPVRS09usg,20220712,Biden is Sending US Oil Reserves to China,instructor-provided filename; not independently verified
Ub8sFX__l1k,20220711,Secession Could Fix America,instructor-provided filename; not independently verified
VEGgSEaKJsE,20220710,The Big Layoff Wave Has Begun,instructor-provided filename; not independently verified
3CCosPrHY3c,20220709,How Long Can Inflation Last?,instructor-provided filename; not independently verified
_DL_rUN0dQI,20220708,Why is there $2 Trillion in Reverse Repo?,instructor-provided filename; not independently verified
nVyPRgh3tIo,20220707,Fed will CRUSH the Economy to Fight Inflation,instructor-provided filename; not independently verified
XiKG2dNg3XQ,20220706,Central Banks Warn of New Era of High Inflation,instructor-provided filename; not independently verified
BW-porNhF1I,20220705,Which Is Worse: Inflation or Deflation?,instructor-provided filename; not independently verified
_yfSV89tqYk,20220704,Worst U.S. Bond Market Since George Washington,instructor-provided filename; not independently verified
UJ8GqCG3rM8,20220703,Fed Just Admitted We Are Likely Already In a Recession,instructor-provided filename; not independently verified
UlN2250eZ5s,20220703,EPA Just Got Authority SLASHED By Supreme Court,instructor-provided filename; not independently verified
jm_3zithxR8,20220701,Do Not Underestimate the Coming Financial Storm,instructor-provided filename; not independently verified
Xrpu21GYPts,20220630,New Ban on Russian Gold Could Blow Up the Paper Gold Market,instructor-provided filename; not independently verified
f9Fido8Btxo,20220629,Beware of Shorting Bitcoin with This New Fund,instructor-provided filename; not independently verified
-d3gaJ6FHxQ,20220628,New Fed Survey Shows Business Activity Crashing,instructor-provided filename; not independently verified
il95lUSMJHg,20220627,The Deleveraging is Inevitable - But Does it Have to Hurt?,instructor-provided filename; not independently verified
ZbiwNL4O-u0,20220626,4 Steps to Prepare For Financial Storm,instructor-provided filename; not independently verified
I8PIuuShDNs,20220625,India Just Got Cheap Oil from Russia Thanks to Sanctions,instructor-provided filename; not independently verified
DoRXiHGSKy0,20220624,Existing Home Sales Fell (Again) In May,instructor-provided filename; not independently verified
xBsXTS-0dt8,20220623,It's Time for the War Crimes In Yemen to End,instructor-provided filename; not independently verified
iqGr9e2eFRw,20220622,How I Find High Quality Advice,instructor-provided filename; not independently verified
p1Jkkfd8jHM,20220621,Is The Fed Already Warning of Reversing Course?,instructor-provided filename; not independently verified
cD-gV-SPkwQ,20220620,How to Find Stocks that Win - Even in a Bear Market,instructor-provided filename; not independently verified
b2n-sPut3Kc,20220619,Your Questions Answered,instructor-provided filename; not independently verified
EtNxyQMN76Y,20220618,This Is How They’ll Convince America to Adopt a CBDC,instructor-provided filename; not independently verified
LpcQSCH7Olc,20220617,How to Know When to Buy Bitcoin,instructor-provided filename; not independently verified
9bBdH7HdRyg,20220617,Japan Has Lost Control of the Yen,instructor-provided filename; not independently verified
AsBl4aZV8XY,20220616,China Warns US to Stay Out of Taiwan Strait,instructor-provided filename; not independently verified
rLEfTMPN_OI,20220615,Breaking News: Fed Hikes Rates by Most In 28 Years,instructor-provided filename; not independently verified
ftDGh479LVs,20220615,New Diesel Shortage About to Get Ugly,instructor-provided filename; not independently verified
hrvzFqD9wnU,20220614,The Government Wants to Regulate Cryptocurrencies like Commodities,instructor-provided filename; not independently verified
unPzOaI6d1E,20220614,Markets In Turmoil  - What Will The Fed Do,instructor-provided filename; not independently verified
JxctBTnGuNE,20220613,Iran Proposes New International Currency,instructor-provided filename; not independently verified
DmK0UZjCWgM,20220612,Why Is Big Money STILL Buying Single Family Homes,instructor-provided filename; not independently verified
yi6LpG5dRsM,20220611,Switzerlands' Second Largest Bank Issues a Profit WARNING,instructor-provided filename; not independently verified
E5rY9-3lFpo,20220610,"The Next Bailout Will Be Only For Them, NOT For You",instructor-provided filename; not independently verified
ETUHpNU1MbQ,20220609,Why Americans Have No Savings and Record High Debt,instructor-provided filename; not independently verified
_5Xm-z-5xII,20220608,The Ramifications of Mass Student Loan Forgiveness,instructor-provided filename; not independently verified
KE0TrlqkooY,20220607,The Turkish Lira is Collapsing,instructor-provided filename; not independently verified
DCBlflhiwtY,20220606,"Job Openings Tumble, Layoffs Are Next",instructor-provided filename; not independently verified
t45114jrLW0,20220605,"It's Not Our Fault, But It IS Our Responsibility",instructor-provided filename; not independently verified
Uo5NGzfiDZ4,20220604,The SEC Is Unconstitutional,instructor-provided filename; not independently verified
NT-7w1sHG00,20220603,"""A Hurricane Is Coming - Brace Yourselves"" | Jamie Dimon",instructor-provided filename; not independently verified
_Pa2rcH6O6U,20220602,The Truth about Biden's New Plan To Fight Inflation,instructor-provided filename; not independently verified
ry6TOyZO7lM,20220601,A Food Crisis Is Coming | Do This Now Before Its Too Late,instructor-provided filename; not independently verified
aqfAUpDO804,20220531,Is This The Top For The Real Estate Market?!,instructor-provided filename; not independently verified
NOxEN1sotO8,20220530,Fed's Tightening Will Test Market Stability,instructor-provided filename; not independently verified
RdTpfZC5K-E,20220529,Regulations Vs Sovereignty to Maximize Wealth | Per Bylund,instructor-provided filename; not independently verified
DGQk-r-sf1Y,20220529,The Missing Key Piece to Value Creation | Per Bylund,instructor-provided filename; not independently verified
siFTOYDTOF8,20220528,How Value Is Ordinal and Subjective | Per Bylund,instructor-provided filename; not independently verified
U6Wpf2xZb7M,20220528,The Broken Window Fallacy | Per Bylund,instructor-provided filename; not independently verified
uf8yAjyR--4,20220527,"The Seen, The Unseen, and the Unrealized | Per Bylund",instructor-provided filename; not independently verified
I4jm_ovYIGM,20220526,US to Create CBDC Global Monopoly using SWIFT,instructor-provided filename; not independently verified
geqnO7VwkmE,20220525,Is the Government Faking UFOs to Rescue the Economy?,instructor-provided filename; not independently verified
GLvwNfLSHns,20220524,Reverse Repo $2 Trillion For First Time Ever,instructor-provided filename; not independently verified
9jrxHuJ3EyA,20220523,Biden Turns to Venezuelan Dictator Maduro for Oil,instructor-provided filename; not independently verified
QXcLwyT9pfs,20220522,A Generational Wealth Creation Opportunity,instructor-provided filename; not independently verified
RZd3CeuHG0g,20220520,Saudi Oil Minister Warns of Energy Crisis,instructor-provided filename; not independently verified
UKPj_ZYw5kk,20220519,Where to Put your Money during the Worst Market Since 2020,instructor-provided filename; not independently verified
Q4xV2Vm2f6Y,20220518,The Government Just Gave itself a MONSTER Raise,instructor-provided filename; not independently verified
q95ZOXnPO-o,20220517,"Bernanke says ""Fed Made Mistake Fighting Inflation""",instructor-provided filename; not independently verified
T9TG3s3snkc,20220516,New Gasoline Price Gouging Bill will End in Disaster,instructor-provided filename; not independently verified
mZRf2qZQHbU,20220515,Extreme Fear Guage Sending Huge Buy Signal,instructor-provided filename; not independently verified
QYgt8lPNc4I,20220514,Household Debt hits All Time High | Do This Instead,instructor-provided filename; not independently verified
xgyhw4BchYg,20220513,Crypto is Collapsing,instructor-provided filename; not independently verified
1eN3PgIQxEE,20220513,Lost Everything in the Crypto Crash? DON'T Kill Yourself,instructor-provided filename; not independently verified
MvxqmbVmFjg,20220512,11% Inflation is About to Cause MASS Layoffs,instructor-provided filename; not independently verified
6X9j_fgrT-M,20220511,Why Wages have DECLINED for 13 Months Straight,instructor-provided filename; not independently verified
NifvsZApq-Y,20220510,UST Stablecoin BLOW UP is Trojan Horse for FedCoin,instructor-provided filename; not independently verified
Re2XAVEE0C0,20220508,World's Biggest Buyer of US Treasuries is Now Selling,instructor-provided filename; not independently verified
BHrAx2keM24,20220507,"China Worried About US Sanctions, Starts Contingency Planning",instructor-provided filename; not independently verified
_kPsIR2ukCo,20220506,"Yellen Vows Next Bailout to come ""As Quickly As Possible""",instructor-provided filename; not independently verified
XnTQGn5-Nnk,20220505,US Savings Rate Plummets to Lowest Level in Decade,instructor-provided filename; not independently verified
RA5w_61DVSY,20220504,The Fed Just Did Biggest Rate Hike in 2 Decades,instructor-provided filename; not independently verified
WeqriDzGSPk,20220503,Kremlin Confirms Talks to Return to a Gold Standard,instructor-provided filename; not independently verified
Sgj15CpNwL0,20220502,The European Stocks Flash Crash Explained,instructor-provided filename; not independently verified
Wb-VyVRw1W4,20220430,Larry Summers says Soft Landing Impossible for the Fed,instructor-provided filename; not independently verified
DT2FZKzuMd4,20220429,"Russia Cuts Off Gas Supplies to Poland, Bulgaria",instructor-provided filename; not independently verified
T9dFwNN_0Wk,20220428,The Recession Has Already Begun,instructor-provided filename; not independently verified
rXexUcBwiMc,20220427,History Tells Us What is Coming Next | with Mark Moss,instructor-provided filename; not independently verified
_w5NJPm1Sbg,20220426,Fidelity will Add Bitcoin to its 401k Plans,instructor-provided filename; not independently verified
KYFW0G6xf68,20220425,The Fed is Crashing the Economy (so it can Rescue it Again),instructor-provided filename; not independently verified
iRw_1Dk7t5Y,20220422,New Housing Starts Unexpectedly Rise,instructor-provided filename; not independently verified
spoAsmH5Dio,20220421,Fed Warns Commodities Pose 'Macroeconomic Risk',instructor-provided filename; not independently verified
YmKWwc9pikA,20220420,"Israel Reduces Dollar Exposure, Adds Chinese Yuan",instructor-provided filename; not independently verified
WhfhcgHO_Kk,20220419,The Japanese Yen is Collapsing,instructor-provided filename; not independently verified
00ok6UnlhMk,20220417,Are Real Interest Rates Actually Negative?,instructor-provided filename; not independently verified
ajEAloBrp2g,20220415,How things get Re-Priced when a Currency Fails,instructor-provided filename; not independently verified
we599ErmB2A,20220414,"Elon Musk Offers to take Twitter Private, ""Funding Secured""",instructor-provided filename; not independently verified
HzKqmKsP3dc,20220414,Retail Sales Showing Signs of Cracking,instructor-provided filename; not independently verified
pRMN-WICvRM,20220414,The Fed Still Hasn't Fired their Secret Weapon,instructor-provided filename; not independently verified
t1AUig4whlQ,20220413,"Looking for Silver and Finding Gold with Jorge Monroy, CEO of Reyna Silver",instructor-provided filename; not independently verified
KHd9ICO5LD4,20220413,Global Banking System on the Verge of Collapse,instructor-provided filename; not independently verified
y8ga5dQBoc8,20220412,NOT A CHANCE Inflation is only 8.5%,instructor-provided filename; not independently verified
ML0Hq08SrRo,20220412,"White House Warns Inflation will be ""Extraordinarily Elevated""",instructor-provided filename; not independently verified
JMYADwP_SUo,20220411,"Royalties ""Investing Hack"" to Benefit from Inflation",instructor-provided filename; not independently verified
0JizTHT_F9E,20220410,"Record Profits for Russia, Easily Avoiding Sanctions",instructor-provided filename; not independently verified
A-WEt5yiQ9E,20220409,"Elon Musk buys 9.2% of Twitter, Huge Win for Capitalism",instructor-provided filename; not independently verified
SguumuABzDQ,20220408,Why the Unrealized Gains Tax won’t Happen,instructor-provided filename; not independently verified
boaTmE24IWk,20220407,We Need to Talk about the Housing Market,instructor-provided filename; not independently verified
S4zcz4QQZEo,20220407,Food Shortages Sparking Riots around the World,instructor-provided filename; not independently verified
7LWL-GQhuHk,20220406,Fed to Shrink Balance Sheet by $95 Billion per Month,instructor-provided filename; not independently verified
jk7dE2vSiFg,20220406,New Discoveries being found in Ancient Mines,instructor-provided filename; not independently verified
rZQ9OH7bi5M,20220406,"Fed to Crash the Markets with ""Rapid"" Balance Sheet Reduction",instructor-provided filename; not independently verified
3QF7dX9ymVM,20220405,US Mint Sees Highest Gold Demand in 23 YEARS,instructor-provided filename; not independently verified
l2wyfZYRrQs,20220404,Real Incomes are Crashing,instructor-provided filename; not independently verified
bjYNsPr3R7A,20220404,Who is Really Winning the Currency War?,instructor-provided filename; not independently verified
pTOiVAI3plY,20220402,"Yield Curve Screaming Recession, Stocks Don’t Care",instructor-provided filename; not independently verified
dfYMwvSU-to,20220331,Biden to Drain Strategic Oil Reserves to Fight Inflation,instructor-provided filename; not independently verified
vW3z7r_5FPc,20220330,"The ""Great Resignation"" is Growing Stronger",instructor-provided filename; not independently verified
0kQ3pOAKeto,20220329,Does it Matter if Oil is Not Priced in Dollars Anymore?,instructor-provided filename; not independently verified
QMj8F27Y6JI,20220328,THIS is the Exact Moment to Sell ALL Your Stocks,instructor-provided filename; not independently verified
ZWiIblScaE8,20220327,Why the Fed is Jawboning about Aggressive Tightening,instructor-provided filename; not independently verified
vkQSzyC7eUc,20220327,ANOTHER Reason to Never Buy a Gold ETF,instructor-provided filename; not independently verified
ZPPUB3UUyjc,20220326,The Real Reason Why Counterfeiting is Illegal,instructor-provided filename; not independently verified
Pq9dJ-Mm3ME,20220326,Why is the Fed's Balance Sheet Still Growing?,instructor-provided filename; not independently verified
bbNoddwc1Lo,20220326,Putin Just 'Pegged' the Ruble to Gold,instructor-provided filename; not independently verified
09sXiu4Dybc,20220325,Russia may Accept Gold and Bitcoin for Oil and Gas,instructor-provided filename; not independently verified
tBeteNkOBTg,20220325,Is the US Prepping for a Military Draft?,instructor-provided filename; not independently verified
Du6F6HrCajA,20220324,California's Insane Hypocritical Plan to Subsidize Gas Prices,instructor-provided filename; not independently verified
_dvPN3Vd6l8,20220324,New Bill deems El Salvador Bitcoin 'THREAT' to US Dollar and Financial System,instructor-provided filename; not independently verified
v9LQEoWpJ7s,20220323,Stocks vs Gold for High and Persistent Inflation with Patrick Yip from APMEX,instructor-provided filename; not independently verified
avHoIdKXEEY,20220323,New Bill to Stop Russian Gold can turn ANYONE into a Felon,instructor-provided filename; not independently verified
qe0X-3JBvoU,20220323,Bitcoin looks like Amazon before DotCom Crash with Gareth Soloway,instructor-provided filename; not independently verified
yiJ7VqA2e_c,20220322,Full Lecture on The History of Different Monetary Systems and How it Changes Economies,instructor-provided filename; not independently verified
ng-6NBexwAA,20220322,The Fed Thinks You're an Idiot,instructor-provided filename; not independently verified
k8-byVHV72o,20220321,Investing for Exponential Returns during High Inflation with Mario Stifano CEO of Galantas Gold,instructor-provided filename; not independently verified
S2OVktyRBvg,20220321,Elon Musk Challenged Putin to a Fight to the Death,instructor-provided filename; not independently verified
3AClJeSkQPY,20220320,Why There is Always a Money Shortage During Hyperinflation,instructor-provided filename; not independently verified
e0QtaNima4A,20220319,How the Fed can Hike Rates without Risking National Debt Default,instructor-provided filename; not independently verified
ec4BDPi7cn4,20220319,Pay Off ALL of This Kind of Debt ASAP,instructor-provided filename; not independently verified
sYMDUHJvE2Y,20220319,Huge Drop in Homebuilder Confidence,instructor-provided filename; not independently verified
ULpcZ-tNvrU,20220318,"Gold's Role in Global De-Dollarization with Michael Wood, CEO of Reyna Gold",instructor-provided filename; not independently verified
Kpcf2_wQl5o,20220317,Why Gas Prices Won't be Coming Down Any Time Soon,instructor-provided filename; not independently verified
0SezU7PUlXM,20220317,High Inflation will Erase Debt,instructor-provided filename; not independently verified
uULNAKEkxNg,20220316,The Fed Hiked Rates for the First Time since 2018,instructor-provided filename; not independently verified
KFFER01iwls,20220316,The Coming Food Crisis,instructor-provided filename; not independently verified
P47EJ_Nqwu4,20220315,AMC Just Bought a Gold Mine (literally),instructor-provided filename; not independently verified
U4QZVafAr_M,20220315,Saudis in talks with China to price Oil in Yuan instead of Dollars,instructor-provided filename; not independently verified
qZ0SPZBwClI,20220314,Consumer Sentiment is Tanking,instructor-provided filename; not independently verified
t4ZOno91g64,20220313,Nigeria Ran Out of Dollars,instructor-provided filename; not independently verified
kILTs-fC2lk,20220312,Yellen Just Guaranteed a Recession,instructor-provided filename; not independently verified
AsnO1_gCkqs,20220311,Oil is Flashing a Huge Recession Warning,instructor-provided filename; not independently verified
Ajv28Qz4ygY,20220310,Big Money is Finally Rotating into Gold with Dave McAlvany Vaulted CEO,instructor-provided filename; not independently verified
bu26mrwbbmc,20220310,Biden Signs Executive Order on Crypto,instructor-provided filename; not independently verified
cE_V0eFVy54,20220310,I was wrong about nickel,instructor-provided filename; not independently verified
mD_Gn9RmuMA,20220309,"Why Nickel Exploded $50,000 Higher",instructor-provided filename; not independently verified
Mhui7M1c4mE,20220308,Gold Soars as the World Moves to BAN Russian Gold,instructor-provided filename; not independently verified
kP7OdWD0EGQ,20220307,Is Munger Right about China?,instructor-provided filename; not independently verified
gnsn7lDyH8c,20220304,Financial Repression has been Planned for over 10 Years,instructor-provided filename; not independently verified
nVOk_X-LCKE,20220303,Why the Dollar's Strength is a Sign of Weakness,instructor-provided filename; not independently verified
E9qCgGXUp4Q,20220302,"Powell to Congress: ""Rate Hikes Coming Despite Ukraine Invasion""",instructor-provided filename; not independently verified
jAiUVLCLsbg,20220302,"Europe may Label Weapons ""Green"" for Easier Investing Rules",instructor-provided filename; not independently verified
GrSn66StrzY,20220301,This is How the Dollar Dies,instructor-provided filename; not independently verified
EmEIUrl0VTQ,20220228,Repo Expert Warns Sanctions on Russia is 'Lehman Event' Hours Away,instructor-provided filename; not independently verified
Dm0UAJ59000,20220226,Fake Supply Chain Data is a Lie,instructor-provided filename; not independently verified
GnkOGXDBh8o,20220225,Russia Invades Ukraine,instructor-provided filename; not independently verified
NjTqQ2cexoE,20220223,Proof Governments Know NOTHING About Crypto,instructor-provided filename; not independently verified
JSdc36LrfbQ,20220222,Central Bank Digital Currencies: How Freedom Dies,instructor-provided filename; not independently verified
5lyfhZFU8j4,20220221,Fed Taper Tease? Balance Sheet Update,instructor-provided filename; not independently verified
Iwz5QpBbPTk,20220220,Why Gold and Bitcoin BOTH Win in a Fiat Collapse,instructor-provided filename; not independently verified
kwnAqVtKa0U,20220219,Fed to Stress Test Banks with Turmoil in Debt Markets,instructor-provided filename; not independently verified
t2oxZoBOvJo,20220218,The TRUTH About the National Debt,instructor-provided filename; not independently verified
z5wg2KSxMYQ,20220218,Gold hits 8-month High - Breakout or Fakeout?,instructor-provided filename; not independently verified
C3G4GOaSgJ4,20220217,Using Technical Analysis with BadCharts,instructor-provided filename; not independently verified
37jwOzXXEnk,20220216,FOMC Minutes Reveals Fed Bait-and-Switch on Rate Hikes,instructor-provided filename; not independently verified
OJDz1pJAi3U,20220216,Credit Spreads are Widening and Bankers Don't Care,instructor-provided filename; not independently verified
DRE91mcQg_U,20220216,Trudeau’s Power Trip Exposes Danger of Fiat Money,instructor-provided filename; not independently verified
IjPyT51I-sQ,20220214,"Fed President Admits ""Our Credibility is On the Line""",instructor-provided filename; not independently verified
s7vEmPgfQX8,20220212,Investors Brace for Impact as Russia Tensions Escalate,instructor-provided filename; not independently verified
VxZrXcaJZ_E,20220211,Goldman Sachs Ultra Bullish on Commodities,instructor-provided filename; not independently verified
CEXa_YaJzus,20220211,Staggering Inflation Sends Bond Market Tumbling,instructor-provided filename; not independently verified
bA1LwdjlTTw,20220209,Mortgage Applications are Dropping Like a Rock,instructor-provided filename; not independently verified
tR-STdXxDdU,20220209,Rate Hikes are Bullish for Precious Metals? with WallStreetSilver,instructor-provided filename; not independently verified
IAwBUh3qkEU,20220208,Market Pricing in 6-7 Rate Hikes this Year,instructor-provided filename; not independently verified
mMcgtosGusA,20220207,The Largest Acquisition in History Signals Good Times are Almost Over?,instructor-provided filename; not independently verified
ovKFqf3YQkU,20220207,Fed Deleted Gold Data from FRED Database,instructor-provided filename; not independently verified
al--jqTh9l8,20220205,US Oil Breaches $90 for the First Time in Over 7 Years,instructor-provided filename; not independently verified
XpxxUCPkuZo,20220205,Jobs Surprise Seals the Deal on Fed Taper and Rates,instructor-provided filename; not independently verified
rkQT_tmqz2E,20220204,The SEC Just Charged a Collector Coin Company with Fraud,instructor-provided filename; not independently verified
RsRDhyH44rE,20220203,The Largest Market Cap Drop in History,instructor-provided filename; not independently verified
J0txEKSYUgk,20220203,Gold is Doing Exactly What it Should be Doing Right Now,instructor-provided filename; not independently verified
B57MFUkhjeA,20220203,How to Build the Fastest External SSD in 5 Minutes,instructor-provided filename; not independently verified
8dYxmd1Q0LI,20220202,A Big Crypto Crackdown is Coming,instructor-provided filename; not independently verified
7H9br2Feaes,20220201,The Fed will Lose Control w/ Shawn Khunkhun Dolly Varden Silver,instructor-provided filename; not independently verified
CEqcuZy6rYA,20220201,Why Pensions are Screwed,instructor-provided filename; not independently verified
QOtrMgffC7I,20220131,Arizona's Bill to make Bitcoin Legal Tender is Unconstitutional,instructor-provided filename; not independently verified
wALYAQTQJWI,20220129,'War' on Covid to be Replaced with Real War on Russia?,instructor-provided filename; not independently verified
r9TF5s939xw,20220128,New Inflation Records put Pressure on Fed to Raise Rates,instructor-provided filename; not independently verified
04Dace6e7Ho,20220128,Why Stocks Fall when Rates Rise,instructor-provided filename; not independently verified
apTHQ34xv5c,20220127,"Last Year had the ""Strongest Economic Growth Since 1984""",instructor-provided filename; not independently verified
Y4WCAAU5Kq8,20220127,Powell Says Jobs Market is Strong Enough to Fight Inflation,instructor-provided filename; not independently verified
cqCFEkOlAtI,20220126,"Fed to Finish the Taper in Early March, then Raise Rates",instructor-provided filename; not independently verified
G5I6RaCvjNU,20220125,Join Me in Dallas on March 5th,instructor-provided filename; not independently verified
74p3LDFvhVs,20220125,This Fed Meeting is Most Important since March 2020,instructor-provided filename; not independently verified
sYWWERYEz04,20220125,Gold ETF Sees Largest Inflows Since Inception,instructor-provided filename; not independently verified
I9HBQOdQ6cA,20220124,Stocks Post MASSIVE Intraday Recovery after 4% Down,instructor-provided filename; not independently verified
phuaGCQMoLY,20220123,Big Banks Recommend Layoffs to Deal with Rising Wages,instructor-provided filename; not independently verified
2IZ9b2WeWrY,20220122,Is the Euro in Trouble?,instructor-provided filename; not independently verified
j41icvdosro,20220121,Famous Investor Says Unstoppable Crash Has Already Started,instructor-provided filename; not independently verified
YPVODY4DyQ4,20220121,Fed Just Released 35-page Paper on a FedCoin CBDC,instructor-provided filename; not independently verified
ECxf_yqDqSc,20220120,Who Actually Triggered the Repo Market Blowup in Sep '19,instructor-provided filename; not independently verified
meJ0yVq4_vY,20220119,"Gold Getting Closer to ""Bubble Phase"" of Bull Market",instructor-provided filename; not independently verified
fth_luTgbi0,20220119,Price Controls will be Worse than Inflation,instructor-provided filename; not independently verified
V-33pfq_UOw,20220119,The Bond Market is Flashing Warning Signs,instructor-provided filename; not independently verified
jiRwAygkFqY,20220118,Silver is Shining Despite the Surge in Rates,instructor-provided filename; not independently verified
PBaH920_epk,20220118,"Japan Signals ""No End in Sight"" for Money Printer",instructor-provided filename; not independently verified
Mb9fXbSZLxI,20220117,New Plan to Fight Inflation Will Cause More Inflation,instructor-provided filename; not independently verified
1s6l8AgSG3U,20220116,China's Trade Surplus Hits Record High,instructor-provided filename; not independently verified
-ff6m0ztf0k,20220115,The Fed Will Buy Stocks Next Crash,instructor-provided filename; not independently verified
62yI24jlS0g,20220115,What TRUE Money Supply Growth is Telling Us,instructor-provided filename; not independently verified
F-iNN3CN8k8,20220114,Inflation is a Wealth Transfer from the Poor to the Rich,instructor-provided filename; not independently verified
bUhq3DomIpM,20220113,Mortgage Rates are Surging,instructor-provided filename; not independently verified
nMP80uEGavA,20220113,Insider Trading is Out of Control in Congress,instructor-provided filename; not independently verified
MS8UrsHTZts,20220113,Inflation Hits New Record while Wages DROP,instructor-provided filename; not independently verified
rBCk_UWVLVE,20220112,"Powell Testifies Before Congress, will Fight Inflation (and crash economy)",instructor-provided filename; not independently verified
4lbuV4VVYr0,20220111,The Fed’s $1.5 Trillion Secret Weapon to Fight Rising Interest Rates,instructor-provided filename; not independently verified
9PDKnmlGm1I,20220107,"Silver Squeeze is Working, Banks are Stuck Short",instructor-provided filename; not independently verified
3CfYr-O-ddo,20220107,Has a New Gold Bull Market Finally Begun?,instructor-provided filename; not independently verified
C_0Hy-IHSWQ,20220107,Thousands of Flights Getting Cancelled… Including Mine,instructor-provided filename; not independently verified
NnoezPXXf58,20220106,The Impact of Derivatives on Prices (manipulation?),instructor-provided filename; not independently verified
p_AWo4KLH3A,20220106,Explaining The Fed to My 5 Year Old,instructor-provided filename; not independently verified
PsWD25ggDGc,20220106,IRS Tracking Your Venmo and Cash App Now | The Economic Ninja,instructor-provided filename; not independently verified
em5LaoMN9L8,20220105,Fed Minutes Reveal Balance Sheet REDUCTION Soon,instructor-provided filename; not independently verified
TceFtAKb9JA,20220105,The Truth About the Fed's Taper (already done?),instructor-provided filename; not independently verified
nXWkWumTHiw,20220104,Interest Rates are Surging and the Economy Can't Afford it,instructor-provided filename; not independently verified
M171olxHuoc,20220104,How to Read 100 Books Every Year,instructor-provided filename; not independently verified
RoFy9WaSGrM,20220101,I Lost 50 Pounds in 5 Months with the Carnivore Diet,instructor-provided filename; not independently verified
7SxmPhFKO8E,20220101,Bank Error Sends $176 Million... then asks for it back,instructor-provided filename; not independently verified
fRYaBBiQB-E,20211231,The Push for Price Controls has Begun,instructor-provided filename; not independently verified
ke7lNXIr3jk,20211230,How Companies like Converse Avoid Paying Tariffs,instructor-provided filename; not independently verified
NtSPc9ufTDE,20211230,The IPO Bubble Already Started Popping,instructor-provided filename; not independently verified
PfCG6vq307g,20211228,"The Economic Ninja and I discuss Gold, Inflation and a Denver Meet-Up",instructor-provided filename; not independently verified
glaITf-oSjE,20211228,The Problem with Intellectual Property,instructor-provided filename; not independently verified
hnWcYpAsq6w,20211228,The Stock Market Melt-Up is Here,instructor-provided filename; not independently verified
BO-DIAN2uiE,20211224,Giving Back This Christmas,instructor-provided filename; not independently verified
cvuRJZe2yZ8,20211222,Taiwan is a Ticking Time Bomb,instructor-provided filename; not independently verified
O2vaSegDTvg,20211222,The US is On the Verge of a Declining Population,instructor-provided filename; not independently verified
upHoZJthxGc,20211221,How Sound Money Cripples Monopolies | Aleks Svetski Clip,instructor-provided filename; not independently verified
tWZS76jcEzw,20211221,NFT Bubble or Real World Utility? | Aleks Svetski Clip,instructor-provided filename; not independently verified
fHzebC2GR2Q,20211221,Decentralization will NOT Fix Big Tech | Aleks Svetski Clip,instructor-provided filename; not independently verified
uLTt_BV6YPM,20211221,Why is Freedom of Speech Important? | Aleks Svetski Clip,instructor-provided filename; not independently verified
uXNvhyp8knU,20211221,Sound Money is the Solution to Censorship | Aleks Svetski Full Interview,instructor-provided filename; not independently verified
yrhhkPX4PM8,20211218,Turkey Inches Closer to Hyperinflation,instructor-provided filename; not independently verified
5CC3wNYLLnc,20211217,$7.5 Billion Hedge Fund Anchorage Capital Just Closed,instructor-provided filename; not independently verified
WJ1Gg1vYu3g,20211216,"The Fed Just SPED UP the Taper, Ignoring the Risks",instructor-provided filename; not independently verified
oVtKgViz2fg,20211215,Reverse Repo to Tank Now with Debt Ceiling Increase,instructor-provided filename; not independently verified
uuEi-8GbyEI,20211214,How the Fed Helps Insiders Get Out at the Top,instructor-provided filename; not independently verified
kJKfv2AHAZQ,20211212,Why Inflation is Actually Just a Run on the Bank,instructor-provided filename; not independently verified
8RqHUMOQcfs,20211211,The Day Capitalism Died,instructor-provided filename; not independently verified
4EpRx35Opmk,20211210,Inflation Hits Four Decade High,instructor-provided filename; not independently verified
2XMyKbk4_Dw,20211210,The Rise and Fall of Great Powers,instructor-provided filename; not independently verified
yO-xDytsv6o,20211209,What's With this Strange Spike in M1 Money Supply?,instructor-provided filename; not independently verified
P-T0w5-BJ8k,20211208,QE isn't Money Printing?,instructor-provided filename; not independently verified
h9H2e0EHUmk,20211207,Is the Sell-Off Done Already?,instructor-provided filename; not independently verified
a3l6jeysOx4,20211207,"US Preps Sanctions on Russia, Warning Against Ukraine Invasion",instructor-provided filename; not independently verified
b8ElD1KktWw,20211204,Why Another Volcker Can't Save Us This Time,instructor-provided filename; not independently verified
vxCJeo2iO1g,20211204,um... it MIGHT be time to deleverage,instructor-provided filename; not independently verified
UcWqgYrKnno,20211202,"Fed Launches ""Innovation Center"" to Research CBDCs",instructor-provided filename; not independently verified
t4v1uFH7K-g,20211202,How Money Printing Undermines Production,instructor-provided filename; not independently verified
efDb3Bpi9I0,20211201,Ray Dalio Says Cash Won't Save You,instructor-provided filename; not independently verified
1J_JU8Iu1OM,20211130,Powell Signals FASTER Taper to Fight Inflation,instructor-provided filename; not independently verified
Ky5Sb5EzY30,,Congress Faces Urgent December Deadlines,not retrieved
LaIkcyO6jzw,20211127,Bloomberg Editor Claims Stable Prices are Immoral,instructor-provided filename; not independently verified
mstP-uv4jw0,20211125,The Best News You'll Hear All Year,instructor-provided filename; not independently verified
PtSt2EN_LjE,20211124,"The Fed Just got Cornered by ""Shocking"" Jobless Claims",instructor-provided filename; not independently verified
FIe9sJCNi7U,,"Is the Fed's Taper Even Real? MINIMUM Purchase, No Limit...",not retrieved
QAa1rNlL03w,20211123,Will the Housing Market Pause Before it Explodes?,instructor-provided filename; not independently verified
k1oJ1pCoUjw,20211123,Biden Picks Powell for Second Term | What You Need to Know,instructor-provided filename; not independently verified
mjlsVdt1SKg,20211121,Does QE Actually Cause Inequality?,instructor-provided filename; not independently verified
CjtU0vz07Aw,20211120,Why the Infrastructure Bill will Do More Harm than Good,instructor-provided filename; not independently verified
Ri64TsJsbYk,,The Lightning Network is the Key to 'Hyperbitcoinization',not retrieved
uKvxbii58DE,20211119,Money Velocity Debunked,instructor-provided filename; not independently verified
Tsaj7IVHaDE,20211118,Why the Rising Dollar Poses a Threat to Global Markets,instructor-provided filename; not independently verified
qFm5CMFS0I8,20211117,"Debt, Taxes & Printing",instructor-provided filename; not independently verified
4Vn-7ZUXLRU,20211111,The Cost of Money,instructor-provided filename; not independently verified
ez2KEkc5iXA,20211111,Worst Inflation in 30 Years will Break the Bond Market,instructor-provided filename; not independently verified
4xxWkrooSmc,20211110,"Why ""Buy, Borrow, Die"" Doesn't Work for Bitcoin",instructor-provided filename; not independently verified
fVn7yJq18I4,20211109,Can Elon Musk Sell 10% of $TSLA without Crushing the Stock?,instructor-provided filename; not independently verified
zkUMIUQ7uCo,20211104,Zillow Dumping Thousands of Homes in Portfolio Fire Sale,instructor-provided filename; not independently verified
_lMXAX7WXbs,20211104,INSANE Proposal to Let the Fed DELETE Your Money and SHORT Stocks,instructor-provided filename; not independently verified
6InGALCVKIk,20211103,"AND... It Begins. The Fed Starts the Taper, Sets Off Countdown to Crash",instructor-provided filename; not independently verified
TiEoAtqI-z0,,"Animal Fries | A Story about Profit, Economics, and Decentralization",not retrieved
dT_7BhvnaYA,,"Mega Backdoor Roth Survives the 'Build Back Better' Plan, For Now",not retrieved
1gDx79ZwF7U,,"The Next Crash Won’t Kill the Economy, But the Response Will",not retrieved
bBOvZl8QS5I,,Why the Shiba Inu Billionaire Will Lose it All,not retrieved
RxuBlVrEgQY,,How the Fed will Trigger a Market Crash in 2022,not retrieved
ymJ3CKOhpys,,Get Ready for Taxes on Unrealized Gains,not retrieved
ZmZPMMUhSDw,,Some Venezuelans have Created Their Own Gold Standard,not retrieved
rcJVClWC0Pw,,stagflation,not retrieved
lto6nRX3HZg,,Silver is Set for a Massive Bull Run,not retrieved
bZAbq_WDJPY,,The Plan to Overturn the Leadership at the Fed,not retrieved
WKawWAyn3Oc,,"Foreclosures ""SURGING"" - Housing Market Doomed?",not retrieved
oaV_-0ZuKTQ,,Consumer Sentiment Hits Rock Bottom Again,not retrieved
5iDSHfCDnkQ,,First Bitcoin ETF $BITO Launches This Week,not retrieved
5D0fS093U6g,,Now They Want You to be THANKFUL for Inflation,not retrieved
l7UfqFAvMSI,,The Real Reason Everyone is Quitting their Jobs,not retrieved
yAFgd62RQJU,,"Bitcoin is Breaking Out, and You're Not Too Late (yet)",not retrieved
m1UxqanyQd0,,Tax the Rich or Help the Poor?,not retrieved
Mnkx-D_teKM,,"Wages are Spiking, Higher Inflation to Follow",not retrieved
7hXBZ7XU4QI,,Economy Would THRIVE if the US Defaulted on its Debt,not retrieved
KjrY0yuzOUA,,What it's Like Living Under Hyperinflation,not retrieved
9eMptMpZJAY,,The Global Supply Chain Crisis Just Keeps Getting Worse,not retrieved
zAinfIxNvUQ,,How Expensive are Stocks Right Now?,not retrieved
iHZ07rcLI04,,The Dark Side of MMT,not retrieved
0SUYWyWO2ho,,"Government Shutdown Averted, Debt Default Still on the Table",not retrieved
DuDasZuZC90,,Yellen Reveals Debt Default Deadline is Oct 18th,not retrieved
5st12hYUcDM,,The Biggest Deleveraging in History is Coming - and it can't be stopped,not retrieved
wIgZnB-yebQ,,An Insane Plan to Fund the Government is Back,not retrieved
VLulrc235nY,,"China Bans ALL Crypto, Gives Glimpse into Future Global Monetary System",not retrieved
Opn4f2WZ93k,,Biden Notifies Federal Agencies to Prepare for Shutdown,not retrieved
G_qYPCWG-Ys,,Treasury Yields Just Spiked,not retrieved
r2DiBbR4YaA,,Fed Tells Markets ‘Get Ready for Taper’,not retrieved
-P57plubTk8,,Ethics Review of Fed Officials Reveals Conflict of Interest Investments,not retrieved
vIPqzzT6u70,,"Evergrande Still No Bailout, Contagion Spreading",not retrieved
mFiXcCY3Mak,,The Fed's Plan for US Government Debt Default,not retrieved
YbQAeDtsRm4,,Could China's Evergrande Spark the Next Global Financial Crisis?,not retrieved
J1i6Oe7CUx4,,Global Debt Mountain Nears $300 TRILLION - Cannot Be Repaid,not retrieved
TRla1Bp7ixE,,New Bill Aims to Close Crypto Tax 'Loopholes',not retrieved
TEIhSD1GHaw,,Oil is Poised for a 5-10 Year Bull Market,not retrieved
6oiMB4-5ARA,,Why the IRS Now Tracks ALL Payments over $600,not retrieved
3A8PPCjW518,,Does Energy Give Bitcoin (or anything) Value?,not retrieved
apjFevwAT3w,,"Mark Moss on Decentralization, Cycles of History and the Future of Money @1MarkMoss",not retrieved
t2XNzudxxq4,,small losses,not retrieved
GprrJlceslk,,Yellen Urges Congress AGAIN... Time is Running Out,not retrieved
q-mffu8x33A,,Foreclosure Tsunami About to Crash the Housing Market?,not retrieved
FPZuFDgtV1M,,Huge Jobs Miss Means No Fed Taper,not retrieved
Gjmn9llzIIo,,Does Deflation Crush Consumption?,not retrieved
TcJwaUy_L2E,,The Federal Reserve's Political Independence Explained,not retrieved
oUiscGRPePI,,Treasury Warns Social Security will be Depleted in 12 Years,not retrieved
Es9L5LfLfPM,,Your 'Average Annual Return' is a Lie,not retrieved
nrnmOl-hB_s,,The Clever Deception of Modern Economics,not retrieved
BsKHwy8k6Dg,,The Fed Just Sent Markets Soaring,not retrieved
YXOSIVUCJ-s,,Germans are Stockpiling Gold,not retrieved
IaWoe991QgM,,New APMEX App Review,not retrieved
aGXkOGaRCOg,,Coinbase Users Get their Crypto Stolen,not retrieved
Gz3dD3mXgow,,"Real Growth brings Abundance. Instead, we have Shortages.",not retrieved
wELyj0fy1UE,,61% of Americans Pay NO Federal Income Taxes,not retrieved
qzBUWCIXd_k,,Extreme Fear in the Markets Right Now,not retrieved
ViX1GQyO9bE,,What to Expect if the Fed Tries to Taper,not retrieved
fMVL7esd4KY,,Palantir Buys $50 MILLION in 100 oz Gold Bars,not retrieved
IhHj0GODT74,,The Treasury General Account has Reached $400 Billion Target,not retrieved
-jhuVhBf9F4,,Consumer Sentiment Drop Exposes Fed Cannot Taper,not retrieved
FAYL4VQsBOU,,Producer Price Inflation Hits All Time Record,not retrieved
xJYAwJsGyTg,,How Real Estate Performed During 1970's Inflation,not retrieved
wBBDuzBFM6s,,"The Ancient Monetary Systems behind Fiat, Bitcoin, and Gold",not retrieved
ggjGm8860b8,,Is Gold Dead?,not retrieved
CAdk8Y7Unow,,July Jobs Report Triggers Bond Market Selloff,not retrieved
8trIbfVUDXk,,US Ramps Up its War on Crypto,not retrieved
BPz1Qdz9EJ0,,Japan Reveals Record Dump of US Treasuries,not retrieved
J2RTIYARGf0,,Treasury Invokes 'Extraordinary Measures' as Congress Misses Debt Ceiling Deadline,not retrieved
Xxy5Xluzzyc,,The Truth About the Coming 'Disinflation',not retrieved
61pWx1K4P_o,,Shrinkflation is Now Not Included in CPI,not retrieved
pQQztUTFwwk,,Real Estate Update (August 2021),not retrieved
Ld5pxspnpTo,,Manipulated Markets are Huge Opportunities to Profit,not retrieved
D8W52Mf64sU,,Why the Fed's New Standing Repo Facilities are a Big Deal,not retrieved
f9rNeDbBcE4,,The Fed Just Admitted Prices are Permanently Higher,not retrieved
CBwlJ0kQi3I,,How Stablecoins will be a Trojan Horse for CBDC’s,not retrieved
_I0-mPG6ODg,,Bitcoin Update: Pump & Dump?,not retrieved
vdCXfR0-p80,,"Why I ""Lie"" in My Videos (explanation)",not retrieved
dINDgvrayhA,,Bank Collateral Shortage Going from Bad to Worse,not retrieved
8bsZy6tBrNw,,Government Shutdown Likelihood Just Skyrocketed,not retrieved
ZlT9U3Aor8U,,Market Reversal: Dead Cat Bounce or Buy the Dip?,not retrieved
FbA1vRfjfdM,,The Truth About Money Velocity and Inflation,not retrieved
w2IpjX0iEJo,,Price Controls are Coming (and SHORTAGES soon after),not retrieved
jvM7IT6Z344,,Why They Can't 'Print' Away the Debt Problem,not retrieved
573YaX__bSI,,Record-Breaking Inflation (What They're Not Telling You),not retrieved
lw2A8pW1p14,,The Real Housing Crisis is Not What You Think,not retrieved
A4UWtTyp75c,,Wells Fargo Shuts Down All Personal Lines of Credit,not retrieved
iKuHPtYOsfs,,Janet Yellen Warns Congress of ‘Catastrophic’ Debt Default,not retrieved
LgFNDVWkhn0,,Who is Piling into Bonds Right Now?,not retrieved
dWWWZLOAPZQ,,"These 2 Bitcoin ""Death Sentences"" Just Got Flipped",not retrieved
qFaupdzkSlU,,How to Produce MASSIVE Income from Dividend Stock Portfolio,not retrieved
y9NTlvf98Kw,,June Jobs Numbers Send Markets Soaring,not retrieved
acZbC4GO6tc,,The Enormous & Hidden Cost of the Tax System,not retrieved
d7f9oFfmUHM,,130 Countries have Backed the Global Minimum Tax,not retrieved
APNu02IKfOM,,Silver Buyers are Winning - Don't Get Shaken Out,not retrieved
ODdQHamtr9A,,Basel III FINALLY Here - What Now?,not retrieved
jamA7WoOVhI,,The Strange Accounting of Bitcoin on Corporate Balance Sheets Explained,not retrieved
RHRFx-72gaA,,Money Supply Increase Does NOT Cause Boom/Bust Cycle,not retrieved
Qn9MI_XDV7c,,New Monthly Stimulus Checks Start Next Month (EVERY detail),not retrieved
b2xmYeJEHsA,,Stock Market SELL Signals Starting to Pile Up Everywhere,not retrieved
orET-_WdPEQ,,The Fed Just Lit the Fuse for a Liquidity Crisis,not retrieved
LU_skoEceJo,,The Fed is Showing Signs of Internal Division,not retrieved
BxvKICCE2VY,,Commodities Getting CRUSHED | Buy the Dip?,not retrieved
nEkUNuTNAzQ,,Federal Tax Receipts are Higher Than Ever Before,not retrieved
dXyXcKv5xDg,,Fed Today: Full Steam Ahead on Inflationary Policy,not retrieved
ldLEWFFUIp8,,Rents Just Spiked the Most in 15 Years,not retrieved
RsEUjZwQGiQ,,Billionaire's Investing Advice for the Fed Meeting,not retrieved
tOu3Rxbunv0,,Proof that Nothing has Intrinsic Value (even GOLD),not retrieved
8ZGu-8BLe_Y,,We Just Saw the Sharpest Inflation Spike in 29 YEARS,not retrieved
ZpKN7pF7ySI,,The Fed Probably Now Owns Bitcoin Junk Bonds?!,not retrieved
d85OgLQY5q8,,New Global Minimum Tax? What You Need to Know,not retrieved
UW9LbfuCTP0,,Central Bank Digital Currencies ARE NOT Cryptocurrencies (explained SIMPLY),not retrieved
uhYB3b0xg1w,,El Salvador Enters the Global Currency War,not retrieved
dY3oLXxjpJY,,Russia's Wealth Fund Dumps ALL Dollars? The Truth,not retrieved
sfSbiu09xcE,,"Food Prices Just Hit DANGEROUS Level (global riots, protests)",not retrieved
nKgYLX9LO_0,,Fed to Start SELLING their Bond ETFs,not retrieved
Qb4mvxzRrVA,,Basel III Update - Happening June 28?,not retrieved
lgwlLj3leDw,,Why Price Stability is Theft,not retrieved
xD8FbtfMufs,,The US-China Trade War: Who is ACTUALLY Screwing Who?,not retrieved
jRV-R8EPRg8,,MASSIVE Gold Flows into China from Switzerland,not retrieved
bDteZfwQ7DQ,,The Fed Keeps Expanding its Powers (rant),not retrieved
5UxpoCA4Hws,,"Why Mortgage Applications Dropped, and Where you can STILL Find Cheap Real Estate",not retrieved
3D1pkvy55ow,,Supply Chains and Shortages FINALLY Improving?,not retrieved
juv5ivH7D4o,,The TRUTH About Michael Burry’s Portfolio Revealed,not retrieved
3dTfxZtp3ag,,Why Repo Market is Suddenly Surging (and what it means),not retrieved
AabRXYTyW-c,,Is The Fed ACTUALLY Considering Tapering?? (Explained),not retrieved
xseShZfW7JU,,Investing in Bonds Today is like Playing the Lottery in Reverse,not retrieved
H8-atQMyP44,,The Bitcoin Flash Crash - and What To Do Now,not retrieved
VZ6HoIs6WSk,,Real Estate Affordability Crisis Just Got Even Worse,not retrieved
hLilJeZjv-s,,Can Goldbacks Bring Gold Back as Money?,not retrieved
Pyo7b-sa4oU,,Silver Squeeze Still Showing Signs of Strength,not retrieved
sjeno5ytOS0,,The Fed Has Now Admitted to Yield Curve Control,not retrieved
xD4FLyq9VQE,,The Monstrous Deficit Grows Despite Record Tax Income,not retrieved
ceikBrqpCXc,,Elon Musk is Wrong: Bitcoin is Good for the Environment,not retrieved
WumjWVZc0lA,,Is Tether a Ticking Time Bomb for Bitcoin?,not retrieved
fNFUAizouyo,,Why Markets Tanked After Biggest Inflation Jump in 12 Years,not retrieved
9U4FzEsSIr0,,Acre Gold Long Term Review,not retrieved
jaOb_LgQ2jA,,The Origin of Modern Money - and its Dark Future,not retrieved
9uVKDbp0TRM,,Gold and Silver are Out of the Woods and Headed Higher,not retrieved
oSbGgz_T5GI,,The Truth About the Current Labor Market,not retrieved
9pJm_hXazxM,,Legal Tender Laws vs Gresham's Law,not retrieved
ON2s7o3Cqic,,Tesla Sells Bitcoin as SEC Delays ETF Decision,not retrieved
iI51Z8MYvuM,,We are On the Verge of DISASTROUS Tax Changes,not retrieved
FLjWX9zkclk,,FOMC Press Conference Coverage | April 28 2021,not retrieved
QyBIiS750sE,,Junk Bonds Signal Rot in the System (same level as dotcom and GFC),not retrieved
64viHiG6fQQ,,"Lyn Alden | Emerging Markets, Gold, Bitcoin, and Inflation!",not retrieved
H-1SysobPGU,,Nuclear Energy is the Future (and a TREMENDOUS investing opportunity),not retrieved
TP1TYJOU5w8,,"Powell Claims the Fed ""Has the Tools"" to Fight Inflation",not retrieved
dKeJfDXMC7I,,Coinbase Insiders Sold $5 BILLION in Shares Opening Day,not retrieved
GY6GFcTUgiw,,Direct Listings - Should You Be Cautious with Stocks that Go Public with this New IPO Alternative?,not retrieved
6G0m0LY5ZzQ,,Dogecoin Insanity - Different than Bitcoin?,not retrieved
EmkeerPAGec,,Huge Warning Sign Flashing Danger for Stocks,not retrieved
XGFvLHAPib8,,"Gold, Silver, Miners - Finally Headed to Moon?",not retrieved
GsTCqC5LFFI,,"US Slams Russia with Sanctions, Escalates Global Currency War",not retrieved
NjdjtgqcnZo,,Bernie Madoff Dies | What We Can Learn from His Story,not retrieved
ocB8IzkXr9s,,How to Short the Dollar,not retrieved
rsrKPMYPkvw,,Record $1.7 TRILLION Deficit | Where did it Come From?,not retrieved
Z6seZzNHwlk,,US Economic Freedom is Rapidly Deteriorating,not retrieved
qho9cEnYA_U,,Largest Jump in PPI Inflation in 9 YEARS,not retrieved
QZx6h0jPouQ,,"Gold Miners: Bottom is Almost Here, but Sell-Off Coming First",not retrieved
hmypT-pm0lk,,Should You be Worried about a Housing Crisis in 2021?,not retrieved
dVrXhDAJ9ds,,Stocks at All Time Highs? Not when priced in gold...,not retrieved
b9LiN4yEQ3c,,New Bill to REPEAL Taxes on Gold and Silver!,not retrieved
1t3PiUrSdIo,,How Corporations will Avoid the Tax Hike for Infrastructure Spending,not retrieved
qhLOjGaiKsA,,Democrats Urge RECURRING Stimulus Checks (this is just UBI now),not retrieved
KUF_PyEVhxI,,"Hedge Fund FAILS: Banks Lose Billions, Threatens Financial System",not retrieved
Q480l4GkEqs,,Are Stocks a Good Hedge Against Hyperinflation?,not retrieved
K8enuzOw1qI,,Danielle DiMartino Booth: It's Time for the Fed to Step Back,not retrieved
YmEszLyzV0A,,NFTs Explained SIMPLY (and how to sell your own),not retrieved
hxUl6bd_oWU,,The NEXT $3 Trillion...,not retrieved
L1vfTyAGyJA,,Fed Does NOT Extend Capital Requirement Relief for Banks!,not retrieved
KBdoTG5vwNw,,"IRS Folds Under Pressure, Delays Tax Filing Deadline",not retrieved
5fPYHjRFXak,,Fed Press Conference - Money Printing with No End in Sight,not retrieved
haSUUOMrXKU,,Inflation is Building Momentum,not retrieved
imV5WgHyYvk,,Which is Best for a Crash? Gold vs Cash,not retrieved
ssAt46oVbbw,,5 Unique Ways to Invest in Real Estate (previously only available to the rich),not retrieved
bWYrcjWbHr8,,Why the Rich are Swallowing Up Farmland (and you should too),not retrieved
fadLGsq9GQc,,We're On the Road to Socialism Now | No Turning Back,not retrieved
4N1CZlYwsGU,,$1.9 Trillion Stimulus Bill Poses Threat to Banks,not retrieved
ievQEDyQT0M,,HUGE Sign Gold could Finally be Turning Around,not retrieved
KXk_JdTKAHc,,Stocks are Poised to SURGE,not retrieved
iYofiVZcK_E,,Interview w/ an Insider! APMEX & OneGold CEO Ken Lewis on Silver Squeeze and Metal Shortages,not retrieved
DLkbkAv-BUU,,"Powell Talks, Rates Pop, Stocks Drop",not retrieved
mEM1uCKqq7U,,The Fed's Next Moves SIMPLY Explained (& the insane results),not retrieved
UEhdkj7SBxc,,Fed Cover Up?! Major Issues for Banks THIS MONTH,not retrieved
KDaXHQmjvsc,,"Stocks Melt Up, Gold Melts Down",not retrieved
EK85jLiwLS0,,Deflation is KEY to an Abundant Future w/ Jeff Booth,not retrieved
euO71ooC1q4,,Current $1.9 Trillion Stimulus Effect on Asset Prices and Inflation,not retrieved
gzhtQUWOPbs,,Ray Dalio: Is the Stock Market in a Bubble?,not retrieved
5XAVqw-fbIY,,Is the Precious Metals Bear Market FINALLY Over?,not retrieved
sHQAANXkcNA,,What the Texas Blackouts Teach us about Risk for Investors,not retrieved
0pWbyFMEP5Q,,You Can Still Get Physical Silver... For Now,not retrieved
v99mOzW-Ht8,,New Canadian Bitcoin ETF! Plus New RISKS for $BTC Investors,not retrieved
wBqxD9zKzlo,,Why the US will NOT End Up Like Japan,not retrieved
v8l3oeq4eE8,,"Mega-Insights! Dave Hunter Contrarian Interview [melt up, crash, inflation]",not retrieved
VnkE09bfYEY,,I JUST Shorted Tesla... and Bought Oil,not retrieved
tqKNcyRymrA,,The Biggest Crash of our Lifetimes?,not retrieved
bvexR1YjDds,,Why the Fed's Asset Purchases HAVE to Increase Soon,not retrieved
oh5IpUGHuto,,LBMA Vaults DAYS Away from Running Out of Silver,not retrieved
BwX6HfNHtE0,,Has the Everything-Melt-Up Begun? (bad for the poor),not retrieved
NDPPAO7qZpE,,The Treasury is About to Get DRAINED,not retrieved
Jo90sQZbEQo,,Don't be Fooled by the Gold-to-Silver Ratio,not retrieved
iJUAUu00-A0,,Are Your Stocks Being Lent Out to Short Sellers?,not retrieved
1zUxpHwUTAQ,,The Truth About the Silver Squeeze,not retrieved
jb8uRISf5nY,,Manipulated Markets are Always Destined to Fail (with price explosion),not retrieved
9qoTgA0iyHI,,GameStop Battle Escalates - Is Silver Next?,not retrieved
oHxJbvemQ3E,,Insiders are Selling Again... is a Crash Coming?,not retrieved
vxH1nBX32Tk,,M2 Money Supply Growth is ROCKET FUEL for Gold and Miners,not retrieved
AAZONrjtKso,,Former Fed Chair Janet Yellen Confirmed as Treasury Secretary - What to Expect,not retrieved
eUbjMuHil0E,,Ethereum: Pure Scam or Great Investment Opportunity?,not retrieved
UcG3XAMIRlI,,GameStop INSANE Stock Rally Fully Explained,not retrieved
uiyTyC1K7Zs,,Do Biden’s BIG Spending Plans Actually Require Tax Hikes?,not retrieved
TzFMejz5LDk,,Does Inflation Actually Wipe Out Debt?,not retrieved
aFetPdv7Ad4,,"Real Estate to Stall, then BOOM in 2021",not retrieved
pjlhyeTJor8,,Does Bitcoin Have Intrinsic Value?,not retrieved
1vaafsI9R4I,,Russia Now has More Gold than Dollars,not retrieved
hx5oqIHYfdI,,If I Get Banned by YouTube...,not retrieved
58g7nwjGwx4,,I Just Went Long Treasuries,not retrieved
m6jvUiKFkSM,,Bullion Banks Look Like a Failing Currency Peg,not retrieved
HX0U3VZwjXs,,What if Bitcoin Becomes Money?,not retrieved
CBNNjfLJ25c,,"Rates Pop, Gold Drops",not retrieved
XgnygUXeM5Q,,Game Theory and the Future of Totalitarianism vs Freedom,not retrieved
bIaOLQ64OPo,,10 BIG Things Coming in 2021,not retrieved
-FZeVZGzPu8,,When Money Dies,not retrieved
CGlcWsmaprE,,Big Change to Gold Markets Coming in 2021,not retrieved
mI1SmJHG8J4,,Bitcoin ETF Approval will CRUSH $GBTC,not retrieved
9TSWnSzSES0,,Supply Chain DISASTER Happening Right Now,not retrieved
pSXdO2Re4qI,,$600 Stimulus Checks? The Math Doesn't Add Up,not retrieved
9kd_HHEmUrM,,The Big Debt Problem,not retrieved
DSHH0d3F4Sw,,"Breakouts! Hard Money Pumps, Easy Dollar Dumps",not retrieved
A__O32J6OK4,,QE is NOT Deflationary,not retrieved
IrzCYN7wu9M,,Money Velocity is About to BOOM,not retrieved
it8AgF5OC3Y,,If I Could Only Choose ONE Investment For the Next DECADE,not retrieved
87yyWLAU2vI,,Inflation is Picking Up Steam,not retrieved
POWITszxGZY,,China's Digital Currency Takes it Up a Notch,not retrieved
4bEq1cRetZs,,Passive Investing: The Biggest Bubble in History,not retrieved
PAOvuduiNNk,,2020 Christmas Gift Guide (gifts that MAKE money),not retrieved
KpAomztLIqE,,Central Banks are Bullish on Gold Again,not retrieved
HGcJXgDwTIc,,If You Think The Fed Is Bad Now...,not retrieved
TqSdD5yUwbE,,I Just Backed Up the Truck on Gold Mining Stocks,not retrieved
070ZxBDTo7k,,Capital Flight OUT of the USA has Begun,not retrieved
4Gelc5r4cug,,Every Dollar You Own is a Loan to the Government,not retrieved
kImxqvIMTyQ,,WARNING: These Funds Are DESIGNED to LOSE Money,not retrieved
hZlLE2CFLbI,,Market Wizards - Advice from the Best Traders in the World,not retrieved
ZU1_av3hTL4,,3 Assets on the Verge of a HUGE Move,not retrieved
4RGbkvo9ar4,,Gold Price Breakdown | Last Chance to Buy?,not retrieved
5m-q0wPUQCI,,Yield Curve Control is COMING | What You Need to Know,not retrieved
vS8xMiRbrIg,,Amazon Pharmacy is a Game Changer,not retrieved
I8pS5iDV8Ms,,Bitcoin Hits All-Time High?! | EXPLAINED,not retrieved
uXlI17qZXIQ,,Record $17 TRILLION in Negative Yield Debt Explained,not retrieved
ly3jzpiuT8Y,,I Just Shorted the Market,not retrieved
fAK9xqSbPW0,,CashApp and Coinbase NOT SAFE | How to Avoid Theft and Confiscation,not retrieved
w1H1wjcg1KE,,What Apple's New M1 Chip Means for $AAPL Stock,not retrieved
Ol3GtHNGyXk,,"Small Stocks up 5% Today! Proves Importance of Ray Dalio's ""Holy Grail""",not retrieved
RA_X-Z8tUWE,,Gold Getting CRUSHED Today | Buy the Dip or Find Next Exit?,not retrieved
Z6-Oe__BUu4,,EVERY Dollar the Government Spends Comes from Your Wallet | Here’s How,not retrieved
O7j0FWASs1U,,Markets are LOVING this Contested Election,not retrieved
EyW5Xj9uPrU,,My Final Election Forecasts,not retrieved
yAeTFmqD8JE,,Use Advanced Options Strategies to DOMINATE these Crazy Markets,not retrieved
TUowz5Z4gkM,,NEW Coinbase Card - Did Crypto Just Become Money?,not retrieved
A2S4Y01iB5Y,,What Happens to your PENSION in a Currency Reset?,not retrieved
SLoRAMfdKtA,,Why Do We Pay Taxes if They Can Just Print Money?,not retrieved
4VCtCbY5S2s,,What Happens to YOUR Debt After a Monetary Reset?,not retrieved
o-0__WsaYz8,,PayPal Jumps on Bitcoin Bandwagon - Has Gold been Left in the Dust?,not retrieved
9p08nAAgkUg,,[CLIP] Brief History of Money: Credit to Commodity to Paper to Digital,not retrieved
tH57Qs9pOjI,,[CLIP] Central Bank Digital Currencies are NOT Cryptocurrencies,not retrieved
ebcjVBEb1c8,,[CLIP] Central Bank Digital Currencies will make Banks Obsolete,not retrieved
5GJqdyrBGp8,,[CLIP] CBDC's Give Central Banks Precise Economic Control,not retrieved
kzJRB0nEvjY,,[CLIP] Why Central Planning Fails,not retrieved
HH-jktWbatQ,,[CLIP] Government Incompetence Will Cause CBDC's to Fail,not retrieved
Z6pXRxGYm_4,,Central Bank Digital Currencies are HERE | What You Need to Know,not retrieved
zuDvMr00zKY,,September Retail Sales Surprise is NOT Bullish,not retrieved
inALRDqqF1A,,3 Things You Can Do NOW to Increase your Trading Performance Immediately,not retrieved
UlMDCYpTHTs,,Apple and Disney are Accelerating Long Tail Businesses,not retrieved
-1dYjGsydAI,,Iran Ditches the Dollar for Chinese Yuan,not retrieved
1OICqTNn7Ec,,Big Moves Ahead for Asset Prices,not retrieved
PKR-y8V8Bo8,,WARNING! Stop Using Robinhood Immediately (and where to go instead),not retrieved
30jMHN1QVBw,,I Just Increased my Allocation 5x to Bitcoin | Here's Why,not retrieved
v-mev-st15M,,"Powell Urges More Stimulus, Trump Says No",not retrieved
GCvkD8XJbLk,,So will there be a Housing Market Crash or Not??,not retrieved
48fuszpi5XQ,,Markets Look Prepared to Rally into End of Year,not retrieved
zf7WCdxBj2U,,Use This Gambling Formula to Size Your Investment Positions,not retrieved
Em84ZkTvlzo,,My Responses to Comments on my Tax Video,not retrieved
xm1OSSHwu7Q,,Should We Stop Paying Taxes? (the truth),not retrieved
nZwXELZH8Ag,,The Merging of the Fed and the Treasury (Explained),not retrieved
qCaf_75Xa9Q,,What Happens to Gold in a Deflationary Death Spiral,not retrieved
fZUofb_KNls,,Buy the Dip?,not retrieved
F6lyoigVn60,,How to Make $1 MILLION in 6 Months Predicting the Market,not retrieved
ewpKMWveo_s,,Did Someone Just Secretly FORCE Banks to Start Lending Again?? (this is big),not retrieved
nA-kXYm9KNY,,This is What Stocks Do During Hyperinflation,not retrieved
XZUwZrWH5ZQ,,The Truth Behind the Nikola FRAUD,not retrieved
bskHm6rMu0g,,Why is China Stockpiling Commodities?,not retrieved
KViP7czIlM0,,Asset Prices are Consolidating Before Next Leg Up,not retrieved
eeUTKhNqjow,,What is a SPAC? (big money or bag holder?),not retrieved
8fDLykfvcEo,,5 Great Books About Money and Economics,not retrieved
5MqWNrNqSFg,,QUICK Market Update Tuesday Sep 8 | What is the Market Doing?,not retrieved
dBpGxPBPO04,,China Threatens Treasury Dump; More Decoupling Talk from Trump,not retrieved
GMirUs5W3g0,,Days Like This Highlight the Importance of Hedging,not retrieved
Da8TazGgHcg,,Stocks Got CLOBBERED Today | Here's Why,not retrieved
QHUGOp4SH-g,,Did Landlords Just Get Crushed? | CDC Bans Evictions Nationwide,not retrieved
Q7Uf-79WcdQ,,Does Bitcoin Have Intrinsic Value?,not retrieved
zC3bLfIKOA4,,"Gold to Reach $2,500 By November | All My Updated Price Targets",not retrieved
_KzcfKedig4,,Delta Hedging: How Options Traders Actually Influence Share Prices,not retrieved
nrj7B4U46rA,,The Fed Just Re-Committed to EVEN HIGHER Inflation - Here's what it Means for Unemployment,not retrieved
TyjZLgETSwM,,5 Movies that will Teach You More than a Degree in Economics,not retrieved
XMqbt4_Kurg,,"How a New ""Treasury Dollar"" could Replace Federal Reserve Notes",not retrieved
9bOmPbbLFuU,,S&P500 Breaks Out | The Melt-Up Has Officially Begun,not retrieved
Wc6Rx1xsUx4,,The REAL Economy is CRUMBLING While Stocks Make All-Time-Highs,not retrieved
hF0TZaBpt3A,,Dave Portnoy hears Elon Musk will Mine Space Gold? (while Warren Buffett buys stake in Barrick GOLD),not retrieved
JW3KE5DtjU8,,What are Interest Rates Really Telling Us About the Economy Right Now?,not retrieved
LKUf0kXY2Lg,,Gold and Silver SLAUGHTERED Today! Is the Blood Bath Over?,not retrieved
_fWzHmisgEg,,"Tail Hedging: How to Beat ""Black Swan"" Market Crashes",not retrieved
qV_sGlyB8JA,,Can Printing Money Actually Cause Deflation?,not retrieved
HmOIeJEF72w,,Will the EPIC Rally in Gold & Silver Continue? Or Big Sell-Off Coming?,not retrieved
-xQnRzCZ1Xw,,Lebanon's Economic Crisis Just Got A Lot Worse,not retrieved
XIB4IOrbKZo,,How to Navigate a Currency Reset | Pt. 4 (final) - Escape Plan,not retrieved
IQ7SFxuJpPg,,Is Judy Shelton the Key to Returning to a Gold Standard?,not retrieved
dhV0GbSBisU,,"How to Navigate a Currency Reset | Pt. 3 - Day to Day (Debt, Bills, and Banking)",not retrieved
sBiGDFnFBlQ,,The Dollar Dump is Pushing Stocks to Follow Gold's Lead to All Time Highs,not retrieved
0WMJxYQUUO4,,Gold Teases All Time High and Silver Sees Best Run in 40 YEARS,not retrieved
99DH1YaThJ0,,How to Navigate through a Currency Reset | Pt. 2 - Taxable Assets,not retrieved
yWbpv6B4gWg,,How to Navigate through a Currency Reset | Pt. 1 - Retirement,not retrieved
JcyArTjxhnA,,The Inflation Cat is Out of the Bag,not retrieved
LdcrX8vQisA,,The Truth About the Coin Shortage,not retrieved
P8poiUOisCE,,The Real Problem with Gold Standards (and the radical but effective solution),not retrieved
QFGsUap_HxM,,Gold and Silver Breaking Out while Stocks Move Sideways,not retrieved
6fZ6Io_UZ8I,,Bank of England STEALS Venezuela's Gold | Spells BIG Risk for GLD Owners,not retrieved
qvVLa-c17pU,,Use These 3 Greeks to Trade Options Better,not retrieved
n5sURtT64uo,,Roofstock Review: The Easiest Way to Invest in Quality Rental Properties,not retrieved
ixvzRoAnO5I,,Selling a Car will Teach You Better Economics than University,not retrieved
4pF-Kv2tW2Q,,No Jobs? No Trade Deal? No Cure? No Problem.,not retrieved
u_R0O1Lp94Y,,Fed Stress Test Reveals Banking Crisis Imminent?,not retrieved
etMYLScvmV0,,China Takes Another Shot at the Dollar,not retrieved
LNEbUx83m90,,Gold is Gearing Up for Rally to All Time High Within 6 WEEKS,not retrieved
mqetZC4Ugms,,Trump Building $1Trillion+ BAZOOKA to Launch at Stock Market before Election?,not retrieved
Usd2su3YhKw,,The WILD Story of Hertz Bankruptcy and the Robinhood Effect,not retrieved
Uth3zk5Q-YI,,Is The Fed Breaking the Law? (Now They are Buying INDIVIDUAL Bonds),not retrieved
L-D00H2SrMU,,[CLIP] The Real Reasons Why Communism CANNOT Ever Work,not retrieved
_t1azr9U4eg,,[CLIP] Wealth vs Money: The Problem with The Fed Printing Money to Finance Government Spending,not retrieved
AM7oKOOvZwA,,"Dismantling MMT | Book Review (and thorough rebuttal) of ""The Deficit Myth"" - Modern Monetary Theory",not retrieved
CIsbJzhk5Ww,,Fed Chair Powell: More Stimulus with No End In Sight,not retrieved
KErptNzYwfc,,Is There a Dollar Shortage?,not retrieved
wNvSGY0-sbE,,Don't Get Caught in the Bond TRAP,not retrieved
zdNEu26aPWg,,"Elon Musk Calls to Break Up ""Monopoly"" Amazon | The Truth About Monopolies",not retrieved
mYl-pZxDL5U,,My Price Targets for Second Half of 2020,not retrieved
BwBUsDU-eiE,,The TRUE Cause Behind the Inequality and Violence Right Now,not retrieved
VS2usWWZcGM,,Famous Economist Thinks these Riots will Stimulate the Economy | The Broken Window Fallacy,not retrieved
z3MDZS31GqM,,Dollar Strength or Dollar Weakness? What you need to know.,not retrieved
SnmxyDWF-Jc,,My 2020 Predictions Revisited: How Have They Held Up?,not retrieved
WoGTkif4RuU,,Can’t Afford Mortgage Payments? Good News: Forbearance + Deferment,not retrieved
JQ_P62Lqi2I,,The Fed's Balance Sheet Passed $7 TRILLION - Does It Even Matter Anymore?,not retrieved
z92r3YjxyB4,,The End of Hong Kong? Ray Dalio on the Rise of China and the Changing World Order,not retrieved
Lzf_6vM4O9Y,,The Gold Ban - Should You Worry about Confiscation?,not retrieved
8_OXPCnJgKU,,The Triangle of Investing - How to Invest with Low Risk and High Returns,not retrieved
9TwBVQNanj0,,Play-by-Play Rebuttal of 60 Minutes Interview with Fed Chairman Jerome Powell,not retrieved
o59DHoPZdd0,,Soak the Rich? | The Honorable Role of the Miser,not retrieved
FuHBxUBfErw,,"Why Price Gouging HELPS the Poor, and Price Controls Hurt Everyone",not retrieved
rFMOu6o4WdY,,Legendary Billionaire Investor David Tepper Calls Stocks Most Overvalued - Second Only to '99,not retrieved
BX5xMHZgKBA,,Negative Interest Rates Coming to the US? They are Already Here,not retrieved
IBE4JNTNKV0,,Devastating Unemployment is Driving Stocks... Higher??,not retrieved
VmY9USvCjgk,,Why is Billionaire Paul Tudor Jones Betting on Bitcoin to Hedge Inflation?,not retrieved
NAlOOsdJ2Ko,,Schwab Delivers Knock-Out Blow to Robinhood with Fractional Shares,not retrieved
7iWXPx7wjlo,,Dismantling IDIOTIC Deflation Ideas,not retrieved
Qem3Y4deakU,,Is History Repeating Itself with a Fiat Collapse? | John Law and the Mississippi Bubble,not retrieved
8lZHZGUStzE,,Is Now a Bad Time to Invest in Real Estate?,not retrieved
2HAgQ1zw1eU,,The Currency War Escalates as China Seeks to Dethrone the Dollar,not retrieved
dJ0IIK6kpnk,,What is Stock-to-Flow (S2F) and The Halvening?,not retrieved
T6DZkUKzSSI,,What is Holding Silver Back?,not retrieved
-PIngNcrLKg,,Is the Gold Rally Losing Steam?,not retrieved
vKZ_ZRUY-eA,,Do We Actually Need Taxes? The Fed can print INFINITE money...,not retrieved
R89fxkMquxM,,The $40 TRILLION Derivatives Ticking-Time Bomb (Bigger than Lehman),not retrieved
miHaimjKeAQ,,NEGATIVE Oil Prices?! Here's What It Means,not retrieved
ODBgaCDi2e0,,STAGGERING Job Losses Meet $2k/month Stimulus Checks,not retrieved
T6A6nWzYyYM,,Market Crash or All Time Highs? | What's Next,not retrieved
Jh0PLCsDAKw,,We Are Being LIED TO About Inflation | Here's How,not retrieved
CnqEJm5D-VU,,Nixon's Legacy | Going Out With a Bang,not retrieved
6bPCD9SQ46U,,Investing Changes on a Gold Standard | Part 3 of Creating Your Own Personal Gold Standard,not retrieved
_lNS49KHbzI,,Create Your Own Gold Standard | Part 2 - Debt,not retrieved
kMIiXTWtH1c,,Create Your Own Personal Gold Standard | Part 1 - Savings,not retrieved
ZL89ij5m6SU,,How to Hedge and Protect Your Retirement Account,not retrieved
UuiI0rZ_Wjw,,Is the Can Getting Kicked Down the Road... Again?,not retrieved
7VN3bAsTRj0,,The Case for Bitcoin,not retrieved
IksvoEr60wQ,,Is the Market Crash Already Finished?,not retrieved
88LSJtoKwNA,,Massie: The Tragic Hero,not retrieved
qHkO6rtEGAc,,The Third Debt Jubilee Has Begun,not retrieved
HctT6rgL7iw,,How To Use Options to Profit from This Crazy Market,not retrieved
qcQQsJTcfrE,,The $1 Trillion Coin Idea | How the Government Wants to Pay for All The Madness,not retrieved
R1_8uJiV2XI,,Deflation VS. Inflation | Settling the Debate,not retrieved
7NOq7jbunFg,,What in the World is Happening to Gold and Silver?!,not retrieved
vXPQ2UDu8to,,The Fed Entered Full-Blown Panic Mode This Week | What Does It All Mean?,not retrieved
geUMT2ytdd4,,"Fed Monetizing ALL Debt Now, Facilitating Dollar Devaluation",not retrieved
Mgi4eSJs0hw,,History in the Making: The Collapse of the Dollar's Reign,not retrieved
2Xp1GQqhYS4,,The Markets are ALL Breaking | We're In The Endgame Now,not retrieved
5gjm4wXxrqA,,Fed Emergency Rate Cut FAILED | The Beginning of the End?,not retrieved
U8MmY0fKswg,,Stock Market WORST WEEK Since 2008! What's Next?,not retrieved
AvarCVuSFco,,Markets COLLAPSING! Coronavirus is the Needle Popping the Asset Bubbles,not retrieved
bLvtP9GCzfM,,"Life Insurance | The BEST, Definitive, Final Guide - Everything You Need to Know",not retrieved
B9euXXDzHPI,,The Talmud Portfolio | Ancient Investing Wisdom vs. Modern Portfolio Theory,not retrieved
zU0IuFRDnbE,,Aftermath and The Forgotten Depression,not retrieved
D7tT1fhTF3g,,Financial Arbitrage | Hedge Funds Play With Fire - and it could topple the entire system,not retrieved
fOtJ7yvXpKs,,Coronavirus May Trigger Hyperinflation,not retrieved
hHbyh1qLw40,,"The Fed Just Doubled Down - Savers Are Screwed (for the ""greater good"")",not retrieved
2ORUrZgqQ9o,,How To Protect Your Investments From The Coronavirus,not retrieved
Eu67fEh9jJA,,Are Recessions A Thing of the Past?,not retrieved
buXm2J_UH4g,,Why We Have Taxes - And How To Avoid Them (Legally),not retrieved
mXnWdcyX-eM,,This Is The Best Investing App For Beginners,not retrieved
z7Np10FRfpk,,The Market Melt-Up Is On! | Time To Sell?,not retrieved
XVh62gJhanc,,War With Iran? | 4 Ways to Profit from WW3,not retrieved
9MQzmTuJfdM,,The SECURE Act - Retirement Law Changes | Everything You Need To Know,not retrieved
utg0BbjCWIU,,The Fed Did It! Crushed Volatility in the Repo Market. What Did It Cost?,not retrieved
YG_TUdrphZg,,The Truth Behind Modern Monetary Theory,not retrieved
oJFk6485Ptk,,What Is Maturity Transformation? The Perfect Holiday Discussion Topic,not retrieved
-jd3qDCN6F0,,The 6 Forces That Will Shape The Next Decade,not retrieved
gZvVD8M3k54,,The Second Repo Crisis is Just Days Away | This Time Will Be Worse,not retrieved
4hQImf1_VvU,,"2020 Predictions | Markets, Politics and Gold",not retrieved
KGs8xgN2HmY,,What Is Fundamental Analysis? | One Minute Heretic,not retrieved
NotmxtjjYZU,,The Truth About Your Student Loans,not retrieved
OTMluLc7aUw,,"Monopoly, Inflation, and the Broken CPI",not retrieved
FS5AWK1XB40,,What Is Technical Analysis? | One Minute Heretic,not retrieved
FzYkhUEKXfs,,"The US Backs Hong Kong! PLUS: China's Nuclear Option, Poland Gold Repatriation, and Repo Update",not retrieved
cbF8epVytBo,,The World Has Gone Mad and the System Is Broken! | Is Ray Dalio Betting on a Market Crash?,not retrieved
fHznmCisvtY,,What Are Options? | One Minute Heretic,not retrieved
v-K1BuLWI3o,,4 Gift Ideas That Pay! Christmas Shopping Guide for the Financially Educated,not retrieved
fXfyWKybMBc,,5 Ways to Prepare for the Recession If You're Broke,not retrieved
Op22Uk_bLCI,,Why I Gave Up $150k+ to Start My Own Business | Heresy Financial: Origins,not retrieved
-57ZKh6Gx3I,,Is Wealth a Zero-Sum Game? | One Minute Heretic,not retrieved
RbgLhJnYRK4,,Billionaire Rant! Wealth Hoarding Myths Debunked,not retrieved
8fUb1EXJ1zU,,The Truth About Bitcoin,not retrieved
8KpTKxe69wA,,Is Buy and Hold Dead? The Passive Investing Scam,not retrieved
v5CYLHoBDho,,What Is Fiscal Policy? | One Minute Heretic,not retrieved
o_16_VD6GUY,,The Real Reasons Behind $13 Trillion in Negative Yield Debt,not retrieved
3i72aX2WMrk,,The 3 Worst Financial Mistakes I've Ever Made,not retrieved
gFsSwjMo464,,What Is Monetary Policy? | One Minute Heretic,not retrieved
p3KBRMg4QfE,,How Do Low Rates Stimulate the Economy?,not retrieved
2AskD8V3ODE,,US National Debt - Trick or Treat?,not retrieved
dwDNllmIaVo,,Fed Cut Interest Rates Again... What Are They Hiding?,not retrieved
SQYvEYb7Pjs,,Pre FOMC Meeting Prediction,not retrieved
YnoJnmQvAoM,,The Shadow Banking System Exposed and Explained,not retrieved
-a_M7Vlf1q4,,What Should I Do With All My Cash?,not retrieved
PwF3uVOdxAY,,The Number One Key to Designing a Rock-Solid Investment Portfolio,not retrieved
Yh9vBJWSzbM,,Gamma Trap: Pension Funds Risk Blow-Up and Prop Up Stock Market,not retrieved
dRP16NwmqFs,,Fed Ushering In Stagflation,not retrieved
93cFnErT4BM,,The Truth About the Fed's Recent Announcement,not retrieved
wHR8Hifu2Mc,,Americans are Not Ready for a Recession,not retrieved
owZQ_vYXyN8,,Why Did Bad News Make Stocks Go Up? | This Week Recap,not retrieved
vPyLxSRVB3w,,Is Everything A Bubble? | The Single Source - and danger - of All These Asset Bubbles,not retrieved
PCwiPgIGSmk,,"The Problem With Graham Stephan, Robinhood, and Schwab | Free Isn't Free",not retrieved
k8DrfQJ7O6g,,Cash Infusions Continue | Fed Repo Operations Signal Systemic Trouble,not retrieved
xaXAPqMZ6ck,,Could This be the Foreshock Before the Earthquake? | Recent Repo Spike Explained,not retrieved
p_q0XGQyR8g,,"Giving Is Great | Money Books For Babies, Volume 2",not retrieved
6eZzGnZn5Ds,,Are Savers Losers? | Why You Shouldn't Hold Cash for the Crash,not retrieved
UXcD13p7qRk,,How to Actually Buy Gold | Pros and Cons of Top 3 Methods,not retrieved
jUS_HR9BIfk,,How UBI Steals from the POOR and Gives to the RICH | Everything Wrong With Universal Basic Income,not retrieved
KhnQn-u126c,,Apple Huge Move With $210 Billion!!!,not retrieved
gFKmoEuNwEk,,Could Index Funds Cause The Next Crash?,not retrieved
YbROoPD2UkA,,Technical Analysis - What it is and how to use it,not retrieved
tkglw41rmIU,,The Truth About New Cars vs Old Cars,not retrieved
DkOMGW30T0w,,Are Taxes Important? The Real Reasons Behind The Tax Code,not retrieved
2Ep9BFqozLw,,"Learn, Control, Protect | The Foundation of Financial Success",not retrieved
JvHUloFygAw,,How Will The Crash Impact Real Estate?,not retrieved
QfvMZrH8i9s,,Why Dave Ramsey Is WRONG - And Right? - About Gold,not retrieved
jfA8P1h6XJc,,The Absolute Beginner's Guide to Start Investing | Podcast,not retrieved
ALgXVQr1Qt4,,What is an Investment? | Clip,not retrieved
7uXf9yMYbgY,,What Is A Liability? | Clip,not retrieved
kfZ9vLf5BFg,,What Is Speculation? | Clip,not retrieved
kFuxyqFMJr0,,What Is Money | Clip,not retrieved
sjqN7xYmTUI,,Three Things Commonly Mistaken For Investments,not retrieved
JRkI5_AItIo,,"Yield Curve Inversion, Market Crash, and Risk in Bonds | Facebook Livestream",not retrieved
iP5oZcB1_UM,,What is the Yield Curve? | Quickly Explained,not retrieved
XzmCYAnIrnk,,The Lindy Effect | Why Gold Will Outlast Dollars,not retrieved
MfGFtuBHK18,,Inflation Explained Simply,not retrieved
4pAqXT-8J9w,,Deflation Explained Simply,not retrieved
5WuDhHxE7FE,,Introduction to Heresy Financial,not retrieved
